"","X","carat","cut","color","clarity","depth","table","price","x","y","z"
"1",8381,0.31,"Ideal","F","VS2",62.2,56,583,4.36,4.39,2.72
"2",25425,1.51,"Very Good","F","VS2",62.5,58,14165,7.21,7.36,4.55
"3",45561,0.53,"Good","F","VS1",64.2,56,1688,5.11,5.14,3.29
"4",49821,0.61,"Ideal","G","VS1",60.9,57,2167,5.46,5.5,3.34
"5",20652,1.25,"Very Good","G","VS2",62.2,57,8941,6.84,6.88,4.27
"6",30976,0.37,"Premium","F","VS2",60.6,58,746,4.63,4.67,2.82
"7",37855,0.4,"Ideal","D","VS1",60.6,56,1003,4.78,4.82,2.91
"8",26331,2,"Very Good","H","SI1",60.1,61,15840,8.1,8.13,4.88
"9",15351,1.27,"Very Good","H","SI1",63.2,56,6162,6.92,6.88,4.36
"10",39097,0.41,"Ideal","I","VVS2",61.7,56,1061,4.8,4.77,2.95
"11",26919,2.04,"Premium","I","SI1",62.2,57,16942,8.14,8.07,5.04
"12",24494,2,"Very Good","J","SI1",60.8,58,12768,7.99,8.07,4.88
"13",27583,2.26,"Premium","H","SI1",60.3,58,18426,8.56,8.51,5.15
"14",5176,1.04,"Premium","I","SI2",62,57,3774,6.53,6.47,4.03
"15",36161,0.38,"Ideal","G","VVS2",61.5,55.2,929,4.67,4.71,2.89
"16",2754,0.9,"Very Good","H","SI2",59.6,59,3250,6.38,6.24,3.76
"17",29436,0.38,"Very Good","H","VS2",62.8,55,700,4.64,4.66,2.92
"18",50938,0.51,"Very Good","E","VVS2",61.8,56,2320,5.13,5.16,3.18
"19",13988,1.23,"Premium","F","SI2",61.7,57,5695,6.89,6.86,4.24
"20",19949,1.66,"Good","J","VS2",64.4,54,8496,7.45,7.54,4.83
"21",15645,1,"Ideal","G","VS2",62.3,54,6272,6.42,6.38,3.99
"22",17228,1.5,"Premium","I","SI1",62.3,58,6888,7.33,7.22,4.53
"23",38727,0.4,"Ideal","G","VVS1",62.3,54,1043,4.75,4.76,2.96
"24",10863,1.02,"Very Good","H","SI1",61.2,57,4875,6.47,6.53,3.98
"25",28871,0.32,"Premium","F","SI1",59.3,58,684,4.5,4.47,2.66
"26",15640,1,"Premium","E","VS2",62.8,62,6272,6.29,6.26,3.94
"27",48432,0.7,"Ideal","J","SI1",62.3,57,1974,5.69,5.71,3.55
"28",31077,0.33,"Very Good","G","VVS2",61.9,58,752,4.39,4.43,2.73
"29",48097,0.51,"Ideal","G","VVS1",61.6,56,1933,5.12,5.16,3.17
"30",8146,0.96,"Ideal","G","SI1",62.6,57,4355,6.28,6.24,3.92
"31",45504,0.54,"Ideal","I","VVS1",62.7,57,1681,5.22,5.14,3.25
"32",17544,1.14,"Ideal","H","VS2",62,55,7059,6.71,6.72,4.16
"33",19375,0.27,"Premium","E","VVS1",60.6,58,622,4.18,4.2,2.54
"34",16355,0.3,"Premium","H","VS2",62.7,59,608,4.27,4.22,2.66
"35",26756,2.01,"Ideal","I","SI1",61.4,57,16562,8.13,8.19,5.01
"36",33673,0.41,"Premium","H","SI2",62.2,56,836,4.8,4.72,2.96
"37",30408,0.34,"Ideal","D","VS2",60.8,57,730,4.52,4.56,2.76
"38",12685,1.01,"Good","F","SI1",63.9,59,5309,6.29,6.32,4.03
"39",8074,0.91,"Ideal","H","SI1",62,56,4337,6.19,6.22,3.85
"40",32444,0.43,"Premium","F","SI1",61.3,60,792,4.83,4.86,2.97
"41",51013,0.74,"Ideal","I","SI1",62.3,57,2327,5.76,5.79,3.6
"42",52790,0.72,"Ideal","F","VS2",61.9,54,2568,5.77,5.74,3.56
"43",15158,1.28,"Premium","H","SI2",60.2,58,6093,7.13,7.03,4.26
"44",1346,0.63,"Ideal","D","VVS2",62.6,56,2962,5.47,5.49,3.43
"45",42377,0.43,"Ideal","E","VVS2",62,57,1304,4.87,4.84,3.01
"46",36440,0.31,"Ideal","D","VS2",62.1,54,942,4.41,4.35,2.72
"47",18423,1.52,"Ideal","H","SI1",62,56,7491,7.38,7.32,4.56
"48",31047,0.34,"Premium","D","SI1",62,58,750,4.47,4.43,2.76
"49",14918,1.13,"Premium","H","VS1",58.9,58,6005,6.81,6.78,4
"50",11101,0.82,"Ideal","F","VS2",61.3,56,4931,6.02,6.05,3.7
"51",38901,0.33,"Ideal","E","VVS1",61.2,56,1052,4.51,4.45,2.74
"52",41101,0.5,"Good","I","VS1",61.2,61,1193,5.03,5.06,3.09
"53",15503,1.2,"Good","F","VS1",64,56,6209,6.63,6.58,4.23
"54",44536,0.5,"Ideal","E","VS1",62.2,57,1603,5.1,5.13,3.18
"55",18265,1.51,"Good","J","VS2",62.8,59,7418,7.17,7.2,4.51
"56",20783,1.6,"Premium","H","SI1",62.1,60,9017,7.54,7.49,4.66
"57",45182,0.51,"Ideal","G","VS1",62.7,56,1656,5.08,5.1,3.19
"58",24134,1.52,"Premium","E","SI1",62.5,59,12305,7.26,7.33,4.56
"59",5375,0.3,"Premium","G","SI1",62.7,58,574,4.27,4.22,2.66
"60",34987,0.34,"Premium","F","VS2",62.6,58,880,4.49,4.46,2.8
"61",16347,1.03,"Very Good","G","VS1",63,56,6539,6.43,6.46,4.06
"62",49182,0.72,"Premium","I","VVS2",62,56,2074,5.75,5.73,3.56
"63",31979,0.26,"Very Good","F","VS2",62.9,59,453,4.04,4.07,2.55
"64",41514,0.44,"Ideal","G","VVS1",61.8,55,1235,4.86,4.91,3.02
"65",48791,0.55,"Ideal","G","VVS2",62.5,56,2022,5.22,5.25,3.27
"66",13530,1.1,"Premium","H","SI1",59.6,58,5544,6.79,6.74,4.03
"67",38938,0.4,"Ideal","E","VS1",61.6,56,1053,4.73,4.78,2.93
"68",32604,0.31,"Premium","F","VS2",59.7,60,802,4.42,4.39,2.63
"69",42685,0.5,"Very Good","H","VS2",62.3,56,1337,5.06,5.11,3.17
"70",43220,0.4,"Ideal","E","VVS1",62.6,56,1397,4.73,4.7,2.95
"71",7391,0.33,"Very Good","E","SI1",62,60,579,4.38,4.43,2.73
"72",53796,0.62,"Ideal","E","VS1",61.3,56,2731,5.52,5.54,3.39
"73",29357,0.31,"Very Good","G","VS2",63.1,58,698,4.35,4.3,2.73
"74",9802,0.9,"Very Good","G","VVS2",62.6,55,4668,6.12,6.19,3.85
"75",5993,1.16,"Ideal","J","SI1",60.7,57,3955,6.77,6.83,4.13
"76",46222,0.5,"Premium","D","VS2",61.9,58,1752,5.04,5.1,3.14
"77",34337,0.3,"Ideal","E","VVS1",62.2,57,862,4.28,4.31,2.67
"78",37967,0.41,"Very Good","F","VS1",60.8,58,1007,4.76,4.82,2.91
"79",21774,1.3,"Very Good","G","VS1",62.5,57,9837,6.92,6.96,4.34
"80",7409,0.33,"Premium","G","VS2",60,58,579,4.47,4.49,2.69
"81",14886,1.01,"Ideal","G","VS2",61.7,57,5995,6.48,6.45,3.99
"82",8275,0.9,"Good","H","VVS1",64.3,59,4381,6.04,6.09,3.9
"83",52064,0.7,"Very Good","E","SI2",62.8,59,2453,5.64,5.69,3.56
"84",38943,0.31,"Premium","H","VS2",61.3,60,489,4.32,4.36,2.66
"85",48910,0.54,"Ideal","G","VVS1",61.6,55,2041,5.22,5.24,3.22
"86",25715,2.02,"Very Good","I","VS2",58.8,57,14620,8.21,8.29,4.85
"87",36282,0.32,"Premium","G","SI1",61.6,58,477,4.36,4.4,2.7
"88",27115,1.8,"Very Good","E","SI1",62.2,57,17273,7.81,7.89,4.88
"89",49841,0.59,"Ideal","G","VVS2",62.2,56,2169,5.35,5.39,3.34
"90",5825,1,"Premium","H","SI1",62.9,60,3915,6.36,6.32,3.99
"91",26724,0.32,"Good","F","VS2",63.4,57,645,4.32,4.36,2.75
"92",43311,0.51,"Premium","F","VS2",60.7,59,1402,5.16,5.19,3.14
"93",28197,0.4,"Very Good","E","SI2",62.9,58,666,4.7,4.74,2.97
"94",11443,0.72,"Ideal","F","VVS1",60.8,56,5006,5.81,5.83,3.54
"95",2813,0.7,"Very Good","F","VS1",62.8,56,3265,5.64,5.66,3.55
"96",11199,1.07,"Ideal","I","SI1",62,55,4958,6.56,6.6,4.08
"97",8041,0.39,"Good","J","VS2",63.3,56,581,4.6,4.63,2.92
"98",15669,1,"Very Good","E","VS2",64,59,6285,6.22,6.31,4.01
"99",345,0.8,"Very Good","E","SI2",62.5,56,2804,5.88,5.96,3.7
"100",11627,1.13,"Premium","H","SI1",60.9,59,5050,6.79,6.7,4.11
"101",26565,1.2,"Ideal","E","VVS1",61.8,56,16256,6.78,6.87,4.22
"102",976,0.82,"Very Good","G","SI1",63.4,55,2893,6,5.93,3.78
"103",40354,0.43,"Ideal","G","VVS2",61.4,55,1129,4.88,4.83,2.98
"104",24346,2.1,"Very Good","I","SI2",60.6,60,12612,8.29,8.33,5.04
"105",24963,1.71,"Ideal","H","VS2",62.5,57,13445,7.59,7.63,4.76
"106",35330,0.4,"Ideal","E","VS1",62.1,55,898,4.75,4.79,2.96
"107",17803,1,"Very Good","G","VVS2",63,56,7177,6.37,6.4,4.02
"108",28013,0.3,"Premium","E","VS2",61.9,59,658,4.29,4.33,2.67
"109",16921,1.41,"Premium","J","VS2",62.7,56,6754,7.2,7.16,4.5
"110",34986,0.46,"Premium","I","SI2",60.3,62,880,4.95,4.9,2.97
"111",33724,0.42,"Very Good","D","SI2",63.1,56,838,4.8,4.74,3.01
"112",28049,0.3,"Very Good","E","VS1",63.4,55,660,4.26,4.29,2.71
"113",36317,0.32,"Premium","G","VVS2",60.2,60,936,4.45,4.42,2.67
"114",41957,0.23,"Very Good","E","VVS2",61.2,60,505,3.97,4,2.44
"115",34027,0.44,"Premium","D","SI1",61.9,59,849,4.86,4.9,3.02
"116",3565,0.86,"Fair","G","VS2",66.5,54.1,3418,5.89,5.97,3.94
"117",43849,0.5,"Good","F","VS2",62.8,61,1447,4.94,5,3.12
"118",40759,0.4,"Premium","F","VVS2",60.7,58,1163,4.75,4.7,2.87
"119",1096,0.8,"Premium","E","SI1",61.2,60,2912,5.97,5.95,3.65
"120",11126,1,"Ideal","F","SI1",62.4,55,4939,6.45,6.37,4
"121",37437,0.33,"Ideal","G","IF",61.7,55,984,4.45,4.47,2.75
"122",12823,1.02,"Premium","G","VS2",61.5,59,5346,6.45,6.4,3.95
"123",40436,0.55,"Good","E","SI1",63.3,54,1138,5.21,5.24,3.31
"124",13207,1.11,"Ideal","H","SI1",61.6,56,5456,6.69,6.65,4.11
"125",52636,0.24,"Very Good","F","VVS2",62.2,58,552,3.97,4.01,2.48
"126",28434,0.3,"Ideal","E","VS1",61.9,56,670,4.28,4.31,2.66
"127",2530,0.7,"Ideal","G","VVS2",60.8,56,3205,5.75,5.79,3.51
"128",341,0.71,"Very Good","G","VS1",63.5,55,2803,5.66,5.64,3.59
"129",34877,0.3,"Very Good","G","VVS2",63.1,56,878,4.23,4.2,2.66
"130",12194,1.01,"Ideal","H","SI1",62.1,59,5189,6.38,6.43,3.98
"131",24226,1.52,"Premium","E","SI1",62.5,59,12418,7.33,7.26,4.56
"132",49741,0.59,"Ideal","G","VVS2",62.3,56,2155,5.34,5.39,3.34
"133",32747,0.36,"Ideal","F","VS1",61.5,55,803,4.57,4.61,2.82
"134",41139,0.5,"Good","G","SI1",63.9,57,1197,5.02,5.06,3.22
"135",7932,1.08,"Premium","G","SI2",60.7,60,4318,6.64,6.61,4.02
"136",8773,1.01,"Good","D","SI2",65.1,57,4468,6.27,6.32,4.1
"137",23739,1.83,"Very Good","F","SI1",63.2,56,11782,7.78,7.73,4.9
"138",53915,0.84,"Good","I","VS1",63.7,59,2753,5.94,5.9,3.77
"139",14471,1,"Fair","F","VS2",64.9,56,5840,6.26,6.31,4.08
"140",28693,0.31,"Very Good","F","VS1",59.7,55,679,4.42,4.46,2.65
"141",30739,0.43,"Good","E","SI1",63.4,57,739,4.81,4.84,3.06
"142",11084,1,"Fair","F","SI1",62.6,59,4925,6.25,6.3,3.93
"143",4200,1.01,"Very Good","F","SI2",63.4,60,3563,6.33,6.26,3.99
"144",1519,0.74,"Ideal","I","VS2",61.9,55,2997,5.8,5.83,3.6
"145",5509,1.08,"Very Good","F","SI2",63.4,55,3847,6.53,6.5,4.13
"146",42429,0.41,"Very Good","F","IF",61.6,58,1313,4.75,4.79,2.94
"147",35823,0.31,"Ideal","F","IF",60.9,56,914,4.37,4.4,2.67
"148",50960,0.51,"Premium","E","VVS1",61.4,60,2323,5.11,5.05,3.12
"149",48393,0.72,"Ideal","J","SI1",62.6,56,1966,5.67,5.74,3.57
"150",29097,0.36,"Premium","D","SI2",61.2,59,689,4.59,4.56,2.8
"151",43203,0.5,"Very Good","D","SI1",62.8,61,1395,5.04,5.08,3.18
"152",40601,0.32,"Very Good","F","SI1",60.7,62,497,4.4,4.43,2.68
"153",19385,1.55,"Premium","J","VS2",60.7,59,8055,7.5,7.47,4.54
"154",14289,1,"Good","E","SI1",61.6,62,5784,6.35,6.42,3.93
"155",50630,0.23,"Very Good","D","VS2",63.1,58,402,3.91,3.95,2.48
"156",369,0.7,"Very Good","F","VS1",62,57,2808,5.64,5.71,3.52
"157",21436,1.52,"Ideal","J","VVS2",62.6,58,9541,7.32,7.34,4.59
"158",12751,1,"Very Good","D","SI1",63.2,59,5320,6.29,6.4,4.01
"159",42850,0.41,"Ideal","F","VVS1",62.3,55,1356,4.79,4.74,2.97
"160",15202,1.01,"Premium","D","VS2",59.2,56,6108,6.48,6.43,3.82
"161",8602,1.03,"Good","D","SI1",64.3,58,4441,6.31,6.28,4.05
"162",35066,0.51,"Ideal","J","SI2",62.1,56,885,5.1,5.14,3.18
"163",2864,0.73,"Ideal","E","VS2",61.9,55,3275,5.76,5.8,3.57
"164",41016,0.51,"Good","F","SI1",64,57,1186,5.01,5.06,3.22
"165",32073,0.32,"Good","E","VS2",57,60,780,4.6,4.53,2.6
"166",8046,0.25,"Ideal","G","VVS1",61.7,56,582,4.05,4.07,2.51
"167",39820,0.38,"Ideal","E","VS1",62.1,57,1097,4.65,4.62,2.88
"168",4573,0.76,"Ideal","G","VS1",61.3,54,3648,5.88,5.94,3.62
"169",5160,0.9,"Good","F","SI2",58,57,3770,6.34,6.41,3.7
"170",40226,0.4,"Premium","D","VS1",62.5,60,1123,4.66,4.72,2.93
"171",303,0.82,"Ideal","F","SI2",62.4,54,2799,5.97,6.02,3.74
"172",5791,1.02,"Premium","G","SI2",60.7,56,3904,6.56,6.51,3.97
"173",50698,0.53,"Ideal","F","VVS2",62.1,56,2290,5.22,5.15,3.22
"174",3606,1,"Fair","J","SI1",64.9,58,3427,6.29,6.23,4.06
"175",44302,0.53,"Very Good","F","VS2",63.2,58,1578,5.13,5.16,3.25
"176",46123,0.72,"Ideal","F","SI2",62,57,1743,5.68,5.64,3.51
"177",27114,1.86,"Very Good","H","VVS2",58.6,62,17267,8.07,8.14,4.75
"178",9674,1.01,"Fair","G","SI1",60.4,62,4646,6.31,6.34,3.82
"179",39488,0.41,"Ideal","E","VS1",62.7,55,1079,4.72,4.76,2.97
"180",31437,0.3,"Ideal","H","IF",62,55,764,4.33,4.35,2.69
"181",2042,0.32,"Ideal","I","VVS2",61.5,56,561,4.4,4.42,2.71
"182",15298,1.29,"Premium","I","SI1",62.1,57,6140,7.03,6.92,4.33
"183",3130,0.9,"Premium","G","SI1",60.1,59,3326,6.25,6.2,3.74
"184",29895,0.3,"Premium","D","VS2",60.4,59,710,4.32,4.35,2.62
"185",7372,1.03,"Ideal","J","SI1",62.1,55,4221,6.46,6.51,4.03
"186",35507,0.41,"Ideal","E","SI1",62.8,57,904,4.75,4.71,2.97
"187",9390,0.32,"Good","D","SI1",63.2,54,589,4.36,4.38,2.76
"188",36452,0.31,"Ideal","D","VS2",62,55,942,4.35,4.33,2.69
"189",31994,0.3,"Premium","F","VS2",62.8,58,776,4.28,4.25,2.68
"190",31217,0.32,"Ideal","D","SI1",62.6,55,756,4.39,4.36,2.74
"191",20974,1.18,"Premium","G","VVS2",58.2,62,9188,6.92,6.89,4.02
"192",35140,0.39,"Premium","E","VS2",61.4,58,889,4.68,4.73,2.89
"193",9554,1.1,"Premium","I","SI1",62,59,4620,6.59,6.54,4.07
"194",24582,2.08,"Premium","G","SI2",62.2,60,12883,8.16,8.09,5.06
"195",16164,1.22,"Ideal","I","VS1",62.3,54,6459,6.82,6.86,4.26
"196",2575,0.71,"Ideal","D","VS2",62.7,57,3212,5.7,5.75,3.59
"197",21768,1.51,"Good","E","SI2",63.2,56,9833,7.26,7.32,4.61
"198",44498,0.51,"Ideal","G","VS1",61.4,54,1599,5.15,5.18,3.17
"199",14839,1.2,"Premium","G","VS1",62.9,59,5975,6.75,6.69,4.23
"200",52348,0.55,"Ideal","E","VVS2",61.4,56,2499,5.28,5.31,3.25
"201",213,0.71,"Ideal","F","VS2",62.1,54,2780,5.68,5.72,3.54
"202",785,0.71,"Premium","D","SI1",60.7,58,2861,5.95,5.78,3.56
"203",34848,0.3,"Ideal","G","VVS2",61.5,56,878,4.34,4.31,2.66
"204",50584,0.7,"Very Good","G","SI1",62.7,55,2281,5.63,5.66,3.54
"205",15087,1.05,"Very Good","D","SI1",59.3,58,6063,6.68,6.74,3.98
"206",41986,0.51,"Premium","D","SI2",62,58,1264,5.08,5.12,3.16
"207",35113,0.3,"Ideal","F","IF",62,56,886,4.31,4.33,2.68
"208",20299,1.2,"Very Good","G","VVS2",62.4,56,8712,6.68,6.74,4.19
"209",19814,1.6,"Very Good","F","SI2",60.5,60,8377,7.52,7.55,4.56
"210",25617,1.51,"Ideal","E","VS2",61.7,55,14482,7.37,7.34,4.54
"211",25160,1.54,"Premium","G","VS1",61.9,59,13733,7.37,7.34,4.55
"212",50239,0.51,"Ideal","E","VS1",61.4,56,2233,5.14,5.16,3.16
"213",22015,1.5,"Ideal","I","VS1",61.3,57,10080,7.35,7.32,4.5
"214",6527,0.9,"Very Good","D","SI1",61.8,61,4068,6.16,6.2,3.82
"215",51110,0.72,"Ideal","E","SI2",61.7,57,2337,5.72,5.78,3.55
"216",32577,0.41,"Very Good","F","SI1",62.4,60,801,4.73,4.75,2.96
"217",39971,0.5,"Very Good","F","SI1",63.2,58,1106,5.08,5.04,3.2
"218",20857,1.57,"Very Good","H","SI2",58.6,62,9077,7.71,7.64,4.5
"219",45175,0.53,"Ideal","F","VS2",61.2,56,1655,5.22,5.25,3.2
"220",22278,1.56,"Premium","H","VS2",62.4,58,10331,7.44,7.39,4.63
"221",50680,0.7,"Very Good","I","VS1",62.7,58,2288,5.61,5.65,3.53
"222",23457,1.53,"Very Good","H","VS2",60.9,63,11452,7.37,7.41,4.5
"223",50209,0.75,"Very Good","H","SI2",61.9,56,2228,5.79,5.87,3.61
"224",34187,0.33,"Premium","G","VS1",62.8,58,854,4.41,4.38,2.76
"225",12274,0.92,"Very Good","E","VS1",61.3,57,5210,6.22,6.27,3.83
"226",15953,1,"Very Good","F","VS2",63.3,55,6382,6.34,6.29,4
"227",27510,2.02,"Very Good","H","SI1",59.3,60,18236,8.14,8.21,4.85
"228",4933,0.91,"Fair","D","SI1",64.7,61,3730,6.06,5.99,3.9
"229",7475,1,"Premium","F","SI1",60.8,59,4234,6.45,6.41,3.91
"230",45036,0.54,"Premium","E","SI1",61.6,61,1637,5.23,5.2,3.21
"231",28330,0.33,"Ideal","F","VS2",61.9,55,666,4.43,4.46,2.75
"232",17344,1.18,"Ideal","G","SI1",62,56,6960,6.76,6.79,4.2
"233",29415,0.42,"Very Good","E","SI2",62.9,56,700,4.77,4.8,3.01
"234",35280,0.39,"Ideal","I","IF",62.3,54,895,4.69,4.71,2.93
"235",11353,1.21,"Very Good","H","SI2",61.1,60,4991,6.86,6.91,4.21
"236",13368,0.24,"Very Good","F","VS1",63,59,419,3.93,3.97,2.49
"237",15591,1.24,"Ideal","H","SI1",61.3,57,6254,6.95,6.89,4.24
"238",24798,1.56,"Premium","G","VS2",61.9,58,13178,7.4,7.44,4.59
"239",17790,1,"Premium","E","VS2",61.3,58,7168,6.41,6.38,3.92
"240",43460,0.46,"Very Good","E","VS1",60.3,59.2,1417,4.96,5.02,3.01
"241",11849,0.91,"Premium","E","VS1",60.6,58,5101,6.32,6.25,3.81
"242",7612,0.9,"Premium","E","SI1",62.2,59,4259,6.21,6.16,3.88
"243",12314,1,"Premium","F","SI1",62.3,59,5221,6.44,6.36,3.99
"244",26511,2.01,"Very Good","H","SI2",60.5,61,16140,8.09,8.14,4.91
"245",27033,0.32,"Ideal","G","VS1",61.9,55,645,4.39,4.43,2.73
"246",7862,1.13,"Ideal","I","SI2",61.7,57,4307,6.59,6.7,4.13
"247",24499,1.19,"Ideal","F","VVS1",61.9,57,12776,6.84,6.79,4.22
"248",13541,1.14,"Ideal","G","SI1",62.2,56,5548,6.66,6.69,4.15
"249",41308,0.38,"Ideal","F","IF",62.2,54,1212,4.64,4.69,2.9
"250",43829,0.51,"Good","F","VS2",63.1,59,1444,5.04,5.1,3.2
"251",14553,1,"Premium","D","SI1",59.6,57,5880,6.54,6.44,3.87
"252",974,0.8,"Ideal","G","SI2",62.5,55,2893,5.89,5.92,3.69
"253",36603,0.32,"Ideal","D","SI2",62.6,56,477,4.38,4.4,2.75
"254",5887,1.01,"Premium","E","SI2",59.4,59,3928,6.51,6.49,3.86
"255",9118,1.01,"Premium","F","SI2",61.7,60,4533,6.36,6.42,3.94
"256",2570,0.73,"Premium","F","VS1",60.7,61,3211,5.79,5.75,3.5
"257",44368,0.54,"Ideal","G","VS2",62,54,1580,5.22,5.27,3.25
"258",29966,0.31,"Very Good","H","SI1",61.4,55,446,4.36,4.44,2.7
"259",18967,1.16,"Very Good","F","VS2",60.2,63,7803,6.79,6.7,4.07
"260",32357,0.36,"Very Good","E","VS2",62.8,55,789,4.49,4.56,2.84
"261",36020,0.39,"Premium","J","VVS1",62.8,58,921,4.66,4.61,2.91
"262",32724,0.31,"Premium","F","VS2",61.8,59,802,4.33,4.31,2.67
"263",39890,0.42,"Ideal","F","VS1",61,57,1103,4.87,4.84,2.96
"264",40435,0.36,"Ideal","F","IF",62.2,55,1137,4.57,4.62,2.86
"265",5449,0.9,"Premium","E","SI2",61.7,58,3830,6.18,6.11,3.79
"266",29868,0.3,"Very Good","D","VS2",62.9,61,710,4.27,4.29,2.69
"267",52898,0.81,"Premium","H","SI1",59.1,57,2585,6.16,6.09,3.62
"268",52147,0.72,"Ideal","F","SI1",61.7,55,2470,5.74,5.77,3.55
"269",15542,1.03,"Premium","G","VS2",58.9,59,6229,6.65,6.59,3.9
"270",16303,1.01,"Good","E","VS2",58,60,6522,6.64,6.68,3.86
"271",14098,1.23,"Premium","H","SI2",62,59,5717,6.92,6.88,4.28
"272",38410,0.35,"Premium","G","VVS2",62.4,56,1024,4.53,4.47,2.81
"273",22647,1.51,"Ideal","F","SI1",62.5,57,10693,7.27,7.32,4.56
"274",42691,0.5,"Ideal","E","SI1",61.6,57,1337,5.08,5.11,3.14
"275",14299,1.01,"Very Good","F","SI1",62.3,55,5789,6.38,6.42,3.99
"276",9004,1.07,"Ideal","D","SI2",61.4,56,4513,6.55,6.58,4.03
"277",19514,1.7,"Good","J","VS2",64,58,8146,7.41,7.47,4.76
"278",39134,0.41,"Premium","G","VS2",61.8,59,1061,4.76,4.72,2.93
"279",29125,0.41,"Ideal","F","SI1",62.2,54,690,4.78,4.8,2.98
"280",28539,0.3,"Premium","E","SI1",62.7,60,675,4.28,4.24,2.67
"281",45004,0.57,"Ideal","F","VS2",59.2,57,1637,5.45,5.5,3.24
"282",4441,1,"Good","J","SI1",59.5,61,3616,6.46,6.52,3.86
"283",22613,1.09,"Very Good","F","IF",61.1,58,10663,6.63,6.69,4.07
"284",17315,1.01,"Ideal","G","VS2",62.7,54,6937,6.43,6.47,4.04
"285",17284,1.03,"Ideal","F","VS2",62.3,56,6922,6.52,6.49,4.05
"286",30184,0.31,"Ideal","E","VS1",61.6,55,722,4.39,4.41,2.71
"287",22319,1.31,"Ideal","G","VS1",62,58,10359,6.97,7.02,4.34
"288",49004,0.74,"Premium","I","SI2",61,60,2051,5.8,5.75,3.52
"289",42950,0.3,"Ideal","J","VS1",59.7,57,506,4.4,4.37,2.62
"290",35160,0.32,"Premium","G","IF",61,59,891,4.38,4.41,2.68
"291",50303,0.27,"Very Good","D","VVS1",61,61,544,4.14,4.15,2.53
"292",33763,0.4,"Very Good","G","SI1",63.2,58,840,4.7,4.61,2.94
"293",43500,0.47,"Very Good","D","VS1",59.5,61,1422,5.06,5.03,3.02
"294",21860,1.23,"Ideal","G","VVS2",62.2,56.1,9921,6.8,6.87,4.25
"295",47271,0.5,"Ideal","D","VS2",61.7,56,1844,5.12,5.14,3.16
"296",3689,0.9,"Good","H","SI1",62.8,62,3447,6.05,6.09,3.81
"297",46587,0.55,"Very Good","G","VS1",62,57,1786,5.25,5.3,3.27
"298",40270,0.33,"Ideal","D","SI2",62,57,492,4.45,4.46,2.76
"299",31780,0.42,"Very Good","E","SI1",62.5,55,773,4.8,4.83,3.01
"300",3376,0.24,"Ideal","F","VS2",61.8,57,408,3.97,3.99,2.46
"301",38861,0.4,"Ideal","F","VS1",61.1,56,1050,4.78,4.75,2.91
"302",37664,0.42,"Premium","F","SI1",61.8,58,992,4.84,4.81,2.98
"303",50692,0.53,"Ideal","F","VS2",61.6,56,2290,5.26,5.23,3.23
"304",28401,0.29,"Premium","G","VVS1",62,58,669,4.23,4.19,2.61
"305",26016,0.38,"Very Good","H","VS2",61.5,55,645,4.66,4.67,2.86
"306",5004,0.91,"Ideal","H","VS2",63,56,3743,6.15,6.05,3.84
"307",46026,0.51,"Ideal","F","VS1",61.7,55,1728,5.13,5.17,3.18
"308",25431,1.5,"Premium","E","VS2",62.3,60,14179,7.27,7.2,4.51
"309",4554,0.77,"Very Good","D","VS1",62.4,58,3643,5.82,5.87,3.65
"310",29096,0.36,"Ideal","D","SI2",62,56,689,4.6,4.56,2.84
"311",52287,0.71,"Very Good","G","VS1",63.3,56,2494,5.67,5.64,3.58
"312",45727,0.63,"Ideal","F","SI1",62.6,56,1698,5.53,5.49,3.45
"313",5848,1,"Very Good","G","SI2",63.3,56,3920,6.38,6.29,4.01
"314",46861,0.51,"Good","G","VVS2",58.1,62,1813,5.24,5.3,3.06
"315",37352,0.4,"Very Good","F","VS1",62.9,58,982,4.67,4.71,2.95
"316",12975,1.03,"Very Good","D","SI1",61.8,57,5393,6.49,6.53,4.02
"317",10623,1,"Ideal","E","SI2",61.8,57,4829,6.43,6.39,3.96
"318",10343,1.06,"Very Good","G","SI2",61,57,4769,6.58,6.61,4.02
"319",24616,1.39,"Ideal","G","IF",60.6,55,12943,7.21,7.27,4.39
"320",24383,0.38,"Ideal","F","I1",62.5,57,638,4.64,4.61,2.89
"321",23924,2.01,"Premium","J","SI1",62.3,59,12048,8.03,7.97,4.98
"322",19667,1.5,"Good","J","VVS2",63.3,57,8276,7.25,7.28,4.6
"323",21307,1.35,"Ideal","H","VS2",60.8,56,9462,7.13,7.17,4.35
"324",9091,0.9,"Ideal","D","SI1",62.1,57,4523,6.18,6.25,3.86
"325",42704,0.52,"Good","F","SI1",63.8,56,1338,5.12,5.07,3.25
"326",13451,1.03,"Premium","H","VS1",62.5,59,5523,6.43,6.47,4.03
"327",18547,1.5,"Premium","E","SI2",61.1,58,7560,7.34,7.31,4.47
"328",20807,1.58,"Very Good","G","SI2",60,53,9037,7.59,7.64,4.57
"329",47900,0.54,"Ideal","G","VVS2",61.7,57,1914,5.23,5.26,3.23
"330",35348,0.38,"Ideal","E","SI1",61.9,55,898,4.7,4.64,2.89
"331",42628,0.32,"Very Good","H","VS2",62.3,57,505,4.37,4.39,2.73
"332",14568,1.04,"Premium","F","SI1",59.5,60,5882,6.62,6.59,3.93
"333",24247,1.37,"Ideal","G","VVS1",62.6,55,12455,7.12,7.07,4.44
"334",27754,0.32,"Ideal","I","VS1",62.3,57,648,4.42,4.37,2.74
"335",27700,0.32,"Ideal","F","SI1",61.6,55,648,4.41,4.45,2.73
"336",28924,0.3,"Ideal","H","VVS1",61.9,55,684,4.32,4.34,2.68
"337",49002,0.67,"Premium","G","VS2",61,57,2050,5.68,5.63,3.45
"338",28046,0.29,"Very Good","G","VS1",58.1,59,660,4.39,4.42,2.56
"339",36010,0.39,"Good","F","SI1",63.6,58,921,4.65,4.6,2.94
"340",43630,0.43,"Premium","G","IF",61.1,58,1433,4.86,4.89,2.98
"341",48517,0.58,"Ideal","E","VS2",61.9,57,1984,5.37,5.33,3.31
"342",13526,1,"Premium","E","SI1",61.9,60,5544,6.46,6.37,3.97
"343",41856,0.61,"Premium","G","SI1",60.8,60,1255,5.42,5.42,3.31
"344",3507,0.76,"Ideal","E","SI1",61.2,56,3401,5.88,5.91,3.61
"345",51686,0.55,"Very Good","E","VVS2",60.4,56,2399,5.36,5.38,3.24
"346",28207,0.38,"Ideal","G","SI1",61.3,56,666,4.63,4.67,2.85
"347",29587,0.32,"Ideal","D","VS1",60.4,56,706,4.44,4.46,2.69
"348",24423,1.73,"Premium","I","VS1",62.2,59,12674,7.65,7.62,4.75
"349",572,0.7,"Ideal","D","VS2",61,57,2833,5.74,5.76,3.51
"350",16059,1.02,"Premium","G","VS2",62.5,58,6416,6.46,6.41,4.02
"351",39329,0.34,"Premium","G","VVS1",59,62,1071,4.6,4.56,2.7
"352",24192,1.6,"Very Good","H","VS1",61.2,58.6,12378,7.48,7.63,4.62
"353",36380,0.44,"Ideal","H","SI1",61.9,57,941,4.92,4.9,3.04
"354",16588,1.01,"Good","F","VS1",61.8,57,6626,6.34,6.44,3.95
"355",44349,0.56,"Ideal","E","SI1",61.7,56,1580,5.3,5.33,3.28
"356",19216,1.25,"Very Good","F","SI1",61.4,56,7956,6.91,6.94,4.25
"357",18261,1.21,"Very Good","G","VS2",63.1,60,7416,6.72,6.66,4.22
"358",18439,1.08,"Premium","F","VS2",62.1,59,7501,6.54,6.59,4.08
"359",5068,0.3,"Premium","G","SI1",61.4,57,574,4.35,4.31,2.66
"360",7008,0.9,"Good","H","VS2",61.5,61,4156,6.15,6.24,3.81
"361",19290,1.52,"Premium","I","SI2",59.8,62,8010,7.47,7.41,4.45
"362",23531,1.23,"Premium","F","VVS2",61.6,59,11534,6.9,6.8,4.22
"363",48389,0.5,"Good","G","VVS1",63.3,56,1966,5.07,5.1,3.22
"364",36932,0.24,"Very Good","F","VVS1",59.4,60,478,4.04,4.08,2.41
"365",43934,0.31,"Ideal","H","VS2",61.2,59,515,4.36,4.4,2.68
"366",11916,1.07,"Premium","H","SI1",60.4,59,5123,6.65,6.62,4.01
"367",51679,0.72,"Ideal","H","SI1",58.9,56,2398,5.91,5.88,3.47
"368",49233,0.7,"Ideal","I","SI1",59.9,59,2083,5.75,5.8,3.46
"369",44754,0.51,"Ideal","D","SI1",62.6,57,1619,5.11,5.08,3.19
"370",47714,0.54,"Very Good","D","VS2",60.5,59,1885,5.24,5.28,3.18
"371",11119,1.27,"Ideal","G","SI2",58.8,56,4936,7.16,7.06,4.18
"372",46023,0.57,"Ideal","E","VS2",61.6,56,1728,5.34,5.38,3.3
"373",25020,2.02,"Very Good","G","SI2",63.2,54,13554,7.96,7.82,4.99
"374",28458,0.32,"Very Good","G","VVS2",61.9,57,672,4.39,4.41,2.73
"375",20497,1.59,"Premium","H","SI1",61,58,8829,7.58,7.51,4.6
"376",29561,0.33,"Premium","F","SI1",59.9,61,705,4.47,4.44,2.67
"377",25937,2.12,"Premium","I","SI2",60.6,59,15097,8.27,8.3,5.02
"378",20940,1.1,"Ideal","G","VVS2",61.7,56,9148,6.67,6.63,4.1
"379",43917,0.36,"Ideal","J","VS1",61.7,53.7,513,4.58,4.62,2.84
"380",30779,0.3,"Premium","D","VVS2",60.7,59,741,4.33,4.34,2.63
"381",882,0.9,"Premium","J","SI1",61.8,58,2873,6.16,6.13,3.8
"382",15751,1.25,"Premium","I","VS2",61.2,58,6300,6.94,6.89,4.23
"383",44556,0.52,"Premium","F","VS2",61.4,62,1605,5.19,5.16,3.18
"384",36156,0.33,"Ideal","E","VS2",62.3,57,928,4.43,4.37,2.74
"385",40478,0.53,"Premium","E","SI2",60.5,60,1141,5.21,5.24,3.16
"386",45733,0.56,"Ideal","E","VS2",62.8,57,1699,5.21,5.23,3.28
"387",44369,0.51,"Ideal","F","SI1",61.5,55,1580,5.13,5.18,3.17
"388",24465,1.53,"Ideal","H","VVS2",61.9,57,12731,7.35,7.39,4.56
"389",37499,0.53,"Premium","E","SI2",62.2,57,984,5.2,5.16,3.22
"390",28243,0.33,"Premium","G","VS1",61.8,59,666,4.39,4.45,2.73
"391",18489,1.01,"Very Good","G","VVS2",63,61,7528,6.34,6.36,4
"392",315,0.76,"Fair","G","VS1",59,70,2800,5.89,5.8,3.46
"393",16470,1.2,"Very Good","G","VS2",63.3,57,6580,6.69,6.64,4.22
"394",13213,1.16,"Premium","I","VS1",60.4,59,5457,6.89,6.82,4.14
"395",38772,0.31,"Premium","E","VVS2",61.4,58,1046,4.36,4.33,2.67
"396",17052,0.4,"Ideal","I","SI2",61.3,56,612,4.76,4.79,2.93
"397",41118,0.4,"Ideal","F","VVS2",61.6,56,1196,4.73,4.77,2.93
"398",50195,0.91,"Good","E","I1",57.7,63,2225,6.3,6.35,3.65
"399",5635,0.95,"Premium","I","SI1",60,60,3878,6.39,6.37,3.83
"400",46352,0.51,"Ideal","E","VS1",60.9,56,1759,5.16,5.22,3.16
"401",12026,1.11,"Premium","E","SI2",62.6,59,5152,6.71,6.65,4.18
"402",28237,0.33,"Ideal","F","VS2",62.3,56,666,4.43,4.46,2.77
"403",29359,0.31,"Premium","G","VS2",61.7,59,698,4.34,4.31,2.67
"404",7470,1,"Very Good","F","SI1",63.1,59,4234,6.29,6.22,3.95
"405",23479,1.28,"Very Good","G","VVS2",59.5,56,11478,7.12,7.16,4.25
"406",16880,1.01,"Ideal","G","VS2",61,56,6734,6.47,6.51,3.96
"407",50,0.29,"Very Good","H","SI2",60.7,60,404,4.33,4.37,2.64
"408",48426,0.51,"Premium","F","VS1",61.7,58,1971,5.11,5.07,3.14
"409",13891,1.23,"Premium","G","VS2",61.6,58,5654,6.91,6.85,4.24
"410",42476,0.51,"Very Good","E","SI1",62.2,55,1318,5.09,5.11,3.17
"411",8138,1.01,"Very Good","F","SI2",63.4,56,4355,6.4,6.34,4.04
"412",40158,0.35,"Ideal","G","IF",61.8,55,1116,4.56,4.54,2.81
"413",27817,0.34,"Ideal","G","SI1",61.2,57,650,4.56,4.53,2.78
"414",46833,0.55,"Ideal","F","VS1",61.3,57,1809,5.25,5.28,3.23
"415",48886,0.7,"Good","E","SI1",65,57,2038,5.53,5.58,3.61
"416",224,0.75,"Very Good","D","SI2",63.1,58,2782,5.78,5.73,3.63
"417",49995,0.58,"Premium","E","VS1",61.8,55,2192,5.39,5.35,3.32
"418",9510,0.9,"Premium","D","SI1",62.2,58,4612,6.18,6.11,3.82
"419",49035,0.7,"Ideal","I","SI1",61.9,58,2054,5.67,5.7,3.52
"420",31684,0.26,"Ideal","E","VVS1",61.7,57,769,4.1,4.07,2.52
"421",48557,0.53,"Ideal","G","VVS1",62.1,54,1990,5.2,5.23,3.24
"422",28378,0.24,"Premium","D","VVS2",58.8,58,668,4.08,4.05,2.39
"423",4881,0.79,"Ideal","E","SI1",61.6,55,3715,5.94,6.04,3.69
"424",44961,0.58,"Premium","I","VVS1",62.6,59,1636,5.27,5.31,3.31
"425",8450,1.01,"Premium","H","SI2",60.3,60,4412,6.49,6.45,3.9
"426",39131,0.41,"Premium","G","VS2",61.6,58,1061,4.78,4.73,2.93
"427",15377,0.35,"Premium","I","SI1",62.5,58,606,4.53,4.49,2.82
"428",32827,0.34,"Ideal","D","VS2",60.8,57,805,4.5,4.52,2.74
"429",1255,0.76,"Ideal","E","VS1",62.1,57,2947,5.82,5.87,3.63
"430",31116,0.33,"Ideal","G","VVS2",62,53.5,754,4.44,4.48,2.76
"431",26178,2.24,"Premium","I","SI2",61.9,58,15515,8.36,8.29,5.15
"432",47853,0.72,"Good","I","SI1",63.6,59,1909,5.61,5.58,3.56
"433",11369,1.04,"Ideal","I","VS1",62.9,43,4997,6.45,6.41,4.04
"434",52096,0.7,"Very Good","E","SI1",62.6,56,2459,5.65,5.69,3.55
"435",20626,1.01,"Very Good","F","VVS2",61.8,58,8922,6.44,6.48,3.99
"436",17564,1.2,"Very Good","H","VS2",62.5,60,7072,6.72,6.78,4.22
"437",3456,0.73,"Ideal","G","VS2",60.2,55,3389,5.85,5.9,3.54
"438",20038,0.3,"Very Good","E","SI2",61.7,61,421,4.28,4.31,2.65
"439",23974,1.53,"Ideal","F","SI1",61.6,56,12109,7.39,7.34,4.54
"440",39669,0.42,"Ideal","G","VS2",61.7,57,1087,4.83,4.8,2.97
"441",39193,0.4,"Ideal","D","VS1",62.3,54,1064,4.7,4.74,2.94
"442",39667,0.42,"Ideal","G","VS2",62.2,54,1087,4.82,4.8,2.99
"443",45818,0.56,"Ideal","G","VS1",61.8,55,1712,5.28,5.37,3.29
"444",17188,1.02,"Very Good","D","SI1",60.3,56,6863,6.55,6.57,3.96
"445",43145,0.52,"Very Good","H","VS2",61.4,55,1389,5.19,5.24,3.2
"446",45857,0.5,"Very Good","H","VVS1",63.3,57,1715,5.06,5.02,3.19
"447",27343,1.58,"Ideal","E","VS1",62.6,56,17894,7.41,7.44,4.65
"448",34291,0.3,"Ideal","F","VVS1",61.8,55,857,4.32,4.35,2.68
"449",26247,2.06,"Ideal","I","VS2",59.2,57,15691,8.39,8.29,4.94
"450",44297,0.52,"Ideal","E","SI1",61.6,55,1577,5.19,5.16,3.19
"451",4134,1.06,"Ideal","F","I1",62.1,55,3544,6.54,6.57,4.07
"452",4515,0.94,"Very Good","D","SI2",62,57,3634,6.28,6.34,3.91
"453",18352,1.01,"Premium","G","VVS2",62.4,59,7466,6.37,6.32,3.96
"454",31166,0.41,"Premium","E","SI1",60.1,60,755,4.79,4.83,2.89
"455",38976,0.4,"Premium","E","VS1",62.5,58,1053,4.69,4.72,2.94
"456",32124,0.47,"Ideal","G","SI2",62.4,55,784,4.96,5.01,3.11
"457",21089,1.51,"Good","G","SI1",63.1,56,9258,7.2,7.28,4.57
"458",37277,0.23,"Very Good","F","VS1",63.2,58,483,3.89,3.86,2.45
"459",7151,0.79,"Ideal","F","VVS2",61.9,57,4180,5.93,5.96,3.68
"460",51053,0.55,"Premium","D","VVS2",58.7,57,2331,5.44,5.39,3.18
"461",35698,0.3,"Ideal","E","VS1",60.7,57,911,4.36,4.31,2.63
"462",19578,1.53,"Premium","J","VS1",60.1,59,8205,7.51,7.47,4.5
"463",31658,0.32,"Ideal","E","VS2",61.4,56,768,4.45,4.41,2.72
"464",47211,0.64,"Good","D","SI1",57.7,57,1838,5.69,5.75,3.3
"465",31486,0.34,"Premium","G","VS2",61.3,58,765,4.53,4.51,2.77
"466",26754,1.5,"Premium","E","VS1",60.3,60,16558,7.43,7.34,4.45
"467",42549,0.59,"Very Good","E","SI2",60.5,58,1325,5.43,5.51,3.31
"468",31181,0.32,"Premium","D","SI1",61.3,60,756,4.43,4.41,2.71
"469",48751,0.56,"Ideal","F","VS1",61.7,54,2016,5.34,5.3,3.28
"470",44040,0.97,"Fair","G","I1",57.2,60,1547,6.59,6.36,3.72
"471",22463,1.24,"Premium","G","VVS1",60.4,59,10485,7.02,7.01,4.24
"472",10147,1,"Premium","H","SI1",62.7,58,4724,6.41,6.32,3.99
"473",5418,1.05,"Premium","J","VS1",62.7,61,3822,6.58,6.49,4.09
"474",32212,0.31,"Ideal","E","VVS2",61.5,59,789,4.36,4.39,2.69
"475",44427,0.61,"Ideal","F","SI2",61.9,57,1588,5.45,5.41,3.36
"476",17660,1.1,"Premium","F","VS2",61.1,57,7115,6.71,6.65,4.08
"477",14699,1.23,"Premium","E","SI2",62.5,58,5929,6.86,6.81,4.27
"478",11253,1.01,"Ideal","F","SI1",62.5,56,4969,6.38,6.42,4
"479",33937,0.3,"Ideal","J","VVS1",60.4,57,464,4.36,4.38,2.64
"480",28351,0.27,"Very Good","E","VVS1",61.1,55,667,4.18,4.27,2.58
"481",36094,0.5,"Good","F","SI2",57.7,62,926,5.22,5.18,3
"482",40434,0.5,"Fair","H","VS1",66.3,55,1136,4.86,4.91,3.24
"483",17032,1.05,"Very Good","E","VS2",61.6,58,6803,6.48,6.53,4.01
"484",52192,0.7,"Fair","G","VS2",64.9,57,2479,5.55,5.54,3.6
"485",11432,1.14,"Premium","H","SI1",60.7,58,5003,6.76,6.82,4.12
"486",27265,1.51,"Very Good","E","VVS2",60.2,61,17689,7.34,7.4,4.44
"487",44927,0.51,"Ideal","G","VS1",60.2,57,1632,5.16,5.21,3.13
"488",28961,0.31,"Ideal","I","VS2",59.9,57,435,4.38,4.4,2.63
"489",39750,0.5,"Premium","H","SI1",62.3,59,1094,5.02,4.99,3.12
"490",28729,0.31,"Ideal","E","VS2",61.7,56,680,4.31,4.35,2.67
"491",35697,0.3,"Premium","E","VS1",61.8,58,911,4.33,4.31,2.67
"492",52770,0.73,"Very Good","E","SI1",60.2,60,2564,5.81,5.86,3.51
"493",37565,0.31,"Ideal","G","IF",62.6,57,988,4.32,4.3,2.7
"494",35329,0.4,"Good","D","VS1",63.2,56,898,4.69,4.74,2.98
"495",11168,1.07,"Premium","G","SI1",60.5,62,4949,6.69,6.6,4.02
"496",4068,0.31,"Ideal","D","SI1",61.9,57,571,4.33,4.36,2.69
"497",53549,0.71,"Very Good","D","SI1",61.7,59,2693,5.7,5.74,3.53
"498",15737,1.01,"Ideal","G","VS2",62,54.9,6295,6.41,6.44,3.99
"499",23651,1.5,"Very Good","H","VVS1",60.9,61,11688,7.36,7.39,4.49
"500",39607,0.26,"Premium","H","VS1",62.3,59,491,4.1,4.06,2.54
"501",47362,0.54,"Ideal","H","VVS1",61.8,55,1846,5.21,5.24,3.23
"502",38224,0.4,"Very Good","E","VVS2",60.3,59,1017,4.74,4.78,2.87
"503",14995,1.02,"Ideal","D","SI1",61.2,56,6040,6.51,6.56,4
"504",51655,0.26,"Ideal","H","VVS1",62.2,55,545,4.09,4.11,2.55
"505",38223,0.4,"Very Good","E","VVS2",63.5,54,1017,4.69,4.73,2.99
"506",14575,1.2,"Very Good","I","VS2",61.7,59,5884,6.83,6.88,4.23
"507",19804,1.52,"Premium","D","SI2",58.6,62,8366,7.56,7.45,4.41
"508",19724,1.21,"Ideal","G","VS2",61.5,56,8294,6.83,6.88,4.22
"509",38956,0.31,"Good","H","VS2",63.5,57,489,4.32,4.34,2.75
"510",34287,0.26,"Very Good","H","VVS2",62.4,58,468,4.04,4.07,2.53
"511",971,0.71,"Ideal","G","VVS2",61.5,57,2893,5.73,5.75,3.53
"512",37833,0.33,"Ideal","D","VS2",60.7,57,1002,4.5,4.46,2.72
"513",30831,0.33,"Premium","I","VVS2",61.5,58,743,4.45,4.43,2.73
"514",19432,1.12,"Ideal","G","VS1",61.1,56,8080,6.7,6.73,4.1
"515",23971,2.01,"Premium","J","SI2",62.4,59,12105,8.05,8.1,5.04
"516",693,0.91,"Very Good","I","SI1",63.5,57,2852,6.12,6.07,3.87
"517",2051,0.32,"Good","E","SI1",63.1,56,561,4.36,4.39,2.76
"518",49285,0.52,"Ideal","F","VVS2",61.5,55,2092,5.17,5.21,3.19
"519",37579,0.32,"Ideal","F","VVS1",61.8,56,990,4.45,4.42,2.74
"520",44749,0.52,"Ideal","I","VVS1",62,55,1619,5.19,5.17,3.21
"521",53035,0.71,"Very Good","G","SI1",62.8,55,2604,5.68,5.73,3.58
"522",41549,0.7,"Very Good","I","I1",63.2,59,1235,5.62,5.59,3.54
"523",39328,0.34,"Ideal","E","VVS2",62.3,57,1071,4.48,4.44,2.78
"524",11714,0.34,"Ideal","G","VS2",61.8,56,596,4.48,4.52,2.78
"525",22046,0.31,"Premium","I","VS1",62.3,59,628,4.35,4.29,2.69
"526",26895,2.18,"Very Good","G","SI2",63.1,58,16878,8.29,8.23,5.21
"527",45100,0.57,"Very Good","G","VS1",59.3,56,1648,5.38,5.44,3.21
"528",12707,0.26,"Premium","E","VVS1",62.3,60,599,4.07,4.09,2.54
"529",18710,0.27,"Very Good","E","VVS2",61.7,58,620,4.12,4.15,2.55
"530",35689,0.39,"Ideal","H","VVS2",61.9,54,911,4.7,4.73,2.92
"531",36496,0.38,"Very Good","D","VVS2",60.8,55,944,4.67,4.71,2.85
"532",3775,0.8,"Very Good","F","VS1",63.7,56,3460,5.87,5.9,3.75
"533",13495,1.09,"Very Good","E","SI1",62.5,57,5539,6.55,6.61,4.11
"534",45136,0.5,"Ideal","D","VS2",62.4,55,1653,5.09,5.1,3.18
"535",7073,0.33,"Ideal","G","VS2",62.5,57,579,4.39,4.41,2.75
"536",1501,0.87,"Very Good","H","SI2",61,56,2993,6.15,6.19,3.77
"537",33597,0.37,"Ideal","G","VS2",61.5,56,833,4.64,4.59,2.84
"538",46217,0.51,"Very Good","G","VS1",62.4,60,1752,5.05,5.08,3.16
"539",36009,0.31,"Ideal","F","IF",61.1,54,921,4.39,4.42,2.69
"540",4043,0.84,"Premium","E","VS2",62.4,60,3528,6.04,5.98,3.75
"541",24435,2.54,"Ideal","I","SI2",61.4,54,12687,8.83,8.78,5.41
"542",36993,0.5,"Ideal","H","SI2",62.4,55,964,5.09,5.11,3.18
"543",21794,1.7,"Ideal","H","SI2",61.9,59,9864,7.59,7.67,4.72
"544",15974,1.51,"Good","J","SI1",64.1,61,6394,7.16,7.19,4.6
"545",317,0.73,"Ideal","F","VS2",62.5,55,2801,5.8,5.76,3.61
"546",45146,0.5,"Ideal","F","VS2",62.9,55,1654,5.1,5.07,3.2
"547",28666,0.4,"Ideal","F","SI2",62.1,54,677,4.75,4.78,2.96
"548",43600,0.3,"Ideal","H","VS1",62.1,57,507,4.27,4.3,2.66
"549",40333,0.4,"Ideal","F","VVS1",61.7,57,1128,4.72,4.75,2.92
"550",23495,1.02,"Ideal","E","IF",62.6,57,11500,6.41,6.47,4.03
"551",20361,1.57,"Ideal","G","SI1",61.7,55,8752,7.51,7.44,4.61
"552",23778,1.06,"Ideal","D","VVS2",62,57,11837,6.52,6.54,4.05
"553",25317,1.51,"Ideal","G","VS1",62.1,55,13995,7.38,7.33,4.57
"554",2505,1,"Fair","J","SI2",56.3,64,3199,6.58,6.54,3.69
"555",9537,1.01,"Very Good","F","SI1",61.9,57,4619,6.37,6.42,3.96
"556",17899,1,"Good","E","VVS2",65.3,56,7226,6.19,6.24,4.06
"557",26049,2,"Very Good","I","SI1",58.5,58,15249,8.24,8.28,4.83
"558",34454,0.32,"Ideal","I","IF",62.2,57,864,4.37,4.35,2.71
"559",45357,0.56,"Ideal","D","SI1",61.2,57,1664,5.37,5.35,3.28
"560",39501,0.33,"Ideal","E","IF",60.8,57,1079,4.44,4.47,2.71
"561",25234,2.14,"Ideal","I","VS2",62.2,57,13844,8.22,8.19,5.1
"562",2892,0.91,"Premium","I","VS2",63,58,3282,6.15,6.07,3.85
"563",6516,1.12,"Premium","H","SI2",62.4,58,4065,6.58,6.63,4.12
"564",42462,0.55,"Ideal","F","SI1",61.8,55,1316,5.22,5.27,3.24
"565",32413,0.41,"Ideal","D","SI1",61.7,54,791,4.78,4.79,2.95
"566",32595,0.3,"Ideal","F","VVS1",62.4,54,802,4.31,4.35,2.7
"567",7019,1.05,"Very Good","H","SI2",63,59,4158,6.44,6.48,4.07
"568",40249,0.5,"Very Good","F","SI2",62.9,63,1125,4.99,4.93,3.12
"569",52357,0.74,"Ideal","E","SI2",59.2,59,2501,5.92,5.97,3.52
"570",37037,0.4,"Very Good","D","VS1",63.1,55,967,4.7,4.74,2.98
"571",3257,0.74,"Premium","E","VS1",62.8,59,3357,5.76,5.68,3.59
"572",2741,0.61,"Ideal","F","VVS2",61.5,55,3248,5.47,5.53,3.38
"573",37585,0.32,"Premium","F","VVS1",61.3,58,990,4.4,4.37,2.69
"574",45975,0.3,"Very Good","G","VS2",60.6,60,526,4.3,4.34,2.62
"575",19789,1.06,"Ideal","G","VVS2",61.7,56,8358,6.59,6.56,4.06
"576",6852,1,"Very Good","I","SI1",63,58,4125,6.3,6.33,3.98
"577",30511,0.31,"Premium","D","SI1",62.1,58,732,4.33,4.3,2.68
"578",37468,0.42,"Ideal","G","VS1",62.7,54,984,4.83,4.8,3.02
"579",49351,0.7,"Ideal","J","SI1",61,56,2096,5.69,5.82,3.51
"580",29852,0.3,"Ideal","D","VS2",61.6,57,710,4.3,4.33,2.66
"581",1710,0.7,"Very Good","G","VVS1",63.3,57,3037,5.59,5.63,3.55
"582",5978,1.12,"Good","J","SI1",63.7,61,3951,6.54,6.5,4.15
"583",37742,0.31,"Ideal","D","VVS2",61.9,55,997,4.39,4.36,2.71
"584",27947,0.31,"Premium","G","SI1",61.8,58,431,4.32,4.35,2.68
"585",21536,0.91,"Ideal","E","VVS1",61.7,56,9636,6.18,6.23,3.83
"586",14583,1.13,"Premium","H","VS2",62.4,58,5885,6.66,6.61,4.14
"587",646,0.71,"Very Good","D","SI1",61.5,58,2843,5.73,5.79,3.54
"588",15884,1,"Premium","F","VS2",62.4,60,6352,6.35,6.38,3.97
"589",34199,0.33,"Ideal","F","VS2",62.3,56,854,4.46,4.43,2.77
"590",17133,1.05,"Ideal","G","VS2",61.6,56,6837,6.52,6.56,4.03
"591",47436,0.71,"Premium","J","SI1",61,61,1853,5.71,5.66,3.47
"592",18902,1.57,"Premium","I","VS2",62.2,58,7755,7.43,7.35,4.59
"593",6498,0.89,"Ideal","G","VVS2",61.7,55,4062,6.22,6.19,3.83
"594",12968,1.25,"Premium","I","SI1",59.7,59,5390,7.03,6.97,4.18
"595",49869,0.7,"Very Good","G","SI1",62.1,56,2175,5.64,5.67,3.51
"596",15616,1.31,"Very Good","H","SI2",61.7,59,6263,6.96,7.01,4.31
"597",46092,0.96,"Fair","H","I1",64.3,59,1739,6.38,5.88,3.98
"598",51019,0.71,"Good","I","VS1",61.5,64,2327,5.76,5.65,3.51
"599",1896,0.73,"Ideal","E","VS2",62.7,56,3077,5.75,5.8,3.62
"600",47682,0.51,"Ideal","D","VS2",61.9,57,1882,5.15,5.09,3.17
"601",48937,0.72,"Premium","J","VS2",61.7,58,2043,5.77,5.67,3.53
"602",1455,0.71,"Ideal","G","VVS2",62.5,58,2978,5.7,5.73,3.57
"603",9167,1.02,"Premium","F","SI2",61.1,59,4541,6.45,6.41,3.93
"604",10937,1.47,"Fair","H","I1",66.7,59,4898,6.98,6.94,4.64
"605",12480,1.25,"Ideal","J","SI1",62.1,58,5252,6.86,6.89,4.27
"606",45546,0.51,"Premium","D","SI1",61,60,1687,5.18,5.15,3.15
"607",46070,0.46,"Ideal","E","VVS2",62.6,55,1736,4.95,4.92,3.09
"608",36822,0.7,"Fair","G","I1",66.7,55,956,5.64,5.49,3.71
"609",24178,1.72,"Very Good","D","SI2",63.4,62,12360,7.59,7.53,4.79
"610",12323,1.01,"Very Good","E","SI1",59.5,60,5224,6.49,6.55,3.88
"611",38321,0.5,"Very Good","F","SI2",63.1,60,1020,5,5.04,3.17
"612",29356,0.31,"Ideal","G","VS2",63,54,698,4.37,4.33,2.74
"613",15749,1.54,"Ideal","G","I1",61.6,55,6299,7.43,7.4,4.57
"614",36744,0.38,"Ideal","D","VS2",61.5,56,954,4.66,4.7,2.88
"615",26555,2.66,"Good","H","SI2",63.8,57,16239,8.71,8.65,5.54
"616",27495,2.01,"Premium","H","SI1",61.7,60,18188,8.06,7.96,4.94
"617",40910,0.42,"Ideal","G","VVS1",61.1,56,1179,4.82,4.84,2.95
"618",44698,0.54,"Ideal","E","VS2",61.3,55,1613,5.24,5.26,3.22
"619",2580,0.78,"Ideal","D","SI1",61.1,57,3214,5.95,5.97,3.64
"620",629,0.71,"Very Good","D","VS1",63.4,55,2841,5.69,5.61,3.58
"621",40709,0.73,"Fair","F","I1",66.9,54,1158,5.62,5.54,3.74
"622",18442,1.11,"Very Good","G","VS1",61.5,57.6,7503,6.66,6.7,4.11
"623",36220,0.36,"Premium","F","VS2",61.4,58,932,4.6,4.56,2.81
"624",6593,1.01,"Good","G","SI2",63.5,58,4079,6.34,6.39,4.04
"625",40043,0.7,"Good","I","I1",63.9,62,1111,5.62,5.57,3.58
"626",28295,0.3,"Ideal","G","SI1",61.6,57,432,4.29,4.34,2.66
"627",7433,0.9,"Good","E","SI1",59.8,64,4229,6.14,6.21,3.69
"628",34571,0.31,"Ideal","G","IF",62.1,56,871,4.31,4.34,2.69
"629",38996,0.53,"Ideal","H","SI2",61.6,56,1054,5.16,5.19,3.19
"630",44411,0.56,"Premium","H","VS1",60.1,58,1585,5.4,5.35,3.23
"631",11424,1.2,"Ideal","J","SI1",62.1,55,5002,6.81,6.84,4.24
"632",11839,1.2,"Premium","I","SI1",61.4,57,5098,6.87,6.8,4.2
"633",32464,0.36,"Ideal","H","VVS1",61.8,56,794,4.6,4.63,2.85
"634",5185,0.9,"Premium","G","SI1",62.7,59,3774,6.14,6.1,3.84
"635",46121,0.52,"Ideal","E","VS2",62.4,57,1743,5.14,5.12,3.2
"636",42463,0.5,"Very Good","E","SI1",60.7,61,1316,5.09,5.12,3.1
"637",17929,1.01,"Premium","E","VS2",58,61,7240,6.53,6.5,3.94
"638",45715,0.56,"Ideal","G","VS2",61.9,55,1698,5.32,5.28,3.28
"639",34938,0.26,"Ideal","G","SI1",61.8,55,377,4.08,4.11,2.53
"640",25882,2.06,"Premium","I","SI2",60.1,58,14982,8.32,8.26,4.98
"641",33038,0.32,"Ideal","G","VVS1",61.4,57,814,4.42,4.44,2.72
"642",13337,1.22,"Ideal","J","VS1",60.8,57,5504,6.85,6.89,4.18
"643",46500,0.4,"Ideal","E","VVS1",61.3,56,1778,4.75,4.78,2.92
"644",52972,0.37,"Ideal","H","SI1",61.1,55,552,4.64,4.69,2.85
"645",32385,0.32,"Ideal","D","VVS2",61.7,55,790,4.39,4.42,2.72
"646",42818,0.5,"Premium","G","VS2",59.4,60,1354,5.14,5.16,3.06
"647",21900,1.2,"Very Good","G","VVS1",61.8,55,9968,6.79,6.83,4.21
"648",10256,1.01,"Premium","E","SI2",61.6,56,4751,6.45,6.4,3.96
"649",4659,1.12,"Fair","I","SI2",64.6,57,3669,6.5,6.47,4.19
"650",24725,2.03,"Very Good","I","SI2",62.8,60,13063,7.99,8.05,5.04
"651",12479,1.25,"Ideal","J","SI1",62.4,57,5252,6.86,6.92,4.3
"652",4295,0.82,"Ideal","E","SI1",61.8,55,3588,5.97,6.01,3.7
"653",8173,1.05,"Premium","F","SI2",61.7,60,4363,6.58,6.49,4.03
"654",7089,0.93,"Good","D","SI2",61.4,63,4165,6.22,6.26,3.83
"655",26407,2,"Very Good","I","VS2",58.6,62,15923,8.17,8.2,4.8
"656",40562,0.41,"Ideal","G","VVS1",61.8,55,1151,4.76,4.78,2.95
"657",9496,1,"Good","F","SI1",58.1,64,4608,6.56,6.6,3.82
"658",9340,0.94,"Premium","E","SI1",62.4,56,4580,6.27,6.24,3.9
"659",1553,0.73,"Fair","F","VS1",58.6,66,3002,5.92,5.88,3.46
"660",5423,1.01,"Good","J","VS1",63.2,62,3823,6.29,6.33,3.99
"661",38034,0.32,"Ideal","E","VVS2",61.3,55,1010,4.41,4.43,2.71
"662",13377,0.26,"Very Good","D","VS2",59.6,63,420,4.13,4.16,2.47
"663",16722,0.32,"Ideal","F","VS2",60.9,56,610,4.41,4.45,2.7
"664",4356,1.04,"Premium","J","SI2",62,59,3603,6.47,6.49,4.02
"665",43052,0.41,"Ideal","D","VVS1",61.7,55,1376,4.77,4.8,2.95
"666",34362,0.41,"Ideal","F","VS2",61,57,863,4.76,4.81,2.92
"667",16096,1.26,"Premium","H","SI1",62.1,57,6435,6.94,6.88,4.29
"668",14296,1.21,"Good","E","SI2",64,62,5787,6.65,6.59,4.24
"669",8301,0.9,"Very Good","G","VS2",61.5,60,4386,6.13,6.16,3.78
"670",8028,1.06,"Ideal","I","SI1",62.8,56,4333,6.52,6.47,4.08
"671",5602,1.01,"Good","G","SI1",62.2,65,3871,6.34,6.3,3.93
"672",26529,2.28,"Ideal","I","SI2",62.9,57,16187,8.41,8.34,5.27
"673",47279,0.55,"Ideal","H","VVS1",61.7,55,1845,5.27,5.3,3.27
"674",22941,1.25,"Ideal","G","VVS2",62.2,55,10983,6.87,6.93,4.29
"675",41878,0.5,"Fair","G","VS1",67.6,56,1257,5.02,4.89,3.35
"676",40512,0.45,"Good","F","VS1",57.6,62.5,1144,5.05,5.09,2.91
"677",12031,0.34,"Ideal","G","VS2",62.2,55,596,4.47,4.5,2.79
"678",21212,1.29,"Premium","G","VS1",62.4,58,9354,6.89,6.86,4.29
"679",49682,0.72,"Very Good","J","VVS2",63,59,2144,5.7,5.72,3.6
"680",42733,0.52,"Very Good","E","SI1",60.8,56,1343,5.17,5.2,3.15
"681",39218,0.32,"Ideal","D","VS2",61.7,55,1066,4.39,4.42,2.72
"682",6559,1.07,"Premium","I","SI1",58.4,60,4075,6.78,6.68,3.93
"683",2617,1.01,"Premium","H","SI1",62.9,58,3224,6.38,6.34,4
"684",841,0.72,"Ideal","I","VS1",62.4,55,2868,5.72,5.75,3.58
"685",3672,0.78,"Premium","E","VS1",62.5,57,3444,5.94,5.9,3.7
"686",32508,0.4,"Very Good","E","SI2",63.1,57,798,4.72,4.7,2.97
"687",47706,0.58,"Ideal","E","VS2",61.1,57,1884,5.39,5.41,3.3
"688",42257,0.56,"Fair","H","VS2",52.7,70,1293,5.71,5.57,2.97
"689",46346,0.7,"Good","E","SI2",56.9,63,1758,5.78,5.71,3.27
"690",44625,0.57,"Very Good","G","VS2",62.1,57,1608,5.27,5.3,3.28
"691",46678,0.59,"Ideal","E","SI1",62,55,1789,5.4,5.37,3.34
"692",36198,0.47,"Ideal","E","SI2",61.5,55,931,4.98,5.04,3.08
"693",40727,0.52,"Very Good","G","SI1",60.6,61,1161,5.17,5.19,3.14
"694",33816,0.4,"Good","I","VVS1",63.5,57,842,4.65,4.68,2.96
"695",40031,0.41,"Ideal","G","SI1",61.6,57,1110,4.77,4.81,2.95
"696",4716,0.28,"Very Good","E","VVS2",60.1,62,572,4.25,4.27,2.56
"697",35614,0.3,"Premium","I","VS1",59.1,59,473,4.35,4.38,2.58
"698",37941,0.24,"Ideal","E","SI1",62.5,56,486,4.01,3.99,2.5
"699",14244,1.05,"Very Good","E","SI1",60.7,56,5770,6.54,6.6,3.99
"700",24163,1.8,"Premium","D","SI1",61.2,58,12338,7.88,7.7,4.79
"701",15557,0.9,"Ideal","G","VVS1",62.9,56,6237,6.11,6.19,3.87
"702",50411,1.01,"Premium","F","I1",62.6,57,2257,6.42,6.3,3.99
"703",31334,0.38,"Ideal","G","VS1",62.4,54,759,4.63,4.67,2.9
"704",11022,1.1,"Premium","H","SI1",61.6,56,4916,6.66,6.61,4.09
"705",35422,0.4,"Premium","G","SI1",61.1,61,900,4.76,4.7,2.89
"706",6924,1.01,"Premium","G","SI1",62.3,59,4138,6.37,6.34,3.96
"707",48964,0.34,"Premium","H","VS2",59,59,537,4.55,4.61,2.7
"708",25745,1.51,"Premium","G","VS1",62.2,58,14674,7.35,7.29,4.55
"709",45864,0.5,"Very Good","D","VS1",63.1,57,1715,5.04,5,3.17
"710",2671,0.91,"Very Good","G","SI2",62,59,3238,6.19,6.22,3.85
"711",4938,0.9,"Premium","H","SI1",60.7,59,3730,6.26,6.19,3.78
"712",23261,1.24,"Very Good","F","VVS2",63.6,56,11268,6.75,6.8,4.31
"713",13954,1.09,"Premium","H","VS2",59.7,58,5677,6.73,6.66,4
"714",11574,1.15,"Ideal","I","VS2",61.7,59,5038,6.68,6.73,4.14
"715",25553,2.09,"Ideal","H","SI1",60.6,57,14383,8.34,8.29,5.04
"716",44994,0.31,"Premium","I","SI1",60.7,60,523,4.37,4.33,2.64
"717",40440,0.7,"Fair","G","I1",65.3,59,1138,5.5,5.47,3.58
"718",43414,0.46,"Very Good","G","VVS1",61.7,60,1413,4.94,4.98,3.06
"719",7747,0.91,"Good","F","SI1",63.9,55,4279,6.1,6.17,3.92
"720",32544,0.27,"Ideal","E","VVS2",62.5,57,799,4.13,4.1,2.57
"721",46623,0.3,"Ideal","H","VS1",61.6,55,526,4.27,4.3,2.64
"722",25341,2,"Good","H","VS2",57.3,59,14042,8.27,8.24,4.73
"723",32829,0.35,"Ideal","F","VVS2",61.3,55,806,4.57,4.6,2.81
"724",38923,0.51,"Premium","F","SI2",58.1,59,1052,5.26,5.24,3.05
"725",21588,1.65,"Premium","F","SI2",60.5,61,9693,7.7,7.65,4.64
"726",36849,0.37,"Ideal","F","VS2",61.4,56,957,4.63,4.59,2.83
"727",20995,1.59,"Ideal","I","SI1",62.4,58,9209,7.43,7.48,4.65
"728",20931,1,"Premium","F","VVS2",61.5,59,9139,6.4,6.38,3.93
"729",42468,0.52,"Ideal","I","VVS2",62.2,57,1316,5.18,5.11,3.2
"730",27918,0.32,"Ideal","D","VS2",61.8,55,657,4.41,4.43,2.73
"731",46256,0.57,"Very Good","D","SI1",61.1,56,1754,5.33,5.38,3.27
"732",3678,0.7,"Good","F","VVS2",62.5,58,3445,5.68,5.75,3.57
"733",42788,0.53,"Very Good","I","VS1",59.9,58,1350,5.24,5.28,3.15
"734",24361,0.26,"Ideal","F","VVS1",62.7,55,635,4.07,4.1,2.56
"735",11362,1,"Very Good","H","SI1",61.8,57,4995,6.39,6.42,3.96
"736",20106,1.01,"Premium","F","VVS2",59.3,60,8579,6.52,6.5,3.86
"737",6186,0.91,"Good","F","SI1",64.4,60,3994,6.05,6.1,3.91
"738",52693,0.7,"Very Good","F","SI1",60,58,2553,5.75,5.79,3.46
"739",11482,1.21,"Very Good","I","SI2",63.2,57,5014,6.7,6.66,4.22
"740",8392,0.32,"Very Good","E","SI1",62.3,55,584,4.36,4.38,2.72
"741",10446,1.01,"Ideal","E","SI2",62.2,56,4788,6.42,6.45,4
"742",22259,1.08,"Ideal","E","VVS2",61.8,56,10313,6.55,6.59,4.06
"743",41611,0.27,"Very Good","G","VVS2",62.4,56,504,4.13,4.16,2.58
"744",11818,1.03,"Ideal","H","SI1",62,56,5093,6.44,6.49,4.01
"745",9986,1.26,"Ideal","I","SI2",59.6,57,4704,7.04,7.01,4.19
"746",11206,1.01,"Very Good","H","VS2",61,63,4959,6.38,6.41,3.9
"747",17114,1.23,"Very Good","I","VS2",61.2,59,6826,6.84,6.81,4.18
"748",27561,2.2,"Premium","I","VS2",62,57,18364,8.38,8.34,5.18
"749",21590,1.51,"Very Good","H","SI1",62.1,59,9694,7.28,7.33,4.54
"750",39784,0.36,"Ideal","D","VS2",61.1,57,1094,4.62,4.58,2.81
"751",27488,1.76,"Ideal","G","VS1",62.8,55,18178,7.74,7.7,4.85
"752",29381,0.31,"Very Good","E","SI1",63.5,55,698,4.35,4.31,2.75
"753",45927,0.53,"Premium","E","VS2",59.8,58,1721,5.26,5.27,3.15
"754",4888,0.9,"Very Good","G","SI1",63.6,57,3718,6.07,6.13,3.88
"755",15027,1,"Premium","G","VS2",62.2,58,6048,6.54,6.49,3.94
"756",41816,0.43,"Ideal","F","VVS2",61.8,57,1250,4.85,4.83,2.99
"757",12155,1.3,"Good","J","VS2",63.6,59,5175,6.87,6.9,4.38
"758",13854,1.05,"Premium","E","VS2",62.6,59,5645,6.5,6.43,4.05
"759",43599,0.31,"Ideal","I","VS1",61.8,56,507,4.38,4.39,2.71
"760",43197,0.5,"Good","F","VS2",63.3,60,1395,4.99,5.03,3.17
"761",31087,0.33,"Ideal","H","VVS1",62.2,55,752,4.4,4.44,2.75
"762",24388,0.41,"Very Good","D","SI2",62.3,61,638,4.72,4.75,2.95
"763",5529,1.01,"Good","J","SI1",58.8,57,3853,6.57,6.63,3.88
"764",7314,1,"Very Good","G","SI2",62.8,57,4207,6.31,6.37,3.98
"765",45529,0.54,"Ideal","G","VS1",61.4,57,1684,5.23,5.2,3.2
"766",33674,0.3,"Very Good","E","VVS2",60,55,837,4.36,4.41,2.63
"767",16036,0.3,"Premium","I","VS1",63,53,608,4.31,4.26,2.7
"768",15372,0.3,"Ideal","F","VS2",62.1,55,605,4.26,4.31,2.66
"769",29795,0.3,"Premium","D","SI1",62.3,58,709,4.32,4.28,2.68
"770",19700,0.37,"Ideal","J","VS1",62.6,57,624,4.57,4.54,2.85
"771",20573,1.6,"Ideal","J","VS2",61.9,55,8886,7.51,7.54,4.66
"772",16707,0.32,"Very Good","F","SI2",62.6,56,421,4.37,4.41,2.75
"773",40240,0.39,"Ideal","F","VVS1",61.7,55,1124,4.69,4.71,2.9
"774",11340,1.01,"Good","F","SI1",63.8,59,4989,6.32,6.29,4.02
"775",33561,0.41,"Ideal","J","VS1",62.7,57,830,4.75,4.72,2.97
"776",17911,1.38,"Premium","H","VS1",61,60,7233,7.21,7.16,4.38
"777",18502,1.3,"Premium","H","VS2",62.4,58,7536,6.92,6.95,4.33
"778",24609,2.06,"Premium","H","SI2",62.6,58,12931,8.06,8.03,5.04
"779",53548,0.75,"Very Good","F","SI1",63.7,58,2693,5.73,5.77,3.66
"780",4104,0.7,"Good","F","VVS1",61.2,61,3536,5.71,5.79,3.52
"781",3013,0.82,"Ideal","E","VS1",60,55,3306,6.18,6.08,3.68
"782",48225,0.57,"Ideal","E","VS2",61.8,55,1949,5.38,5.34,3.31
"783",3568,0.7,"Ideal","E","VS1",60.5,56,3419,5.78,5.83,3.51
"784",26238,1.04,"Premium","D","IF",60.6,56,15671,6.6,6.54,3.98
"785",32753,0.34,"Premium","D","SI1",60.2,60,803,4.54,4.5,2.72
"786",3218,0.91,"Good","D","SI2",64.1,62,3349,6.06,6.01,3.87
"787",1381,0.31,"Premium","E","SI2",60.8,61,558,4.43,4.39,2.68
"788",2052,0.32,"Very Good","H","VS1",61.7,61,561,4.38,4.43,2.72
"789",2642,1.03,"Ideal","H","I1",61.5,57,3230,6.52,6.48,4
"790",38623,0.31,"Good","I","VS1",63.5,57,489,4.26,4.28,2.71
"791",53092,0.71,"Ideal","E","VS2",62.9,55,2613,5.76,5.72,3.61
"792",14705,0.3,"Ideal","F","VS2",60.7,57,605,4.29,4.34,2.62
"793",53834,0.72,"Ideal","F","SI1",61.7,54,2737,5.77,5.8,3.57
"794",21387,0.34,"Very Good","I","VVS1",61.9,58,626,4.43,4.52,2.77
"795",8369,1,"Good","E","SI2",63.5,54,4400,6.35,6.41,4.05
"796",40980,0.41,"Premium","D","VVS2",62.2,58,1181,4.8,4.78,2.98
"797",23570,1.63,"Premium","G","SI1",59.9,60,11578,7.64,7.61,4.57
"798",7418,1.02,"Premium","F","SI2",62.7,59,4227,6.45,6.38,4.02
"799",49349,0.57,"Ideal","F","VS2",60.7,56,2096,5.37,5.41,3.27
"800",40924,0.3,"Ideal","F","SI1",62.2,54.2,499,4.31,4.34,2.69
"801",45256,0.52,"Good","E","VS2",61.5,61,1660,5.16,5.09,3.15
"802",53790,0.73,"Ideal","D","SI2",61.8,56,2729,5.77,5.82,3.58
"803",35774,0.4,"Premium","E","VS2",62.2,59,912,4.71,4.74,2.94
"804",40124,0.41,"Ideal","F","VVS2",61.4,56,1115,4.76,4.81,2.94
"805",52383,0.62,"Ideal","G","VVS2",62.6,57,2507,5.42,5.47,3.41
"806",31518,0.34,"Ideal","E","SI1",61.4,55,765,4.54,4.48,2.77
"807",40815,0.39,"Ideal","D","VS1",61.9,57,1170,4.71,4.69,2.91
"808",41931,0.45,"Very Good","G","VVS1",60.1,58,1263,4.95,4.97,2.98
"809",14899,1.7,"Very Good","F","I1",63.1,56,5998,7.62,7.51,4.78
"810",25135,2.01,"Very Good","I","SI1",61.8,62,13691,7.98,8.07,4.96
"811",5627,0.92,"Premium","D","SI2",59.4,59,3877,6.39,6.28,3.76
"812",3363,0.31,"Very Good","I","VS2",59.3,59,406,4.38,4.42,2.61
"813",15935,1.22,"Ideal","D","SI2",61.8,58,6372,6.84,6.92,4.25
"814",24569,1.56,"Ideal","H","VS2",62.2,56,12864,7.45,7.47,4.64
"815",20208,1.05,"Ideal","G","VVS2",62.2,56,8645,6.49,6.53,4.05
"816",49384,0.48,"Ideal","E","VVS2",60.7,56,2102,5.04,5.08,3.07
"817",25509,1.2,"Ideal","F","IF",61.6,57,14300,6.84,6.79,4.2
"818",18480,1.05,"Ideal","G","VS1",61,56,7526,6.62,6.56,4.02
"819",25756,1.51,"Good","E","VS2",62.6,60,14709,7.22,7.28,4.54
"820",52146,0.7,"Premium","F","SI1",61.6,60,2470,5.68,5.72,3.51
"821",38048,0.49,"Premium","H","SI2",59.9,59,1011,5.17,5.12,3.08
"822",53517,0.9,"Very Good","J","VS2",63.3,56,2686,6.13,6.1,3.87
"823",26301,1.72,"Premium","G","VS2",61.1,58,15801,7.69,7.73,4.71
"824",38951,0.31,"Good","H","VS2",63.1,58,489,4.27,4.32,2.71
"825",9041,0.38,"Ideal","G","SI2",61.7,56,587,4.64,4.67,2.87
"826",12373,0.4,"Ideal","F","SI2",62,57,597,4.7,4.72,2.92
"827",124,0.7,"Fair","F","VS2",64.5,57,2762,5.57,5.53,3.58
"828",9311,1,"Very Good","E","SI2",60.6,60,4576,6.33,6.4,3.86
"829",20632,1.39,"Premium","F","SI1",62.4,59,8925,7.14,7.09,4.44
"830",30945,0.27,"Ideal","H","VS1",62.2,56,449,4.12,4.15,2.57
"831",16451,1.2,"Ideal","H","SI1",61.2,60,6569,6.87,6.82,4.19
"832",17426,1.08,"Premium","G","VS1",62.7,56,6982,6.55,6.52,4.1
"833",48756,0.7,"Fair","G","SI1",64.8,59,2016,5.65,5.56,3.63
"834",2947,1,"Premium","J","SI2",62.7,58,3293,6.32,6.28,3.95
"835",37239,0.4,"Premium","E","VS2",62.5,58,975,4.73,4.65,2.93
"836",18986,1.01,"Ideal","G","VS2",62.1,59,7814,6.39,6.43,3.98
"837",21245,1.51,"Ideal","G","SI2",62.3,56,9391,7.31,7.37,4.57
"838",47642,0.23,"Very Good","D","VVS1",63.3,58,530,3.9,3.93,2.48
"839",24747,1.71,"Premium","I","VS1",60.7,60,13097,7.74,7.71,4.69
"840",2498,1.01,"Fair","F","SI1",66.1,60,3197,6.15,6.13,4.06
"841",32541,0.27,"Ideal","E","VVS2",61.8,57,799,4.16,4.12,2.56
"842",39215,0.42,"Very Good","D","VS1",60.7,60,1066,4.81,4.88,2.94
"843",21166,1.5,"Good","H","SI1",57.9,62,9324,7.55,7.48,4.35
"844",3581,1.01,"Premium","J","SI2",63,60,3421,6.38,6.31,4
"845",43492,0.51,"Premium","F","SI1",60.7,58,1421,5.14,5.1,3.11
"846",43279,0.3,"Very Good","G","SI2",63.3,57,506,4.28,4.25,2.7
"847",10788,0.91,"Fair","G","VS2",64.9,54,4860,6.04,6.08,3.93
"848",32129,0.41,"Good","I","SI1",63.8,57,784,4.7,4.67,2.99
"849",3266,0.7,"Ideal","D","VS2",61.4,55,3360,5.71,5.75,3.52
"850",10478,0.93,"Premium","G","VS1",62.1,59,4793,6.21,6.16,3.84
"851",42241,0.54,"Ideal","G","SI1",62.6,57,1292,5.18,5.21,3.25
"852",31669,0.41,"Very Good","F","SI1",61.9,55,769,4.78,4.81,2.97
"853",19720,1.5,"Ideal","I","SI1",62.7,57,8291,7.21,7.3,4.55
"854",5488,0.9,"Ideal","G","SI1",62.6,56,3841,6.16,6.23,3.88
"855",36295,0.34,"Very Good","I","VS2",62.1,57,477,4.44,4.48,2.77
"856",41363,0.52,"Very Good","H","SI1",63.1,57,1219,5.14,5.09,3.23
"857",20251,1.51,"Fair","G","SI1",65,59,8681,6.99,7.07,4.57
"858",8451,1.06,"Very Good","J","VS2",62.6,59,4413,6.49,6.57,4.09
"859",36449,0.31,"Ideal","D","VS2",62.3,55,942,4.37,4.33,2.71
"860",51222,0.71,"Good","F","SI1",63.9,57,2352,5.61,5.57,3.57
"861",47527,0.52,"Premium","D","VS2",61.8,58,1868,5.2,5.15,3.2
"862",53487,0.57,"Ideal","F","VVS1",62.5,56,2682,5.27,5.32,3.31
"863",6199,1.01,"Very Good","I","SI2",63.7,57,3998,6.32,6.36,4.04
"864",27737,2.03,"Very Good","H","SI1",63,60,18781,8,7.93,5.02
"865",46330,0.58,"Good","E","VS2",63.1,56,1758,5.26,5.33,3.34
"866",14952,1.2,"Premium","I","VS1",62.8,56,6021,6.8,6.74,4.25
"867",12066,1.04,"Premium","H","SI1",61.6,58,5154,6.53,6.48,4.01
"868",31168,0.41,"Very Good","E","SI1",60.5,61,755,4.78,4.8,2.9
"869",43642,0.5,"Premium","F","VS2",60.6,59,1433,5.13,5.03,3.08
"870",22480,1.21,"Ideal","F","VS1",61.8,56,10504,6.84,6.86,4.23
"871",43194,0.51,"Ideal","F","SI1",61.7,56,1394,5.12,5.15,3.17
"872",40886,0.57,"Premium","F","SI2",61.7,59,1176,5.34,5.31,3.29
"873",29460,0.33,"Very Good","G","VVS2",61.5,62,702,4.39,4.43,2.71
"874",7960,1,"Very Good","E","SI2",63.9,57,4321,6.24,6.27,4
"875",20192,1.04,"Ideal","G","VVS1",62.2,55,8637,6.48,6.51,4.04
"876",22369,0.31,"Very Good","H","VS2",63.2,58,628,4.33,4.31,2.73
"877",52765,0.77,"Premium","G","SI1",60.7,58,2563,5.95,5.98,3.62
"878",4727,0.33,"Premium","I","SI1",61.3,59,572,4.51,4.46,2.75
"879",15714,0.37,"Ideal","G","SI1",61,56,608,4.61,4.68,2.84
"880",45450,0.53,"Ideal","H","VVS2",61.8,56,1674,5.2,5.22,3.22
"881",2956,0.72,"Ideal","G","VVS2",61,56,3295,5.8,5.84,3.55
"882",2043,0.32,"Ideal","H","VS1",61.3,55,561,4.41,4.43,2.71
"883",51052,0.71,"Good","F","SI1",63.9,57,2331,5.57,5.61,3.57
"884",19909,1.65,"Ideal","E","SI2",58.7,56,8455,7.76,7.73,4.55
"885",32021,0.33,"Very Good","D","VS2",60,62,778,4.47,4.49,2.69
"886",41993,0.43,"Premium","G","VVS1",62,59,1264,4.82,4.8,2.98
"887",36522,0.42,"Very Good","G","SI1",63.2,57,945,4.79,4.77,3.02
"888",4897,0.8,"Very Good","F","VS1",62.3,57,3720,5.92,5.95,3.7
"889",21004,1.51,"Good","H","SI1",61.8,61,9218,7.25,7.32,4.5
"890",38197,0.5,"Good","D","SI2",58.5,64,1015,5.2,5.12,3.02
"891",13470,1.21,"Premium","J","VVS2",61.7,60,5531,6.85,6.82,4.22
"892",10293,1.2,"Very Good","D","SI2",63.5,59,4758,6.61,6.56,4.18
"893",22934,1.5,"Very Good","F","SI1",61.2,57,10973,7.34,7.37,4.5
"894",16739,0.41,"Premium","G","SI2",61.4,58,611,4.75,4.8,2.93
"895",29217,0.38,"Ideal","G","SI1",60.6,57,695,4.71,4.76,2.87
"896",50268,0.52,"Ideal","G","VVS2",61.7,55,2238,5.15,5.2,3.19
"897",24885,1.54,"Premium","D","SI1",63,59,13316,7.35,7.31,4.62
"898",37965,0.41,"Very Good","D","VS2",62.8,55,1007,4.7,4.73,2.96
"899",8157,1.02,"Ideal","H","SI2",61,58,4360,6.5,6.54,3.98
"900",5147,1.03,"Fair","G","SI2",65.6,58,3765,6.3,6.26,4.12
"901",44256,0.51,"Very Good","D","SI1",63.5,56,1574,5.08,5.06,3.22
"902",45581,0.52,"Very Good","G","VS1",62.4,60,1689,5.11,5.12,3.19
"903",42541,0.5,"Premium","F","VS2",61.7,60,1323,5.06,5.02,3.11
"904",7805,0.9,"Very Good","D","SI1",61.8,59,4291,6.13,6.16,3.8
"905",28152,0.3,"Ideal","H","VVS1",62.2,57,665,4.28,4.31,2.67
"906",25961,1.57,"Ideal","G","VVS2",62.3,56,15144,7.48,7.41,4.64
"907",393,0.32,"Ideal","I","SI1",62.4,57,554,4.37,4.35,2.72
"908",51370,0.3,"Very Good","D","VVS2",60.6,58,2366,4.33,4.35,2.63
"909",34553,0.41,"Ideal","G","VS1",61.2,57,870,4.77,4.8,2.93
"910",12447,1.3,"Premium","I","VS2",60.3,60,5242,7.01,6.99,4.22
"911",3825,0.8,"Very Good","F","VS1",63.6,56,3471,5.83,5.94,3.74
"912",4991,1.06,"Premium","J","SI2",61.3,60,3740,6.59,6.52,4.02
"913",5591,1.17,"Good","D","SI2",57.4,59,3866,7.02,6.95,4.01
"914",9775,1.12,"Premium","D","SI2",59.5,59,4663,6.8,6.75,4.03
"915",4018,0.91,"Good","H","SI1",63.8,60,3520,6,6.16,3.88
"916",23048,1.63,"Ideal","H","SI1",61.9,57,11078,7.59,7.53,4.68
"917",30185,0.31,"Ideal","E","VS1",61.2,55,722,4.4,4.43,2.7
"918",39039,0.37,"Ideal","G","IF",62.1,54,1056,4.6,4.64,2.87
"919",12546,1.23,"Premium","I","SI2",62.5,60,5269,6.82,6.75,4.24
"920",31951,0.28,"Very Good","D","VS1",62.2,61,452,4.13,4.16,2.58
"921",25654,2.14,"Very Good","J","SI1",62.3,59,14556,8.24,8.26,5.14
"922",30923,0.34,"Very Good","E","VS2",58.8,59,745,4.56,4.59,2.69
"923",8870,1.04,"Ideal","H","SI2",60.7,57,4484,6.51,6.43,3.93
"924",39361,0.52,"Premium","F","SI2",62.7,57,1073,5.11,5.07,3.19
"925",11767,1.1,"Very Good","I","VS1",60.2,59,5082,6.67,6.71,4.03
"926",35321,0.31,"Very Good","F","VVS1",62.4,60,897,4.28,4.31,2.68
"927",18573,1.51,"Premium","I","SI2",59.7,59,7577,7.48,7.46,4.46
"928",10889,1.02,"Ideal","G","SI1",60.5,59,4882,6.55,6.51,3.95
"929",30321,0.36,"Very Good","G","VS1",62.9,57,726,4.56,4.6,2.88
"930",39465,0.5,"Fair","H","SI1",62.3,60,1078,5.09,5.06,3.16
"931",1137,0.71,"Very Good","E","VS2",59.9,59,2921,5.77,5.81,3.47
"932",8313,1,"Good","H","SI1",63.9,56,4389,6.28,6.31,4.02
"933",29674,0.28,"Very Good","E","VVS2",61,57,707,4.22,4.25,2.58
"934",7376,1.16,"Premium","J","SI1",62.5,58,4222,6.73,6.67,4.19
"935",36543,0.4,"Premium","F","SI1",62.7,57,945,4.7,4.68,2.94
"936",25943,1.8,"Ideal","H","VS1",62.3,56,15105,7.79,7.76,4.84
"937",42879,0.53,"Very Good","F","SI1",61.6,57,1359,5.16,5.23,3.2
"938",15654,1.54,"Premium","I","SI2",61.5,61,6278,7.41,7.31,4.53
"939",11312,1,"Premium","H","VS2",60.4,58,4984,6.51,6.46,3.92
"940",1544,0.6,"Ideal","G","VVS1",62.1,56,3001,5.42,5.43,3.37
"941",3335,0.91,"Premium","G","SI2",60.4,61,3376,6.28,6.21,3.77
"942",35912,0.38,"Ideal","D","VS1",61.3,56,919,4.68,4.72,2.88
"943",27095,2.52,"Ideal","I","SI1",61.5,56,17231,8.76,8.69,5.37
"944",30761,0.25,"Premium","E","VVS2",62.5,59,740,4.05,4.02,2.52
"945",52139,0.57,"Very Good","E","VVS2",59.6,58,2469,5.39,5.41,3.22
"946",51063,0.71,"Very Good","I","VS1",61.1,57,2332,5.75,5.8,3.53
"947",53544,0.76,"Ideal","H","VS2",62.7,57,2692,5.86,5.82,3.66
"948",36117,0.46,"Very Good","D","SI1",62.2,58,927,4.92,4.98,3.08
"949",46648,0.3,"Very Good","E","SI1",61.9,58,526,4.27,4.33,2.66
"950",53424,0.71,"Very Good","G","VS2",61.9,62,2671,5.69,5.72,3.53
"951",12003,1.01,"Premium","D","SI1",59.8,54,5147,6.6,6.5,3.93
"952",15975,1.35,"Ideal","J","SI1",62.3,57,6396,7.08,7.02,4.39
"953",14156,1.17,"Ideal","G","SI2",62.6,55,5743,6.74,6.78,4.23
"954",20397,0.31,"Premium","H","VVS2",62.4,59,625,4.31,4.35,2.7
"955",13415,1.2,"Premium","I","SI1",60.7,59,5510,6.9,6.87,4.18
"956",53037,0.7,"Very Good","D","SI1",59.4,63,2604,5.76,5.78,3.43
"957",19084,1.74,"Premium","I","SI2",62.2,58,7858,7.65,7.61,4.75
"958",33731,0.35,"Ideal","H","VVS1",60.5,57,839,4.58,4.59,2.77
"959",44357,0.55,"Very Good","D","SI1",61.6,56,1580,5.24,5.28,3.24
"960",18322,1.54,"Very Good","J","SI1",61.2,59,7453,7.41,7.45,4.55
"961",26285,2.01,"Premium","H","SI2",62.3,58,15773,8.06,8.11,5.04
"962",29161,0.33,"Premium","G","VS2",61.3,61,693,4.47,4.43,2.73
"963",5987,0.8,"Ideal","F","VS1",61.6,54,3953,5.95,5.99,3.68
"964",10137,0.92,"Very Good","H","VS1",59.7,63,4721,6.34,6.29,3.77
"965",5944,0.9,"Good","I","VVS2",62.9,61,3946,6.1,6.14,3.85
"966",9375,0.32,"Ideal","I","VVS1",62.5,55,589,4.37,4.4,2.74
"967",5393,0.3,"Premium","D","SI2",60.9,58,574,4.32,4.29,2.62
"968",23731,1.54,"Premium","H","VS2",61.9,59,11769,7.33,7.31,4.53
"969",52140,0.76,"Ideal","F","SI2",61.1,55,2469,5.9,5.94,3.62
"970",38133,0.3,"Very Good","G","VVS1",63.1,58,1013,4.31,4.28,2.71
"971",13463,1,"Very Good","F","SI1",63.3,58,5528,6.28,6.39,4.01
"972",50170,0.7,"Premium","D","SI1",61.4,59,2218,5.67,5.64,3.47
"973",33192,0.36,"Ideal","F","VS1",61.6,56,819,4.62,4.64,2.85
"974",35548,0.35,"Premium","H","VVS2",62.7,58,906,4.5,4.46,2.81
"975",45910,0.52,"Premium","D","SI1",58.7,58,1720,5.32,5.28,3.11
"976",26918,1.93,"Premium","H","VS1",60.5,60,16941,7.98,8.06,4.85
"977",51452,0.6,"Premium","H","VS1",60.8,59,2376,5.49,5.43,3.32
"978",42000,0.43,"Ideal","D","VS1",62.1,55,1264,4.86,4.83,3.01
"979",7095,1.01,"Good","F","SI2",63.7,59,4166,6.28,6.38,4.03
"980",51381,0.7,"Premium","H","VS1",61.9,56,2367,5.7,5.67,3.52
"981",48436,0.51,"Ideal","G","VVS2",61.2,55,1974,5.18,5.15,3.16
"982",51338,0.52,"Ideal","D","VVS2",62.4,56,2362,5.15,5.17,3.22
"983",27944,0.23,"Very Good","G","VVS2",62.3,57,431,3.9,3.92,2.43
"984",14547,1.31,"Premium","J","SI1",59.6,59,5876,7.16,7.13,4.26
"985",110,0.59,"Ideal","E","VVS2",62,55,2761,5.38,5.43,3.35
"986",169,0.58,"Ideal","F","VVS1",61.7,56,2772,5.33,5.37,3.3
"987",40701,0.4,"Ideal","E","VVS2",62.1,55,1158,4.74,4.76,2.95
"988",9966,1,"Very Good","H","SI1",62.3,60,4702,6.34,6.38,3.96
"989",24368,0.31,"Ideal","D","VS2",62.1,55,636,4.32,4.38,2.7
"990",5366,0.91,"Fair","H","SI1",64.7,56,3816,6.1,6.07,3.94
"991",2220,0.84,"Very Good","D","SI2",63.6,57,3145,5.95,6,3.8
"992",45678,0.56,"Ideal","H","VS2",61.8,54,1694,5.34,5.31,3.29
"993",45059,0.58,"Premium","E","SI1",60.7,61,1641,5.47,5.27,3.28
"994",36738,0.32,"Ideal","G","IF",61.2,57,954,4.4,4.43,2.7
"995",28551,0.3,"Premium","H","VS1",61,58,675,4.31,4.28,2.62
"996",49525,0.54,"Very Good","G","VVS1",60.7,56,2123,5.25,5.3,3.2
"997",21530,1.51,"Very Good","D","SI2",59.7,58,9627,7.43,7.48,4.45
"998",32806,0.34,"Ideal","E","VS1",61,57,805,4.49,4.52,2.75
"999",3573,0.96,"Very Good","D","SI2",60.2,63,3419,6.36,6.3,3.81
"1000",37399,0.5,"Very Good","G","SI2",58.6,61,983,5.16,5.21,3.04
"1001",28606,0.3,"Very Good","E","SI1",63.2,56,675,4.3,4.27,2.71
"1002",35935,0.37,"Ideal","F","VVS2",61.6,57,920,4.59,4.63,2.84
"1003",33431,0.32,"Ideal","G","VS1",61.8,55,828,4.45,4.42,2.74
"1004",20062,0.31,"Very Good","G","VS1",63,57,625,4.28,4.32,2.71
"1005",23042,1.53,"Very Good","E","SI2",59.3,58,11069,7.54,7.57,4.48
"1006",43415,0.51,"Ideal","E","VS2",60.8,56,1413,5.18,5.21,3.16
"1007",35427,0.32,"Ideal","E","VS2",61.7,56,900,4.44,4.41,2.73
"1008",36419,0.42,"Premium","D","SI1",63,59,942,4.79,4.77,3.01
"1009",9959,1.09,"Premium","H","SI2",62,57,4700,6.61,6.55,4.08
"1010",39285,0.3,"Ideal","H","VS2",62.1,57,491,4.27,4.3,2.66
"1011",22771,1.53,"Ideal","I","VS1",62.8,55,10796,7.4,7.35,4.63
"1012",42654,0.4,"Premium","G","IF",60.8,58,1333,4.73,4.77,2.89
"1013",8949,1.19,"Premium","I","SI2",62.6,58,4498,6.82,6.69,4.23
"1014",4400,0.31,"Very Good","D","SI1",60.2,56,571,4.37,4.4,2.64
"1015",38555,0.39,"Ideal","E","VVS2",61.9,55,1034,4.7,4.73,2.92
"1016",41702,0.51,"Good","E","SI1",63.6,59,1241,5.13,5.06,3.24
"1017",48810,0.72,"Very Good","I","SI1",59.8,58,2026,5.84,5.87,3.5
"1018",52771,0.73,"Very Good","G","SI1",58.8,61,2564,5.87,5.93,3.47
"1019",49424,0.7,"Very Good","H","SI1",62.2,56,2107,5.64,5.67,3.52
"1020",9338,0.94,"Premium","E","SI1",62,58,4580,6.27,6.24,3.88
"1021",22636,1.51,"Premium","H","VS2",60.7,58,10685,7.45,7.4,4.51
"1022",30410,0.4,"Good","H","VS2",59.4,64,730,4.75,4.82,2.84
"1023",53620,0.3,"Ideal","I","VVS1",61.1,57,552,4.32,4.36,2.65
"1024",29979,0.38,"Very Good","G","VS2",59.7,62,715,4.66,4.68,2.79
"1025",40879,0.38,"Ideal","E","VVS2",61.6,55,1176,4.72,4.67,2.89
"1026",25674,1.65,"Ideal","G","VS2",61.9,57,14593,7.65,7.61,4.72
"1027",40918,0.42,"Ideal","G","VVS1",60.6,56,1179,4.86,4.88,2.95
"1028",3609,1.02,"Good","H","SI2",58.6,64,3427,6.32,6.26,3.68
"1029",48736,0.78,"Ideal","I","VS2",62,56,2012,5.93,5.87,3.66
"1030",5518,1,"Good","I","SI1",63.8,58,3850,6.28,6.32,4.02
"1031",51220,0.5,"Ideal","H","IF",61.8,56,2352,5.1,5.13,3.16
"1032",6221,1.01,"Very Good","F","SI2",60.7,57,4004,6.42,6.46,3.91
"1033",38079,0.3,"Ideal","E","VVS2",61.8,56,1013,4.33,4.31,2.67
"1034",51971,0.29,"Good","F","SI1",57.4,61,545,4.39,4.42,2.53
"1035",38025,0.5,"Very Good","E","SI2",58,63,1009,5.22,5.19,3.02
"1036",32038,0.3,"Ideal","E","VVS2",62.2,54.4,779,4.3,4.32,2.68
"1037",40418,0.5,"Ideal","J","VS1",61.4,58,1134,5.14,5.09,3.15
"1038",11652,1.01,"Very Good","H","VS1",59.6,58,5055,6.46,6.5,3.86
"1039",24548,2.02,"Ideal","J","VS2",62,56,12832,8.06,8.13,5.02
"1040",43363,0.58,"Very Good","I","VS2",61.7,54.1,1408,5.37,5.4,3.32
"1041",23382,0.36,"Good","E","SI1",63.1,58,631,4.49,4.54,2.85
"1042",17523,1.24,"Very Good","H","SI1",60.8,60,7050,6.9,6.94,4.21
"1043",49003,0.67,"Premium","G","VS2",61,61,2050,5.66,5.61,3.44
"1044",12375,0.4,"Ideal","F","SI2",62.1,53,597,4.76,4.78,2.96
"1045",29829,0.42,"Very Good","F","SI2",61.5,59,710,4.81,4.85,2.97
"1046",50081,0.51,"Premium","D","VS1",60,58,2203,5.19,5.14,3.1
"1047",48915,0.58,"Good","E","VS1",61.5,61.9,2041,5.3,5.34,3.27
"1048",41633,0.3,"Very Good","H","SI1",58.7,63,504,4.37,4.32,2.55
"1049",45253,0.51,"Ideal","G","VS2",62.3,54,1660,5.17,5.12,3.21
"1050",9829,1.01,"Good","G","SI1",63.6,57,4672,6.37,6.33,4.04
"1051",22283,1.7,"Ideal","H","VS2",62.8,55,10333,7.61,7.54,4.76
"1052",16351,0.3,"Premium","H","VS2",62.9,59,608,4.3,4.26,2.69
"1053",33471,0.32,"Ideal","F","VS2",60.3,55,828,4.45,4.4,2.67
"1054",23575,1.32,"Ideal","G","VS1",61.7,56,11584,7.04,7.07,4.35
"1055",1457,0.8,"Ideal","E","SI2",61,55,2978,6,6.03,3.67
"1056",40656,0.5,"Very Good","E","SI2",61.4,58,1154,5.09,5.11,3.13
"1057",48582,0.54,"Ideal","D","VS2",61.1,57,1993,5.25,5.22,3.2
"1058",42131,0.53,"Ideal","I","VS2",60.3,60,1279,5.25,5.22,3.16
"1059",41176,0.4,"Ideal","G","VVS1",61.2,56,1200,4.79,4.75,2.92
"1060",38128,0.3,"Ideal","G","VVS1",61.7,57,1013,4.32,4.3,2.66
"1061",6399,1.01,"Premium","G","SI2",62.1,61,4038,6.38,6.27,3.93
"1062",53595,0.76,"Fair","H","VVS2",64.8,57,2699,5.67,5.81,3.71
"1063",44940,0.56,"Ideal","G","SI1",61.2,54,1633,5.36,5.32,3.27
"1064",31442,0.4,"Ideal","J","VS2",62.9,57,765,4.75,4.7,2.97
"1065",29339,0.31,"Very Good","H","VS1",63.1,58,698,4.3,4.26,2.7
"1066",8641,1,"Premium","I","VS2",61.6,59,4452,6.47,6.39,3.96
"1067",11926,1.15,"Ideal","J","VS2",60.7,55,5125,6.77,6.83,4.13
"1068",3766,0.9,"Very Good","F","SI2",63.1,56,3457,6.18,6.12,3.88
"1069",50289,0.31,"Very Good","G","VS1",62.7,54,542,4.35,4.36,2.73
"1070",50240,0.71,"Ideal","G","SI1",60.6,57,2233,5.72,5.8,3.49
"1071",50227,0.54,"Ideal","F","VVS2",61,54,2231,5.28,5.3,3.23
"1072",28902,0.3,"Very Good","G","VVS2",62.8,60,684,4.25,4.28,2.68
"1073",19614,1.5,"Premium","F","SI2",63,59,8232,7.24,7.2,4.55
"1074",46448,0.56,"Ideal","E","VS1",61.6,56,1773,5.26,5.32,3.26
"1075",53384,0.7,"Ideal","F","SI1",61.7,54,2662,5.72,5.75,3.54
"1076",14249,1.29,"Ideal","J","VS2",62.1,59,5771,6.92,6.96,4.31
"1077",11296,1.27,"Very Good","H","SI2",63.1,57,4978,6.88,6.84,4.33
"1078",38517,0.37,"Ideal","G","IF",62.4,56,1033,4.6,4.64,2.88
"1079",6826,1.01,"Good","F","SI2",58.2,63,4119,6.51,6.55,3.8
"1080",53467,0.76,"Ideal","I","VS1",61.5,57,2679,5.85,5.89,3.61
"1081",25875,2.47,"Premium","I","SI2",62.5,56,14970,8.65,8.6,5.39
"1082",45353,0.59,"Premium","E","SI1",61.8,60,1664,5.33,5.39,3.31
"1083",29619,0.36,"Ideal","J","SI1",62.3,53,439,4.59,4.62,2.87
"1084",33595,0.37,"Premium","G","VS2",59.3,60,833,4.71,4.67,2.78
"1085",38959,0.31,"Good","H","VS2",63.2,58,489,4.31,4.33,2.73
"1086",13168,1,"Premium","E","SI1",60.7,59,5445,6.38,6.41,3.88
"1087",27296,1.71,"Premium","F","VS2",61.4,60,17766,7.72,7.62,4.71
"1088",5015,1.52,"Fair","I","I1",67.7,58,3745,7.07,7,4.76
"1089",19476,1.26,"Premium","G","VS2",60.1,61,8113,7.04,6.97,4.21
"1090",38945,0.31,"Premium","H","VS2",62.7,59,489,4.29,4.32,2.7
"1091",31405,0.3,"Ideal","G","VVS1",61.7,54,764,4.32,4.34,2.67
"1092",15543,1.03,"Ideal","G","VS2",60.3,56,6229,6.59,6.55,3.96
"1093",11109,1.03,"Very Good","H","SI1",63.3,57,4932,6.41,6.39,4.05
"1094",15209,1.01,"Premium","G","VS2",62.4,58,6108,6.41,6.38,3.99
"1095",11202,1.02,"Premium","H","VS2",61,60,4958,6.5,6.46,3.95
"1096",40744,0.53,"Ideal","I","VS2",62.2,56,1163,5.15,5.2,3.22
"1097",36214,0.36,"Premium","G","VS1",61.2,60,932,4.59,4.56,2.8
"1098",34153,0.33,"Premium","G","VS1",60.3,59,854,4.52,4.44,2.7
"1099",34121,0.38,"Ideal","E","VS2",61.7,54.3,853,4.68,4.69,2.89
"1100",28543,0.3,"Good","E","SI1",63.7,59,675,4.27,4.21,2.7
"1101",17312,1.28,"Premium","D","SI2",61.2,58,6936,7.09,6.96,4.3
"1102",20793,1.52,"Very Good","D","SI2",63.2,58,9030,7.31,7.25,4.6
"1103",45873,0.5,"Ideal","E","VS1",61.9,56,1716,5.09,5.12,3.16
"1104",47102,0.7,"Ideal","J","SI2",61.6,57,1826,5.68,5.65,3.49
"1105",22207,1.34,"Ideal","H","VVS1",62.1,56,10255,7.05,7.11,4.4
"1106",42332,0.45,"Premium","D","VS1",60.6,59,1297,4.96,4.98,3.01
"1107",13701,1.13,"Premium","G","SI1",60.9,58,5600,6.75,6.72,4.1
"1108",14707,0.3,"Very Good","G","VS1",62.9,60,605,4.18,4.22,2.64
"1109",46181,0.5,"Premium","G","VS1",62.2,59,1746,5.09,5.04,3.15
"1110",23537,1.51,"Premium","H","VS2",62.3,59,11540,7.32,7.28,4.55
"1111",35476,0.39,"Ideal","G","VVS2",60.6,57,902,4.72,4.75,2.87
"1112",14697,1,"Very Good","F","VS2",58.7,62,5929,6.51,6.6,3.85
"1113",13450,1.02,"Ideal","H","SI1",60.9,57,5522,6.51,6.55,3.98
"1114",34004,0.42,"Ideal","G","VS2",61.2,56,847,4.8,4.84,2.95
"1115",25088,1.72,"Premium","H","VS2",61.3,59,13609,7.72,7.69,4.72
"1116",13546,1.02,"Ideal","F","SI1",60.1,59,5549,6.59,6.56,3.95
"1117",35046,0.42,"Ideal","I","VVS1",60.2,57,884,4.85,4.88,2.93
"1118",50352,0.8,"Good","G","SI2",64.2,55,2246,5.89,5.83,3.76
"1119",28155,0.3,"Ideal","H","VVS1",61.4,56,665,4.32,4.35,2.66
"1120",42364,0.53,"Ideal","E","SI1",61.2,54,1303,5.21,5.25,3.2
"1121",42661,0.4,"Ideal","G","IF",62.2,55,1333,4.73,4.76,2.95
"1122",9693,0.32,"Ideal","D","SI1",62,57,589,4.37,4.4,2.72
"1123",19678,1.41,"Very Good","H","SI1",62.6,59,8283,7.08,7.14,4.45
"1124",53572,0.71,"Very Good","F","VS2",60.6,58,2697,5.74,5.81,3.5
"1125",6315,0.96,"Premium","H","SI1",63,58,4026,6.27,6.23,3.94
"1126",20256,1.41,"Premium","H","VS2",62,58,8686,7.19,7.12,4.44
"1127",14304,1.21,"Premium","H","SI1",62.8,59,5793,6.72,6.68,4.21
"1128",23858,1.8,"Premium","I","SI1",61.9,60,11948,7.78,7.74,4.8
"1129",851,0.83,"Ideal","E","SI2",62.2,57,2870,6,6.05,3.75
"1130",44035,0.42,"Ideal","D","VVS1",61.6,56,1547,4.79,4.82,2.96
"1131",46566,0.53,"Ideal","D","VS2",60.9,57,1783,5.17,5.24,3.17
"1132",11487,1.2,"Very Good","J","VS1",59.1,61,5016,6.94,7,4.12
"1133",24662,1.25,"Ideal","E","VVS2",60.9,60,13006,6.93,6.97,4.23
"1134",14511,1.01,"Very Good","F","SI1",62.4,59,5861,6.37,6.42,3.99
"1135",37775,0.41,"Ideal","E","VS2",62.5,55,999,4.77,4.74,2.97
"1136",590,0.82,"Very Good","H","SI1",60.7,56,2836,6.04,6.06,3.67
"1137",32052,0.32,"Ideal","D","VS1",60.3,57,780,4.42,4.44,2.67
"1138",43069,0.62,"Very Good","I","VS2",60.7,57.3,1378,5.48,5.52,3.33
"1139",19810,1,"Good","D","VVS2",60.2,62,8374,6.42,6.46,3.88
"1140",40067,0.43,"Premium","G","VS2",61.2,58,1113,4.9,4.84,2.98
"1141",32490,0.32,"Ideal","G","VVS1",61.4,57,796,4.4,4.44,2.71
"1142",22031,0.34,"Ideal","H","SI1",62.6,56,628,4.48,4.46,2.8
"1143",40670,0.44,"Premium","G","VVS2",61.3,60,1155,4.94,4.88,3.01
"1144",3412,0.38,"Ideal","F","SI2",62,55,568,4.67,4.69,2.9
"1145",11050,0.32,"Very Good","H","VVS2",62.4,56,596,4.35,4.37,2.72
"1146",47994,0.32,"Ideal","J","IF",62.2,55,533,4.4,4.44,2.75
"1147",36064,0.32,"Ideal","D","VVS1",62.1,54,924,4.4,4.43,2.74
"1148",16014,1.23,"Ideal","H","VS2",59,57,6406,7.05,6.99,4.14
"1149",26841,1.54,"Very Good","D","VS1",59.1,59,16750,7.51,7.55,4.45
"1150",10339,1.15,"Very Good","H","SI2",63.2,58,4767,6.64,6.68,4.21
"1151",26482,2,"Premium","I","VS2",58.6,62,16068,8.2,8.17,4.8
"1152",24080,1.51,"Very Good","E","SI1",60.3,58,12224,7.43,7.47,4.49
"1153",50452,0.7,"Ideal","F","SI1",59.9,57,2264,5.74,5.82,3.46
"1154",50104,0.71,"Fair","I","VS2",64.7,60,2208,5.54,5.46,3.56
"1155",17765,1.05,"Premium","F","VS2",62.6,58,7154,6.5,6.47,4.06
"1156",38844,0.47,"Ideal","I","VVS1",61,56,1050,5.02,5.04,3.07
"1157",28051,0.31,"Ideal","H","VVS1",62,54.2,660,4.35,4.39,2.71
"1158",482,0.73,"Premium","E","SI1",61.3,58,2821,5.83,5.76,3.55
"1159",9931,1.05,"Premium","H","SI1",59.5,58,4692,6.69,6.61,3.96
"1160",17749,1.51,"Ideal","I","SI1",62.2,56,7145,7.36,7.27,4.55
"1161",25133,2.02,"Premium","J","VS2",62,59,13687,8.06,8.08,5
"1162",23600,1.4,"Very Good","G","VVS2",63.4,59,11624,7.12,7.04,4.49
"1163",31448,0.4,"Ideal","I","SI1",61.6,56,765,4.74,4.68,2.9
"1164",28519,0.32,"Very Good","I","IF",61.9,59,673,4.37,4.39,2.71
"1165",11169,1.07,"Premium","D","SI2",62.6,61,4949,6.49,6.42,4.04
"1166",33918,0.3,"Premium","E","VS2",62.9,58,844,4.24,4.22,2.66
"1167",1737,0.32,"Premium","G","VS2",62.3,58,561,4.36,4.41,2.73
"1168",8983,1.19,"Ideal","J","SI2",61.7,56,4508,6.8,6.85,4.21
"1169",4114,0.9,"Fair","H","VS2",64.6,55,3538,6.07,6,3.9
"1170",41889,0.41,"Ideal","G","IF",61.6,55,1259,4.78,4.83,2.96
"1171",28332,0.33,"Ideal","G","VS1",61.9,54,666,4.44,4.48,2.76
"1172",31325,0.32,"Ideal","D","VS2",61.6,56,758,4.37,4.4,2.7
"1173",42676,0.53,"Ideal","F","SI2",60.3,56,1335,5.25,5.3,3.18
"1174",15815,1.03,"Premium","G","VS2",62.3,59,6327,6.42,6.38,3.99
"1175",36507,0.36,"Good","F","VS1",63.6,60,945,4.52,4.47,2.86
"1176",3508,0.74,"Ideal","G","VVS1",61.9,54,3402,5.8,5.84,3.6
"1177",10299,1.01,"Very Good","I","SI1",62.9,58,4759,6.36,6.4,4.01
"1178",43749,0.51,"Premium","G","VS2",62.4,58,1438,5.11,5.12,3.19
"1179",38654,0.42,"Ideal","D","SI1",61.9,56,1040,4.84,4.82,2.99
"1180",52346,0.79,"Premium","H","SI1",60.1,60,2498,6.04,5.98,3.61
"1181",5596,1.01,"Fair","H","SI1",65.3,61,3869,6.23,6.18,4.05
"1182",29065,0.4,"Good","E","SI1",63.3,56,687,4.68,4.74,2.98
"1183",38094,0.45,"Premium","I","VVS1",63,56,1013,4.9,4.88,3.08
"1184",33367,0.41,"Ideal","G","VS2",61.4,55,827,4.75,4.8,2.93
"1185",40050,0.38,"Premium","E","VS2",60.5,62,1112,4.74,4.65,2.84
"1186",45892,0.52,"Premium","F","VS2",60.7,59,1720,5.18,5.14,3.13
"1187",13047,0.26,"Very Good","E","VS2",62.8,58,601,4,4.06,2.53
"1188",1531,0.7,"Premium","G","VVS2",60.6,60,2999,5.77,5.69,3.47
"1189",12878,1.01,"Premium","E","SI1",58.2,59,5366,6.59,6.54,3.82
"1190",32378,0.3,"Fair","G","VVS1",58.6,66,790,4.36,4.41,2.57
"1191",20859,1.07,"Ideal","D","VS1",61.8,57,9077,6.55,6.58,4.06
"1192",35139,0.39,"Very Good","E","VS2",60.1,61,889,4.72,4.76,2.85
"1193",11722,0.34,"Ideal","E","SI1",61.8,56,596,4.45,4.48,2.76
"1194",25660,2.02,"Premium","E","SI2",60.4,57,14574,8.21,8.18,4.95
"1195",46032,0.57,"Premium","G","VS2",59.7,59,1728,5.41,5.37,3.22
"1196",29609,0.35,"Premium","F","VS2",61.8,58,706,4.48,4.52,2.78
"1197",22209,1.21,"Ideal","G","VVS2",60.6,56,10256,6.9,6.89,4.18
"1198",53283,0.3,"Very Good","D","SI1",62.6,56,552,4.24,4.29,2.67
"1199",33061,0.3,"Ideal","F","VVS1",61.9,56,814,4.3,4.33,2.67
"1200",42289,0.23,"Good","E","VVS2",62.2,60,505,3.9,3.94,2.44
"1201",6395,0.92,"Very Good","F","SI1",62.7,57,4037,6.14,6.2,3.87
"1202",50542,0.52,"Ideal","E","VS1",61.8,56,2275,5.17,5.19,3.2
"1203",35299,0.3,"Very Good","I","VS1",60.8,59,473,4.3,4.32,2.62
"1204",26187,1.51,"Premium","D","VS2",61.7,58,15531,7.33,7.29,4.51
"1205",26942,2.2,"Premium","H","SI2",61.1,59,16996,8.41,8.35,5.12
"1206",38335,0.32,"Premium","E","VVS1",61.8,59,1020,4.39,4.35,2.7
"1207",36455,0.31,"Ideal","D","VS2",62.5,57,942,4.36,4.31,2.71
"1208",25771,2.23,"Very Good","J","VS2",61,58,14732,8.36,8.39,5.11
"1209",8581,1.13,"Very Good","G","SI2",60,61,4437,6.71,6.78,4.05
"1210",38013,0.44,"Good","D","VS2",63.6,56,1009,4.81,4.84,3.07
"1211",47238,0.6,"Very Good","D","SI1",60,56,1841,5.46,5.51,3.29
"1212",46795,0.5,"Premium","G","VVS2",60.5,62,1806,5.14,5.07,3.09
"1213",40055,0.38,"Premium","E","VS2",61.8,58,1112,4.64,4.61,2.86
"1214",20373,0.31,"Good","F","VS2",63.4,56,625,4.31,4.34,2.74
"1215",50980,0.31,"Very Good","G","VS2",61,56,544,4.35,4.37,2.66
"1216",11284,1.05,"Premium","G","SI1",60.3,57,4974,6.64,6.59,3.99
"1217",22957,1.7,"Premium","J","VVS1",62.9,60,11005,7.61,7.56,4.77
"1218",6348,1,"Good","I","VVS2",57.4,59,4032,6.61,6.53,3.77
"1219",1629,0.78,"Ideal","H","VVS2",61.7,55,3015,5.9,5.94,3.65
"1220",13955,1.09,"Premium","H","VS2",60,56,5677,6.73,6.68,4.02
"1221",40899,0.41,"Ideal","D","VS2",61.7,55,1177,4.8,4.76,2.95
"1222",35743,0.3,"Premium","D","VS2",62.2,60,911,4.3,4.28,2.67
"1223",25898,1.51,"Premium","E","VS2",60.1,58,15025,7.57,7.51,4.53
"1224",15954,1.24,"Premium","I","VVS2",62.7,58,6383,6.85,6.89,4.31
"1225",46757,0.61,"Premium","G","VS2",63,58,1800,5.43,5.4,3.41
"1226",4690,0.92,"Premium","H","SI1",62.2,58,3675,6.19,6.23,3.86
"1227",45476,0.72,"Premium","F","SI2",61.3,59,1676,5.81,5.76,3.55
"1228",19118,1.01,"Very Good","G","VVS2",63.3,57,7885,6.31,6.36,4.01
"1229",41541,0.42,"Ideal","D","VS1",61.1,57,1235,4.84,4.81,2.95
"1230",43769,0.54,"Premium","H","VS2",62.6,58,1439,5.19,5.16,3.24
"1231",40352,0.43,"Premium","G","VVS2",62.3,60,1129,4.85,4.78,3
"1232",48748,0.8,"Premium","J","SI1",58.4,59,2016,6.12,6.04,3.55
"1233",3355,0.71,"Premium","E","VVS2",59,59,3380,5.88,5.82,3.45
"1234",1508,0.71,"Very Good","F","VS2",59.6,56,2994,5.84,5.88,3.49
"1235",48186,0.72,"Premium","J","VS2",60.2,59,1944,5.85,5.81,3.51
"1236",40462,0.38,"Ideal","D","VS1",62.5,56,1140,4.67,4.64,2.91
"1237",7515,0.91,"Premium","G","VS2",59.5,58,4241,6.34,6.26,3.75
"1238",18414,1.25,"Ideal","I","VS1",61.6,56,7485,6.91,6.95,4.27
"1239",11419,0.9,"Good","G","VVS2",63.6,58,5001,6.1,6.11,3.88
"1240",44175,0.58,"Very Good","E","VS2",61.1,63,1566,5.41,5.33,3.28
"1241",45514,0.64,"Premium","E","SI1",61.2,62,1682,5.56,5.52,3.39
"1242",51583,0.73,"Very Good","H","SI1",59.5,58,2393,5.85,5.91,3.5
"1243",24324,1.6,"Good","E","SI1",63.6,58,12581,7.44,7.38,4.71
"1244",12183,1.01,"Ideal","F","SI1",62,57,5184,6.38,6.42,3.97
"1245",36362,0.32,"Good","F","VVS1",63.8,54,939,4.38,4.31,2.77
"1246",42963,0.42,"Very Good","E","VVS1",60.5,55,1365,4.85,4.9,2.95
"1247",2599,0.9,"Good","E","SI2",62,63,3218,6.09,6.14,3.79
"1248",53378,0.71,"Ideal","I","SI1",61.9,56,2660,5.71,5.74,3.54
"1249",31426,0.3,"Ideal","H","IF",61.5,58,764,4.28,4.3,2.64
"1250",9332,0.9,"Very Good","E","VS2",62.2,59,4580,6.13,6.18,3.83
"1251",43493,0.51,"Premium","F","SI1",60.5,59,1421,5.18,5.13,3.12
"1252",22025,0.32,"Ideal","G","VS1",61.4,56,628,4.42,4.47,2.73
"1253",9645,1,"Very Good","I","VS1",63.3,55,4641,6.39,6.34,4.03
"1254",11096,1.1,"Premium","F","SI2",62,59,4928,6.62,6.6,4.1
"1255",50108,0.51,"Ideal","G","IF",61.4,54,2208,5.18,5.24,3.2
"1256",7176,1.01,"Premium","I","SI1",61.8,58,4185,6.45,6.37,3.96
"1257",1675,0.83,"Ideal","H","VS2",61.3,54,3027,6.06,6.1,3.73
"1258",6394,0.92,"Very Good","F","SI1",62.9,56,4037,6.2,6.24,3.91
"1259",37444,0.51,"Premium","I","SI1",62.7,59,984,5.06,5.09,3.18
"1260",43045,0.51,"Ideal","H","VS2",61.6,55,1375,5.16,5.19,3.19
"1261",37044,0.34,"Ideal","D","VS2",61,56,967,4.51,4.54,2.76
"1262",26060,1.52,"Very Good","G","VVS2",62.9,59,15265,7.25,7.29,4.57
"1263",7691,1.1,"Very Good","H","SI1",63,58,4276,6.53,6.59,4.13
"1264",35872,0.3,"Ideal","E","VVS1",61.1,56,918,4.36,4.38,2.67
"1265",14730,0.3,"Very Good","F","VS2",62.9,57,605,4.27,4.29,2.69
"1266",13763,1.1,"Ideal","G","SI1",61.6,56,5610,6.59,6.68,4.09
"1267",47797,0.58,"Ideal","G","VS1",62.2,55,1899,5.32,5.35,3.32
"1268",36491,0.3,"Ideal","E","IF",61.7,55,943,4.31,4.34,2.67
"1269",35779,0.32,"Ideal","F","VVS1",62.1,54,912,4.41,4.42,2.74
"1270",23079,1.54,"Premium","G","SI1",61.8,59,11107,7.32,7.37,4.54
"1271",42206,0.52,"Good","H","VS2",63.7,54,1289,5.09,5.12,3.25
"1272",8008,0.9,"Very Good","H","VS2",62.3,59,4328,6.1,6.17,3.82
"1273",7218,1.01,"Premium","H","SI1",58.8,62,4191,6.59,6.54,3.86
"1274",18375,0.31,"Very Good","G","VVS2",62.3,59,617,4.29,4.32,2.68
"1275",40549,0.41,"Good","F","VVS2",59.2,63,1150,4.82,4.87,2.87
"1276",46240,0.53,"Premium","F","VS2",60.6,55,1753,5.26,5.23,3.18
"1277",48740,0.56,"Premium","G","VS1",59.9,60,2013,5.41,5.37,3.23
"1278",41645,0.4,"Ideal","E","VVS2",61.7,56,1238,4.77,4.73,2.93
"1279",6947,0.96,"Very Good","F","SI2",60.9,57,4142,6.38,6.42,3.9
"1280",328,0.72,"Premium","E","VS2",63,55,2802,5.79,5.61,3.59
"1281",49192,0.71,"Very Good","H","SI1",61.4,58,2076,5.72,5.78,3.53
"1282",50004,0.74,"Fair","H","VS1",66.3,63,2193,5.63,5.5,3.69
"1283",41864,0.4,"Ideal","G","IF",61.1,56,1257,4.76,4.79,2.92
"1284",30806,0.3,"Very Good","E","VVS2",62.4,57,743,4.26,4.27,2.66
"1285",2467,0.8,"Ideal","E","VS2",61.4,55,3192,5.96,5.99,3.67
"1286",24863,2.5,"Fair","H","SI2",64.9,58,13278,8.46,8.43,5.48
"1287",14047,0.26,"Ideal","G","IF",62.5,57,605,4.06,4.1,2.55
"1288",20499,1.22,"Ideal","G","VS1",62.6,54.4,8830,6.77,6.83,4.26
"1289",19475,1.5,"Good","H","SI1",64.9,57,8112,7.08,7.15,4.62
"1290",39565,0.32,"Premium","F","IF",59.3,58,1080,4.47,4.44,2.62
"1291",47850,0.53,"Very Good","E","VS1",62.6,59,1909,5.19,5.25,3.27
"1292",28887,0.3,"Very Good","H","VVS1",63,54,684,4.27,4.3,2.7
"1293",48120,0.7,"Ideal","J","SI1",62.6,56,1937,5.66,5.68,3.55
"1294",40077,0.3,"Premium","F","VVS1",62,59,1114,4.28,4.24,2.64
"1295",25649,2.51,"Premium","H","SI2",59.3,61,14543,8.81,8.77,5.21
"1296",16774,1.13,"Ideal","E","SI1",62.2,55,6682,6.69,6.66,4.15
"1297",44755,0.51,"Ideal","F","VS2",61,57,1619,5.16,5.11,3.13
"1298",30224,0.33,"Ideal","E","VS2",61.3,55,723,4.46,4.48,2.74
"1299",25465,1.4,"Ideal","G","VVS2",62,56,14231,7.18,7.13,4.44
"1300",37337,0.43,"Premium","E","VS2",61.6,59,981,4.81,4.84,2.97
"1301",49219,0.71,"Very Good","G","SI2",61.3,58,2081,5.73,5.75,3.52
"1302",3439,0.9,"Premium","H","SI1",62.1,61,3387,6.11,6.07,3.78
"1303",88,0.24,"Premium","H","VVS1",60.8,59,554,4.02,4,2.44
"1304",16162,1.23,"Very Good","H","VS2",61.6,59,6459,6.84,6.86,4.22
"1305",35833,0.44,"Ideal","G","VS1",61.9,54,915,4.89,4.93,3.04
"1306",21442,1.23,"Ideal","F","VS2",61.7,57,9547,6.94,6.9,4.27
"1307",13932,1,"Good","H","VS1",60.2,63,5668,6.43,6.47,3.88
"1308",49128,0.56,"Ideal","D","VS2",61.2,56,2066,5.35,5.3,3.26
"1309",16780,1.02,"Ideal","G","VS1",62.2,56,6683,6.46,6.4,4
"1310",53474,0.76,"Ideal","E","SI2",61.5,57,2680,5.83,5.87,3.6
"1311",2668,0.89,"Very Good","I","VS2",63.1,55,3238,6.09,6.17,3.87
"1312",7273,1.04,"Premium","G","SI2",61.2,58,4200,6.5,6.57,4
"1313",28205,0.4,"Very Good","D","SI2",62.8,56,666,4.7,4.73,2.96
"1314",14805,1.32,"Premium","H","VS1",61.3,58,5958,7.09,7.01,4.32
"1315",21208,1.51,"Ideal","I","VS2",61.6,57,9352,7.34,7.28,4.5
"1316",43528,0.62,"Very Good","E","SI2",63.4,56,1426,5.4,5.45,3.44
"1317",31901,0.3,"Premium","G","VS1",62.3,59,776,4.3,4.27,2.67
"1318",400,0.3,"Very Good","H","SI1",63.3,56,554,4.29,4.27,2.71
"1319",2338,0.74,"Ideal","F","VS1",61.7,56,3170,5.83,5.78,3.58
"1320",24347,1.21,"Ideal","F","VVS1",62,58,12613,6.82,6.86,4.24
"1321",51506,0.72,"Ideal","G","VS2",62,56,2383,5.75,5.79,3.58
"1322",2955,0.83,"Very Good","E","SI1",63.8,54,3295,5.96,6.04,3.83
"1323",8610,1.02,"Good","E","SI1",63.7,62,4443,6.31,6.4,4.05
"1324",10209,1.04,"Premium","G","SI1",60.6,61,4742,6.63,6.59,4
"1325",18165,1.5,"Very Good","H","SI2",62.1,59,7365,7.24,7.28,4.51
"1326",39682,0.46,"Premium","G","VS1",62.8,57,1087,4.92,4.83,3.06
"1327",23430,1.28,"Ideal","E","VS1",61.7,57,11419,6.93,6.97,4.29
"1328",4478,0.9,"Very Good","F","SI1",63.1,58,3624,6.09,6.15,3.86
"1329",10517,0.91,"Ideal","F","SI1",62,57,4801,6.22,6.24,3.86
"1330",19684,0.27,"Ideal","H","VVS2",62.1,57,623,4.15,4.1,2.56
"1331",32098,0.33,"Ideal","E","VS1",62.7,57,781,4.38,4.45,2.77
"1332",28071,0.31,"Ideal","G","VVS2",60,58,661,4.38,4.42,2.64
"1333",27995,0.3,"Premium","E","VS2",61.8,58,658,4.31,4.36,2.68
"1334",26051,1.52,"Ideal","D","VS2",62.3,56,15252,7.41,7.32,4.59
"1335",24301,1.57,"Good","G","VS2",57.8,60,12547,7.66,7.6,4.41
"1336",33058,0.3,"Ideal","F","VVS1",61.1,56,814,4.33,4.38,2.66
"1337",36444,0.31,"Ideal","D","VS2",62.1,56,942,4.35,4.34,2.7
"1338",47119,0.62,"Ideal","H","VS1",61.8,54,1828,5.5,5.53,3.41
"1339",25063,1.61,"Premium","D","SI1",61.4,60,13582,7.56,7.51,4.63
"1340",33360,0.41,"Good","J","IF",63.5,54,827,4.7,4.75,3
"1341",39234,0.38,"Premium","D","VS1",61.9,60,1067,4.62,4.66,2.87
"1342",44669,0.32,"Ideal","H","VS2",61.3,56,523,4.42,4.45,2.72
"1343",46718,0.52,"Premium","E","VS1",61.6,58,1793,5.18,5.14,3.18
"1344",21534,1.22,"Ideal","F","VS1",62.2,57,9633,6.85,6.81,4.25
"1345",23717,0.25,"Very Good","F","VVS2",62.4,55,633,4.03,4.06,2.52
"1346",34270,0.32,"Ideal","I","VS2",61.5,54,466,4.43,4.45,2.73
"1347",38947,0.31,"Very Good","I","VS1",62.8,55,489,4.31,4.35,2.72
"1348",45281,0.56,"Ideal","G","VS2",60.8,55,1662,5.33,5.37,3.25
"1349",15025,1,"Premium","G","VS2",58.6,61,6048,6.61,6.57,3.86
"1350",7015,0.9,"Very Good","F","SI1",63.2,56,4158,6.16,6.09,3.87
"1351",48079,0.6,"Ideal","G","VS2",61.1,55,1930,5.46,5.48,3.34
"1352",11690,1.29,"Ideal","D","I1",61.3,56,5065,6.99,7.05,4.3
"1353",28815,0.39,"Ideal","G","SI2",62,55,683,4.69,4.73,2.92
"1354",20524,1.52,"Good","I","SI1",64.1,57,8852,7.26,7.21,4.64
"1355",5728,0.25,"Very Good","D","VVS2",61.3,59,575,4.07,4.12,2.51
"1356",13490,1.16,"Very Good","H","VS2",63,57,5537,6.64,6.66,4.19
"1357",1574,0.71,"Ideal","I","VVS2",60.7,57,3007,5.76,5.8,3.51
"1358",42798,0.5,"Very Good","G","VS2",60.9,58,1351,5.08,5.1,3.1
"1359",27790,0.37,"Premium","E","SI1",59.3,58,649,4.73,4.75,2.81
"1360",32755,0.34,"Very Good","D","SI1",63.1,57,803,4.46,4.44,2.81
"1361",4620,0.87,"Very Good","D","SI1",60.2,60,3664,6.12,6.17,3.7
"1362",20617,1.52,"Good","H","SI1",64.1,59,8915,7.11,7.18,4.58
"1363",7017,0.92,"Good","D","SI1",63.1,58,4158,6.11,6.16,3.87
"1364",25917,2.02,"Very Good","H","SI2",62.3,58,15064,7.97,8.04,4.99
"1365",40118,0.41,"Premium","F","VVS2",61,59,1115,4.77,4.83,2.93
"1366",38415,0.39,"Premium","D","VS2",61.4,60,1024,4.72,4.7,2.89
"1367",32625,0.31,"Very Good","H","VS2",58.9,61,457,4.43,4.46,2.62
"1368",15628,1.01,"Premium","F","VS2",62.4,56,6271,6.43,6.35,3.99
"1369",28753,0.31,"Very Good","E","VS2",62.6,56,680,4.3,4.33,2.7
"1370",4806,0.9,"Very Good","F","SI1",63.4,57,3699,6.06,6.11,3.86
"1371",46235,0.58,"Ideal","E","VS2",62,57,1752,5.33,5.35,3.31
"1372",305,0.6,"Very Good","G","IF",61.6,56,2800,5.43,5.46,3.35
"1373",21261,1.24,"Premium","F","VS2",62.2,58,9411,6.89,6.84,4.27
"1374",44243,0.51,"Very Good","F","VS2",63.1,57,1574,5.1,5.08,3.21
"1375",31113,0.3,"Very Good","D","VVS2",63,56,754,4.29,4.31,2.71
"1376",48093,0.98,"Fair","G","I1",67.3,60,1932,6.17,6.11,4.14
"1377",19763,1.5,"Premium","H","SI2",62.5,60,8333,7.32,7.25,4.55
"1378",51996,0.71,"Premium","G","VS2",60.3,59,2443,5.79,5.76,3.48
"1379",28339,0.33,"Premium","G","VS1",62.2,58,666,4.39,4.42,2.74
"1380",14597,1.24,"Premium","I","VS2",60.1,59,5889,7.02,6.95,4.2
"1381",44606,0.53,"Premium","G","VS2",62,58,1607,5.21,5.18,3.22
"1382",15198,1.01,"Ideal","G","VS2",61.7,57,6104,6.48,6.45,3.99
"1383",31790,0.42,"Very Good","E","SI1",62.3,58,773,4.76,4.81,2.98
"1384",41559,0.52,"Very Good","D","SI1",62,60,1237,5.18,5.11,3.19
"1385",11999,1.01,"Good","D","SI1",63.9,60,5147,6.32,6.29,4.03
"1386",52364,0.54,"Good","E","VVS2",60.1,61,2502,5.3,5.38,3.21
"1387",31776,0.32,"Ideal","F","VS2",61.9,55,773,4.45,4.41,2.74
"1388",33317,0.35,"Premium","D","SI1",61,60,827,4.58,4.54,2.78
"1389",30508,0.31,"Ideal","D","SI1",63,55,732,4.34,4.32,2.73
"1390",42586,0.52,"Very Good","E","SI1",63,54,1330,5.11,5.15,3.23
"1391",7536,0.92,"Good","G","VS2",63.4,57,4243,6.17,6.23,3.93
"1392",30030,0.35,"Premium","E","VS1",62.2,58,718,4.47,4.5,2.79
"1393",3326,0.7,"Very Good","D","VS1",62.8,58,3375,5.65,5.68,3.56
"1394",37573,0.39,"Good","F","VVS2",63.5,58,990,4.61,4.65,2.94
"1395",8029,1.08,"Ideal","H","SI1",62.2,57,4333,6.56,6.6,4.09
"1396",8829,1.02,"Premium","E","SI2",62.9,56,4478,6.43,6.36,4.02
"1397",50467,0.72,"Ideal","I","VS1",62.3,55,2265,5.79,5.69,3.58
"1398",8544,0.9,"Good","F","VS2",63.3,57,4432,6.11,6.15,3.88
"1399",41192,0.59,"Ideal","I","SI2",62.8,57,1202,5.33,5.37,3.36
"1400",37496,0.53,"Premium","E","SI2",62.2,57,984,5.2,5.16,3.22
"1401",28807,0.31,"Ideal","E","VS1",60.5,60,682,4.37,4.39,2.65
"1402",33846,0.3,"Premium","F","VS1",61.5,59,844,4.33,4.31,2.66
"1403",17672,1.32,"Very Good","I","VS2",60.5,59,7125,7.02,7.06,4.26
"1404",24639,1.54,"Ideal","F","VS2",61.9,57,12978,7.42,7.35,4.57
"1405",15982,1.02,"Premium","E","VS2",60.4,58,6397,6.51,6.47,3.92
"1406",22512,1.51,"Premium","H","VS2",63,58,10548,7.34,7.27,4.6
"1407",38277,0.21,"Premium","D","VS2",61.6,59,386,3.82,3.78,2.34
"1408",47676,0.51,"Premium","D","VS2",61.1,59,1882,5.16,5.12,3.14
"1409",12963,1,"Very Good","D","SI1",62.1,61,5390,6.3,6.32,3.92
"1410",15225,1.04,"Ideal","D","SI1",61.9,57,6112,6.51,6.54,4.04
"1411",42005,0.51,"Very Good","E","SI2",58.3,63,1265,5.21,5.26,3.05
"1412",4714,0.31,"Ideal","D","SI1",62.4,53,571,4.33,4.35,2.71
"1413",52842,0.73,"Ideal","I","VVS1",61.9,55,2575,5.78,5.82,3.59
"1414",43,0.26,"Good","D","VS2",65.2,56,403,3.99,4.02,2.61
"1415",6190,0.85,"Very Good","E","VS2",63.6,56,3997,5.97,6.01,3.81
"1416",21833,1.5,"Premium","E","SI2",61.2,59,9900,7.36,7.41,4.52
"1417",24709,0.38,"Ideal","G","SI1",61.9,56,639,4.64,4.67,2.88
"1418",19588,1,"Very Good","F","VVS2",61.4,58,8216,6.36,6.41,3.92
"1419",48944,0.8,"Premium","J","VS2",62.7,61,2045,5.89,5.84,3.68
"1420",10048,0.31,"Premium","I","SI1",60.1,59,418,4.38,4.41,2.64
"1421",2124,0.76,"Good","G","VS1",60.3,60.7,3121,5.86,5.9,3.55
"1422",44857,0.5,"Very Good","D","VS2",63.4,57,1627,5.05,5.08,3.21
"1423",38352,0.51,"Premium","J","VS2",61.5,58,1020,5.14,5.1,3.15
"1424",33001,0.44,"Very Good","I","VS1",61.9,57,813,4.86,4.89,3.01
"1425",31157,0.41,"Good","E","SI1",63.5,57,755,4.69,4.73,2.99
"1426",45495,0.5,"Ideal","F","VS1",62,55.1,1679,5.05,5.11,3.16
"1427",24023,2.1,"Very Good","J","SI2",62,62,12196,8.17,8.23,5.08
"1428",23667,1.53,"Ideal","F","SI1",60.3,57,11713,7.45,7.52,4.51
"1429",29749,0.37,"Premium","G","SI1",60,57,708,4.7,4.67,2.81
"1430",4570,0.8,"Ideal","E","VS2",62.2,57,3648,5.95,5.98,3.71
"1431",31167,0.41,"Good","E","SI1",63.9,58,755,4.7,4.72,3.01
"1432",5146,1.51,"Fair","H","I1",65.6,61,3765,7.16,7,4.66
"1433",30518,0.31,"Ideal","D","SI1",61.8,56,732,4.37,4.34,2.69
"1434",53586,0.88,"Very Good","I","SI1",62.5,56,2699,6.06,6.19,3.83
"1435",36999,0.39,"Very Good","F","VVS2",61.7,56,965,4.7,4.74,2.91
"1436",50372,0.71,"Premium","D","SI1",58.1,61,2249,5.81,5.79,3.37
"1437",35199,0.43,"Good","G","VS2",61.8,60.7,891,4.8,4.84,2.99
"1438",16430,1.05,"Ideal","G","VS2",61.9,57,6562,6.47,6.51,4.03
"1439",13841,1.38,"Premium","H","SI2",60.2,60,5641,7.31,7.24,4.37
"1440",10436,1.16,"Very Good","I","SI1",62.7,57,4785,6.67,6.76,4.21
"1441",35887,0.32,"Ideal","G","IF",61.2,56,918,4.4,4.43,2.7
"1442",31417,0.3,"Ideal","G","VVS1",61.6,58,764,4.31,4.32,2.66
"1443",22902,1.5,"Premium","F","SI1",61.9,60,10940,7.26,7.21,4.48
"1444",50233,0.7,"Ideal","G","SI2",62.4,55,2232,5.66,5.72,3.55
"1445",130,0.91,"Fair","H","SI2",65.7,60,2763,6.03,5.99,3.95
"1446",28765,0.31,"Premium","E","VS2",60.8,58,680,4.35,4.37,2.65
"1447",31100,0.3,"Ideal","G","VVS1",62.6,55,753,4.27,4.32,2.69
"1448",1520,0.72,"Ideal","H","SI1",61.1,56,2997,5.78,5.8,3.54
"1449",24855,1.18,"Ideal","F","VVS1",61.5,55.6,13257,6.79,6.83,4.19
"1450",25109,1.69,"Ideal","I","VS2",60.5,56,13645,7.74,7.77,4.69
"1451",35381,0.41,"Very Good","G","VS1",61.5,58,899,4.76,4.8,2.94
"1452",979,0.81,"Ideal","G","SI2",62.2,57,2894,5.96,6,3.72
"1453",49725,0.7,"Good","E","SI1",57.8,62,2150,5.79,5.84,3.36
"1454",3382,0.31,"Premium","J","VS1",60.7,60,408,4.34,4.39,2.65
"1455",12266,1.5,"Good","H","SI2",64,61,5208,7.18,7.14,4.58
"1456",26556,2.2,"Very Good","H","VS2",63.3,58,16239,8.25,8.22,5.21
"1457",8020,1.05,"Ideal","H","SI2",61.2,57,4331,6.55,6.62,4.03
"1458",36797,0.34,"Premium","E","VS2",62.6,58,956,4.45,4.43,2.78
"1459",46863,0.53,"Ideal","G","VS1",61.8,55,1813,5.22,5.17,3.21
"1460",36352,0.4,"Premium","H","VS1",62.7,59,938,4.71,4.63,2.93
"1461",3932,1.01,"Premium","J","SI2",61.8,60,3499,6.37,6.41,3.95
"1462",31759,0.44,"Ideal","G","SI1",61.5,57,772,4.87,4.88,3
"1463",23938,1.5,"Premium","D","SI1",62.4,58,12069,7.27,7.31,4.55
"1464",27202,1.51,"Premium","D","VS1",62.9,54,17515,7.29,7.22,4.56
"1465",46722,0.61,"Premium","H","VS1",59.6,61,1793,5.53,5.44,3.27
"1466",21863,3.01,"Premium","F","I1",62.2,56,9925,9.24,9.13,5.73
"1467",5006,0.9,"Fair","E","SI1",64.9,56,3743,6.12,6.18,3.99
"1468",1297,0.79,"Premium","F","VS2",63,59,2953,5.84,5.8,3.66
"1469",43738,0.51,"Very Good","E","SI1",61.3,54,1438,5.13,5.18,3.16
"1470",5460,1.01,"Very Good","I","SI2",61.4,59,3833,6.42,6.45,3.95
"1471",18272,1.01,"Ideal","E","VS2",61.5,57,7421,6.48,6.44,3.97
"1472",20996,1.02,"Ideal","F","VVS2",61.9,57,9212,6.53,6.42,4.01
"1473",18827,1.3,"Premium","H","VS1",61.5,58,7714,6.96,6.98,4.29
"1474",12315,1,"Ideal","F","SI1",62.7,57,5221,6.44,6.38,4.02
"1475",28235,0.33,"Ideal","G","VS1",61.8,56,666,4.42,4.45,2.74
"1476",26481,1.6,"Premium","G","VVS2",60.6,60,16068,7.51,7.57,4.57
"1477",19598,1.62,"Ideal","I","SI2",62.2,57,8220,7.51,7.57,4.69
"1478",7016,0.92,"Good","D","SI1",63.6,57,4158,6.09,6.14,3.89
"1479",1266,0.7,"Ideal","E","SI1",62,56,2948,5.68,5.7,3.53
"1480",4044,1.05,"Ideal","J","VS1",60.6,56,3528,6.59,6.55,3.98
"1481",52409,0.71,"Ideal","G","VS2",61.7,57,2511,5.75,5.72,3.54
"1482",50911,0.56,"Ideal","G","VVS1",62,56,2318,5.3,5.28,3.28
"1483",13996,1.2,"Very Good","G","SI2",62,60,5698,6.78,6.76,4.2
"1484",34743,0.37,"Ideal","E","VVS2",61.4,56,876,4.64,4.67,2.86
"1485",16343,1,"Ideal","H","VVS1",61.5,59,6535,6.37,6.41,3.93
"1486",14251,1.02,"Ideal","F","SI1",62.3,56,5773,6.41,6.44,4
"1487",3716,0.73,"Ideal","E","SI1",61.5,56,3453,5.79,5.82,3.57
"1488",9232,1.1,"Premium","H","SI2",60.9,57,4558,6.67,6.62,4.05
"1489",32551,0.3,"Fair","E","VS1",64.5,56,799,4.26,4.2,2.73
"1490",31024,0.31,"Premium","G","VS1",58.2,61,749,4.45,4.42,2.58
"1491",22506,1.58,"Ideal","H","SI1",61.4,56,10546,7.46,7.53,4.6
"1492",32337,0.3,"Ideal","E","VVS2",61.8,56,789,4.31,4.33,2.67
"1493",6277,1,"Good","I","SI1",63.2,56,4015,6.31,6.37,4.01
"1494",42218,0.42,"Ideal","G","IF",62.6,53,1289,4.79,4.82,3.01
"1495",5942,1.03,"Premium","H","SI1",61.8,58,3945,6.47,6.41,3.98
"1496",3008,0.76,"Good","G","IF",64.6,61,3304,5.72,5.8,3.72
"1497",7904,0.91,"Premium","H","VS2",61.8,60,4313,6.18,6.22,3.83
"1498",33363,0.41,"Ideal","G","VS2",60.9,57,827,4.79,4.84,2.93
"1499",38744,0.35,"Ideal","E","VVS1",62.2,56,1044,4.51,4.53,2.81
"1500",43288,0.31,"Ideal","H","VS2",61.7,55,507,4.34,4.38,2.69
"1501",44526,0.5,"Ideal","E","SI1",61.3,56.2,1601,5.12,5.14,3.15
"1502",3795,0.71,"Very Good","E","VS1",61.6,59,3464,5.65,5.72,3.5
"1503",44138,0.57,"Good","D","SI1",59.3,61,1561,5.34,5.38,3.18
"1504",30719,0.35,"Fair","E","VVS2",66.2,61,738,4.4,4.36,2.9
"1505",48171,0.54,"Fair","F","SI1",64.8,59,1944,5.11,5.05,3.29
"1506",22107,1.66,"Very Good","H","SI1",62.8,56,10134,7.53,7.57,4.74
"1507",17529,1.26,"Premium","H","SI1",61.3,57,7056,7.01,6.93,4.27
"1508",27071,2.3,"Ideal","I","SI1",62.2,60,17193,8.43,8.39,5.23
"1509",52596,0.75,"Good","D","SI2",59.9,61,2541,5.9,5.96,3.55
"1510",39172,0.35,"Ideal","D","VS2",60.7,56,1063,4.6,4.56,2.78
"1511",45869,0.51,"Ideal","D","VS2",61.4,57,1716,5.13,5.16,3.16
"1512",19548,1.02,"Premium","D","VS1",60.3,58,8181,6.57,6.49,3.94
"1513",9042,0.39,"Ideal","F","SI2",62.2,55,587,4.68,4.71,2.92
"1514",30240,0.33,"Ideal","E","VS2",62.3,57,723,4.37,4.43,2.74
"1515",41076,0.41,"Premium","F","VVS2",60.4,58,1192,4.84,4.8,2.91
"1516",27152,2.17,"Ideal","I","SI1",60.4,56,17381,8.43,8.36,5.07
"1517",13720,0.3,"Ideal","F","VS1",62.3,56,603,4.26,4.28,2.66
"1518",10165,1,"Premium","D","SI2",62.4,58,4730,6.33,6.36,3.96
"1519",9364,0.32,"Ideal","D","SI1",61.3,57,589,4.37,4.41,2.69
"1520",3992,1.06,"Very Good","I","SI2",58.4,62,3515,6.65,6.7,3.9
"1521",17339,1,"Very Good","F","VS2",62.8,57,6957,6.29,6.35,3.97
"1522",33753,0.31,"Ideal","F","VVS1",61,56,840,4.39,4.43,2.69
"1523",16067,1.2,"Premium","H","VS2",62.5,58,6416,6.77,6.73,4.23
"1524",44207,0.5,"Ideal","G","VS1",62,54,1569,5.11,5.15,3.18
"1525",28914,0.3,"Very Good","H","VVS1",63,56,684,4.24,4.27,2.68
"1526",8743,0.9,"Very Good","E","SI1",61.6,57,4463,6.19,6.25,3.83
"1527",19162,1.35,"Premium","H","VS2",61.5,58,7918,7.09,7.15,4.38
"1528",20345,1.51,"Good","D","SI2",61.5,61,8742,7.37,7.42,4.55
"1529",25730,2.5,"Fair","J","SI2",66.9,58,14652,8.36,8.22,5.55
"1530",639,0.73,"Premium","G","VS1",61.4,58,2841,5.82,5.77,3.56
"1531",7368,0.93,"Ideal","H","VS2",61.5,57,4218,6.3,6.26,3.86
"1532",26017,0.3,"Very Good","D","VS1",63,56,645,4.27,4.33,2.71
"1533",40578,0.5,"Very Good","G","SI1",62.4,52,1153,5.1,5.15,3.2
"1534",49434,0.61,"Ideal","F","VS2",62.4,55,2108,5.45,5.42,3.39
"1535",16766,1.31,"Ideal","F","SI2",62.7,57,6676,7.05,6.98,4.4
"1536",24138,1.5,"Premium","G","VS2",61.2,61,12308,7.34,7.29,4.48
"1537",6290,0.97,"Good","H","SI1",62.1,60,4020,6.24,6.29,3.89
"1538",9217,0.91,"Very Good","D","SI1",62.8,59,4556,6.17,6.21,3.89
"1539",4259,0.9,"Very Good","I","VS1",63.3,59,3580,6.1,6.06,3.85
"1540",20018,0.3,"Good","H","SI1",63.4,57,421,4.27,4.31,2.72
"1541",37612,0.24,"Very Good","E","VVS1",61.5,59,485,3.99,4.01,2.46
"1542",24065,1.7,"Ideal","I","VS1",60.1,57,12209,7.8,7.77,4.68
"1543",52216,0.81,"Very Good","J","SI1",63.1,59,2482,5.88,5.91,3.72
"1544",48749,0.54,"Very Good","D","VS1",63,54,2016,5.19,5.23,3.28
"1545",18359,1.5,"Fair","D","SI2",68.8,57,7469,6.9,6.86,4.73
"1546",48890,0.71,"Premium","G","SI2",60.8,60,2039,5.74,5.78,3.5
"1547",21909,1.76,"Ideal","H","SI1",62.2,56,9974,7.73,7.7,4.8
"1548",6942,1.04,"Premium","I","SI2",61.3,59,4141,6.5,6.46,3.97
"1549",21516,1.61,"Ideal","I","SI1",62.7,55,9611,7.54,7.48,4.71
"1550",3499,0.9,"Good","E","SI1",64.3,62,3400,6,6.07,3.88
"1551",44104,0.5,"Premium","I","VVS1",62.8,61,1556,5.05,4.98,3.15
"1552",7672,1,"Very Good","H","SI2",59.7,58,4273,6.48,6.55,3.89
"1553",19586,1.51,"Very Good","I","SI1",63.5,57,8214,7.19,7.24,4.58
"1554",42401,0.43,"Ideal","E","VVS2",61.8,57,1308,4.79,4.85,2.98
"1555",44638,0.41,"Ideal","E","VVS1",61.1,56,1608,4.8,4.82,2.94
"1556",48909,0.54,"Ideal","G","VVS1",61.3,56,2041,5.25,5.27,3.23
"1557",11800,1.18,"Ideal","I","SI1",62.2,56,5088,6.85,6.75,4.23
"1558",21196,1.51,"Very Good","E","SI2",61.1,60,9343,7.27,7.37,4.47
"1559",45421,0.55,"Premium","E","SI1",61.2,59,1668,5.28,5.25,3.22
"1560",13483,0.9,"Premium","E","VS1",59.4,59,5535,6.28,6.31,3.74
"1561",36276,0.3,"Ideal","G","SI1",62,58,477,4.27,4.29,2.65
"1562",52417,0.7,"Good","D","SI1",63.6,60,2512,5.59,5.51,3.51
"1563",38496,0.42,"Ideal","D","VS2",62.1,54,1031,4.8,4.83,2.99
"1564",41026,0.41,"Ideal","E","VVS2",62.2,54,1187,4.76,4.79,2.97
"1565",24034,0.4,"Ideal","J","VS1",62.2,54,633,4.72,4.76,2.95
"1566",14187,1.01,"Good","G","VS2",58.9,61,5756,6.46,6.55,3.83
"1567",53868,0.76,"Premium","G","VS2",61.8,58,2744,5.85,5.89,3.63
"1568",43908,0.25,"Very Good","D","VVS2",64.2,55,512,3.98,4,2.56
"1569",51496,0.7,"Fair","F","VS1",64.5,57,2381,5.65,5.58,3.62
"1570",34383,0.41,"Very Good","F","VS2",61.1,56,863,4.79,4.84,2.94
"1571",15786,1.33,"Premium","I","VS2",62.5,61,6316,7.02,6.99,4.38
"1572",13705,1.51,"Good","E","I1",57.5,59,5601,7.56,7.51,4.33
"1573",6580,0.9,"Good","D","SI2",64,59,4078,6.04,6.09,3.88
"1574",43113,0.51,"Ideal","E","SI2",62,56,1385,5.12,5.14,3.18
"1575",28180,0.37,"Premium","H","SI1",63,58,666,4.59,4.55,2.88
"1576",51239,0.7,"Ideal","I","VVS2",62.1,56,2353,5.65,5.71,3.53
"1577",29450,0.33,"Ideal","E","SI1",61.2,56,702,4.46,4.49,2.74
"1578",12451,1.02,"Very Good","E","SI1",63.5,55,5245,6.3,6.37,4.02
"1579",18191,1.04,"Ideal","G","VS1",61.2,58,7375,6.5,6.53,3.99
"1580",14774,1.01,"Premium","G","VS2",59,61,5946,6.62,6.56,3.89
"1581",17239,1.24,"Ideal","G","SI1",61,56.4,6895,6.93,6.99,4.25
"1582",53120,0.58,"Ideal","D","VVS2",62.1,57,2617,5.32,5.4,3.32
"1583",49414,0.7,"Very Good","G","SI1",62.1,58,2106,5.66,5.7,3.53
"1584",6921,0.91,"Premium","E","SI1",60.5,61,4138,6.23,6.19,3.76
"1585",14609,1.21,"Good","H","SI1",63.6,56,5893,6.63,6.68,4.23
"1586",6099,0.91,"Premium","G","SI1",62.2,59,3975,6.19,6.15,3.84
"1587",7492,1.01,"Good","I","VS2",62.5,59,4239,6.3,6.37,3.96
"1588",20836,1.01,"Very Good","F","VVS2",61.1,58,9065,6.43,6.47,3.94
"1589",21851,1.3,"Premium","F","VS2",60.4,59,9909,7.06,7.12,4.28
"1590",35630,0.3,"Very Good","H","VS2",62.6,58,473,4.22,4.28,2.66
"1591",43367,0.43,"Ideal","G","VVS2",60.9,57,1408,4.86,4.89,2.97
"1592",18118,1.58,"Fair","H","SI1",64.7,58,7333,7.28,7.22,4.69
"1593",12517,1.01,"Very Good","H","VS2",63.1,59,5260,6.34,6.3,3.99
"1594",38808,0.31,"Premium","G","VVS1",61.2,59,1046,4.34,4.32,2.65
"1595",38346,0.32,"Ideal","G","IF",61.2,57,1020,4.43,4.4,2.7
"1596",24857,2,"Ideal","J","VS2",62.3,55,13263,8.03,8.06,5.01
"1597",42440,0.43,"Ideal","D","VS2",61.3,55,1314,4.84,4.88,2.98
"1598",3331,0.93,"Good","F","SI2",61.3,62,3376,6.17,6.26,3.81
"1599",25748,1.51,"Premium","F","VS2",61.6,58,14683,7.32,7.35,4.52
"1600",28196,0.38,"Premium","G","SI1",60,60,666,4.65,4.72,2.81
"1601",46645,0.3,"Premium","E","SI1",60.6,58,526,4.3,4.34,2.62
"1602",10644,1.11,"Very Good","G","VS2",63.4,56,4834,6.62,6.54,4.18
"1603",4916,0.9,"Good","E","SI2",62.1,63,3724,6.09,6.12,3.79
"1604",53150,0.74,"Ideal","F","SI2",61.9,56,2623,5.81,5.85,3.61
"1605",7809,0.85,"Very Good","F","VS1",62,55,4293,6.08,6.14,3.78
"1606",24880,1.7,"Premium","H","VS2",62.4,57,13298,7.6,7.54,4.72
"1607",7118,0.73,"Ideal","F","VVS1",61.1,56,4171,5.83,5.86,3.57
"1608",20716,0.31,"Very Good","H","VVS2",61.9,58,625,4.33,4.36,2.69
"1609",10348,1.21,"Premium","J","SI1",59.9,60,4770,6.89,6.86,4.12
"1610",34022,0.35,"Ideal","E","VVS2",62.6,53,849,4.52,4.55,2.84
"1611",21513,1.56,"Good","I","VS2",57.2,62,9609,7.66,7.72,4.4
"1612",39125,0.41,"Ideal","G","VS2",61.4,55,1061,4.8,4.75,2.93
"1613",11901,1.13,"Ideal","E","SI2",61.8,57,5120,6.68,6.65,4.12
"1614",32896,0.36,"Very Good","E","SI1",63.1,58,810,4.54,4.49,2.85
"1615",2988,0.72,"Ideal","E","VS2",60.9,56,3301,5.81,5.84,3.55
"1616",36425,0.31,"Ideal","D","VS2",61.2,55,942,4.42,4.37,2.69
"1617",5049,0.31,"Premium","H","SI1",62.3,55,573,4.36,4.34,2.71
"1618",37305,0.3,"Ideal","E","VVS1",62.5,54,979,4.32,4.29,2.69
"1619",14567,1.21,"Ideal","H","VS2",62.8,55,5882,6.79,6.74,4.25
"1620",5202,0.73,"Ideal","E","VVS2",62,57,3780,5.73,5.79,3.57
"1621",36368,0.39,"Ideal","F","VS1",61.7,56.1,939,4.65,4.7,2.89
"1622",51958,0.79,"Ideal","I","SI1",61.6,57,2442,5.94,6,3.68
"1623",31746,0.44,"Premium","G","SI1",61.1,59,772,4.86,4.9,2.98
"1624",11987,1.09,"Ideal","F","SI2",61.6,55,5143,6.59,6.65,4.08
"1625",14941,1.01,"Very Good","G","VS2",62.4,58,6019,6.42,6.4,4
"1626",53416,0.72,"Very Good","F","SI1",63.1,56,2670,5.68,5.67,3.58
"1627",3517,0.71,"Ideal","F","VS1",61.1,56,3404,5.75,5.78,3.52
"1628",19570,1.01,"Premium","D","VS1",61.8,54,8201,6.44,6.38,3.96
"1629",51932,0.78,"Good","H","VS2",63.7,60,2440,5.77,5.73,3.66
"1630",12703,0.26,"Very Good","E","VVS1",62.9,58,599,4.06,4.08,2.56
"1631",2615,0.72,"Ideal","E","VS2",61.3,57,3223,5.76,5.79,3.54
"1632",21882,1.21,"Ideal","G","VVS2",59.4,59,9954,6.92,7.01,4.14
"1633",19059,1.72,"Ideal","H","SI1",62.2,57,7840,7.65,7.55,4.72
"1634",8977,1.01,"Ideal","E","SI2",61.5,55,4504,6.45,6.49,3.98
"1635",8176,1.05,"Premium","F","SI2",62.8,55,4363,6.55,6.48,4.09
"1636",8371,0.31,"Very Good","F","VS2",60.7,61,583,4.36,4.4,2.66
"1637",6971,1,"Fair","H","SI1",56.3,63,4150,6.63,6.61,3.73
"1638",23009,1.55,"Ideal","I","VS1",61.9,55,11067,7.46,7.43,4.61
"1639",19386,1.55,"Ideal","I","SI2",60.7,60,8056,7.49,7.46,4.54
"1640",2704,0.31,"Ideal","G","VS2",61.1,57,562,4.37,4.4,2.68
"1641",16367,0.33,"Very Good","D","SI1",60,59,608,4.47,4.5,2.69
"1642",37902,0.41,"Ideal","F","VS1",61.8,56,1007,4.75,4.79,2.95
"1643",15325,1.23,"Ideal","H","SI2",62.4,57,6152,6.79,6.84,4.25
"1644",17210,1.21,"Ideal","H","SI1",62.2,54,6876,6.8,6.86,4.25
"1645",50626,0.3,"Ideal","E","SI2",62,54,401,4.33,4.35,2.69
"1646",53256,0.71,"Very Good","G","VS2",61.8,56,2647,5.69,5.74,3.53
"1647",31742,0.41,"Premium","G","VS2",60.7,59,772,4.8,4.85,2.93
"1648",46800,0.7,"Premium","F","SI2",60.6,57,1806,5.81,5.74,3.5
"1649",9350,1.11,"Very Good","H","SI2",59,59,4584,6.79,6.82,4.02
"1650",291,0.71,"Premium","D","SI1",61.6,60,2797,5.74,5.69,3.52
"1651",18252,1.25,"Very Good","H","VS2",60.3,54,7414,7,7.03,4.23
"1652",18919,1.38,"Ideal","F","SI2",62,58,7767,7.12,7.17,4.43
"1653",16837,1.26,"Ideal","H","SI1",61,56,6715,7,7.04,4.28
"1654",21470,1.51,"Ideal","H","SI1",62.4,57,9569,7.3,7.34,4.57
"1655",36108,0.42,"Very Good","F","SI1",63.4,56,926,4.8,4.76,3.03
"1656",10422,1.22,"Good","H","SI2",61.5,64,4782,6.93,6.87,4.25
"1657",17716,0.37,"Ideal","E","SI1",61,56,613,4.66,4.68,2.85
"1658",25129,1.5,"Premium","F","VS2",62.8,58,13680,7.21,7.16,4.51
"1659",17056,0.4,"Ideal","J","SI1",61.4,55,612,4.75,4.8,2.93
"1660",132,0.71,"Very Good","D","SI1",63.6,58,2764,5.64,5.68,3.6
"1661",10268,1.01,"Premium","D","SI1",62.8,58,4751,6.37,6.3,3.98
"1662",44445,0.61,"Ideal","H","VS2",62,53,1591,5.47,5.49,3.4
"1663",555,0.8,"Ideal","I","VS2",62.1,54.4,2830,5.94,5.99,3.7
"1664",7848,1.01,"Very Good","F","SI2",59.1,57,4304,6.57,6.62,3.9
"1665",22668,2.01,"Fair","I","SI2",66.9,58,10711,7.93,7.69,5.21
"1666",21535,1.12,"Ideal","F","VVS2",61.4,57,9634,6.69,6.66,4.1
"1667",7899,1,"Premium","H","VVS2",61.9,61,4312,6.36,6.31,3.92
"1668",12681,1.09,"Ideal","F","SI2",62,56,5306,6.62,6.58,4.09
"1669",16560,1.31,"Ideal","I","VS1",62.1,56,6617,7.01,7.04,4.36
"1670",44653,0.35,"Good","G","SI1",63.8,54,522,4.46,4.48,2.85
"1671",14806,1.22,"Ideal","I","VS2",62.5,57,5960,6.83,6.9,4.29
"1672",12311,1.04,"Ideal","F","SI1",61.4,59,5220,6.46,6.5,3.98
"1673",49512,0.7,"Good","G","SI1",64,57,2121,5.63,5.58,3.59
"1674",11024,1.33,"Fair","E","SI2",65,57,4916,6.93,6.89,4.49
"1675",27041,0.32,"Ideal","H","VVS2",62,55,645,4.39,4.42,2.73
"1676",50788,0.56,"Very Good","E","VVS2",60.3,57,2304,5.33,5.37,3.23
"1677",23911,1.7,"Ideal","I","VS1",63,55,12030,7.75,7.54,4.76
"1678",53079,0.59,"Ideal","F","VVS2",62,55,2611,5.36,5.38,3.33
"1679",19996,1.22,"Good","G","VS2",59.9,61,8533,6.88,6.91,4.13
"1680",29713,0.31,"Good","H","VVS1",63.3,56,707,4.3,4.32,2.73
"1681",20861,2.17,"Premium","F","I1",60.7,59,9078,8.43,8.35,5.09
"1682",30452,0.3,"Ideal","F","VS1",61.3,55,731,4.36,4.32,2.66
"1683",4499,0.9,"Premium","H","SI1",60,56,3629,6.33,6.27,3.78
"1684",51362,0.72,"Premium","G","SI2",61.6,55,2364,5.79,5.76,3.56
"1685",6964,1,"Very Good","I","SI1",63.1,58,4149,6.3,6.35,3.99
"1686",43505,0.43,"Premium","F","VVS1",61.5,56,1422,4.9,4.86,3
"1687",702,1.12,"Premium","H","I1",59.1,61,2854,6.78,6.75,4
"1688",39170,0.4,"Ideal","J","IF",62.6,56,1063,4.75,4.71,2.96
"1689",15632,1.01,"Good","F","VS2",60.8,61,6271,6.42,6.45,3.91
"1690",7172,0.9,"Fair","F","VS1",66.2,55,4183,6.11,5.97,4
"1691",31471,0.34,"Premium","H","VS1",62.1,58,765,4.49,4.46,2.78
"1692",28759,0.31,"Ideal","E","VS2",62,55,680,4.33,4.35,2.69
"1693",49507,0.71,"Good","E","SI2",58.8,63,2120,5.75,5.88,3.42
"1694",17796,1.32,"Very Good","G","SI2",61.6,57,7173,6.98,7.05,4.32
"1695",41664,0.4,"Ideal","G","IF",61.8,55,1239,4.75,4.79,2.95
"1696",52235,0.6,"Very Good","G","VVS1",60,58,2485,5.53,5.43,3.29
"1697",51301,0.31,"Ideal","G","VS2",62,57,544,4.34,4.37,2.7
"1698",36048,0.31,"Ideal","E","VVS1",61.8,56,924,4.34,4.36,2.69
"1699",23929,1.73,"Premium","H","SI1",62,59,12058,7.68,7.59,4.73
"1700",20893,1.71,"Premium","I","VS2",61.5,58,9116,7.74,7.54,4.7
"1701",7504,1.05,"Premium","G","SI2",61.3,58,4241,6.55,6.6,4.03
"1702",24872,1.57,"Premium","F","SI1",58.3,58,13288,7.72,7.68,4.49
"1703",12871,1.09,"Ideal","D","SI2",62.4,57,5364,6.55,6.6,4.1
"1704",17509,1.14,"Ideal","I","VS1",61.1,56,7038,6.73,6.76,4.12
"1705",42354,0.32,"Ideal","E","IF",61.2,57,1300,4.4,4.43,2.7
"1706",31303,0.32,"Very Good","D","VS2",61.8,57,758,4.35,4.36,2.69
"1707",49939,0.7,"Good","H","VS2",58.9,65,2187,5.69,5.76,3.37
"1708",28766,0.31,"Ideal","E","VS2",62,55,680,4.34,4.37,2.7
"1709",30173,0.3,"Ideal","E","VVS2",62,55,721,4.31,4.34,2.68
"1710",21447,1.28,"Ideal","D","SI1",61.5,55,9548,7.01,7.05,4.32
"1711",38695,0.37,"Premium","E","VS2",59.5,59,1041,4.71,4.64,2.78
"1712",43799,0.51,"Ideal","F","VS2",62.5,55,1442,5.08,5.13,3.19
"1713",22638,2,"Ideal","F","I1",60.3,56,10685,8.27,8.16,4.94
"1714",18209,1.02,"Premium","D","VS2",62.9,60,7389,6.42,6.37,4.02
"1715",41388,0.42,"Ideal","F","VVS2",61.1,57,1221,4.84,4.82,2.95
"1716",20609,1.2,"Premium","G","VS1",62,58,8911,6.76,6.73,4.18
"1717",7977,0.9,"Ideal","F","SI1",60.7,57,4324,6.25,6.21,3.78
"1718",12151,1,"Premium","E","SI1",61.1,60,5174,6.47,6.42,3.94
"1719",25366,0.28,"Very Good","D","VVS1",60.6,58,642,4.23,4.25,2.57
"1720",2816,0.84,"Ideal","D","SI1",61.5,54,3265,6.07,6.13,3.75
"1721",29389,0.31,"Very Good","E","SI1",63.1,57,698,4.35,4.3,2.73
"1722",29596,0.35,"Ideal","F","VS2",62.4,55,706,4.51,4.53,2.82
"1723",18623,1.09,"Very Good","F","VS1",62.9,58,7598,6.51,6.55,4.11
"1724",41661,0.5,"Ideal","D","SI2",61.6,57,1239,5.1,5.13,3.15
"1725",18411,1.5,"Very Good","H","VS2",63.2,58,7484,7.26,7.21,4.57
"1726",26822,1.51,"Very Good","F","VVS2",61.4,58,16716,7.31,7.34,4.5
"1727",51799,0.7,"Premium","G","SI1",62.6,60,2415,5.61,5.57,3.5
"1728",11289,0.9,"Very Good","H","VVS1",62.3,59,4977,6.09,6.15,3.81
"1729",14344,1.22,"Ideal","I","SI1",60.2,57,5807,6.99,6.93,4.19
"1730",52260,0.76,"Ideal","G","SI2",62.3,55,2489,5.83,5.89,3.65
"1731",53159,0.7,"Good","G","VS1",64.3,57,2625,5.59,5.64,3.61
"1732",23047,1.53,"Premium","D","SI2",60.7,60,11078,7.45,7.41,4.51
"1733",16521,1,"Very Good","E","VS2",62.1,59,6600,6.34,6.38,3.95
"1734",21210,1.5,"Very Good","I","VS2",60.5,60,9354,7.31,7.4,4.45
"1735",38343,0.32,"Ideal","G","IF",62.9,55,1020,4.41,4.37,2.76
"1736",32224,0.31,"Ideal","G","VVS1",60.2,58,789,4.37,4.4,2.64
"1737",29883,0.3,"Ideal","D","VS2",61.9,57,710,4.29,4.33,2.67
"1738",16731,0.23,"Very Good","D","VS1",61.5,58,611,3.93,3.98,2.43
"1739",51806,0.75,"Premium","G","SI1",60.4,58,2415,5.88,5.84,3.54
"1740",23866,1.55,"Very Good","F","SI1",63.1,56,11957,7.4,7.38,4.66
"1741",20425,1.49,"Fair","F","SI1",59.6,63,8779,7.2,7.34,4.33
"1742",8217,1.02,"Premium","G","SI2",62.5,59,4370,6.42,6.37,4
"1743",6730,0.25,"Premium","H","VVS1",59.8,59,577,4.09,4.07,2.44
"1744",38167,0.34,"Ideal","E","VVS1",62.2,56,1014,4.45,4.49,2.78
"1745",2170,0.74,"Premium","E","VS1",60,57,3133,5.94,5.89,3.55
"1746",11067,0.34,"Very Good","G","VS2",62.9,55,596,4.45,4.52,2.82
"1747",17135,1.26,"Ideal","H","SI1",61,56,6837,7.04,7,4.28
"1748",42105,0.85,"Fair","H","I1",71.2,54,1274,5.77,5.65,4.07
"1749",2694,0.9,"Good","I","VS2",63.8,55,3246,6.16,6.07,3.9
"1750",41606,0.32,"Very Good","J","VS2",60,61,393,4.45,4.49,2.68
"1751",48160,0.71,"Very Good","G","SI1",61.1,61,1942,5.71,5.72,3.49
"1752",39447,0.41,"Premium","G","VS1",58.9,60,1076,4.87,4.84,2.86
"1753",39797,0.36,"Ideal","D","VS1",61.1,56,1095,4.6,4.63,2.82
"1754",9787,1.01,"Very Good","E","SI2",59.5,59,4666,6.54,6.58,3.9
"1755",36980,0.38,"Ideal","F","VVS2",62,55,963,4.66,4.7,2.9
"1756",14353,1.25,"Ideal","H","SI2",61.2,57,5810,6.93,6.89,4.23
"1757",9292,1.12,"Premium","F","SI2",60.5,59,4570,6.73,6.79,4.09
"1758",27818,0.34,"Good","G","SI1",63.9,58,650,4.43,4.4,2.82
"1759",48549,0.74,"Good","H","VS2",59.2,64,1989,5.79,5.66,3.4
"1760",47718,0.72,"Very Good","J","SI1",58.3,62,1886,5.87,5.93,3.44
"1761",10332,1.02,"Very Good","G","SI1",60.8,60,4766,6.5,6.55,3.97
"1762",12153,1.1,"Premium","E","SI2",61.7,59,5174,6.64,6.59,4.08
"1763",28114,0.36,"Ideal","D","SI1",59.5,56,663,4.63,4.68,2.77
"1764",25840,2,"Good","I","VS2",63.5,59,14889,7.93,7.98,5.05
"1765",7361,1,"Good","G","SI1",63.1,56,4218,6.31,6.41,4.01
"1766",46987,0.71,"Good","G","SI2",63.6,58,1816,5.6,5.54,3.55
"1767",21026,1.51,"Ideal","G","SI2",62.4,56,9234,7.29,7.25,4.54
"1768",22656,1.56,"Premium","H","VS2",62.5,59,10702,7.3,7.33,4.57
"1769",2875,1,"Premium","J","SI1",62,62,3276,6.27,6.22,3.87
"1770",15177,1.01,"Premium","F","VS2",63,58,6097,6.43,6.36,4.03
"1771",18534,1.51,"Premium","J","VS2",62.8,59,7553,7.2,7.17,4.51
"1772",43074,0.56,"Very Good","D","SI1",62.2,63,1378,5.23,5.28,3.27
"1773",47484,0.6,"Good","E","SI1",62.7,60.1,1863,5.31,5.36,3.35
"1774",42054,0.55,"Very Good","H","SI1",59.4,58,1270,5.36,5.38,3.19
"1775",5370,0.9,"Very Good","D","SI2",63.2,57,3818,6.08,6.1,3.85
"1776",8304,1.2,"Premium","G","SI2",62.8,62,4387,6.69,6.65,4.19
"1777",23173,1.51,"Premium","H","VS2",61.2,58,11188,7.4,7.36,4.52
"1778",4823,0.9,"Premium","F","SI2",60.1,59,3704,6.31,6.24,3.77
"1779",14091,1.35,"Premium","I","SI2",59.8,59,5715,7.26,7.2,4.32
"1780",41966,0.23,"Very Good","E","VVS2",61.1,59,505,3.94,3.98,2.42
"1781",19459,2.01,"Very Good","H","I1",61.7,63,8104,7.94,7.91,4.89
"1782",2755,0.9,"Very Good","H","SI2",62.4,58,3250,6.11,6.16,3.83
"1783",49161,0.69,"Fair","G","VS1",57.8,66,2070,5.9,5.84,3.39
"1784",30555,0.31,"Ideal","D","VS2",62.3,55,734,4.33,4.37,2.71
"1785",26475,2.37,"Ideal","J","VS2",62.2,57,16059,8.52,8.58,5.32
"1786",43894,0.3,"Ideal","D","SI1",62.4,54,508,4.32,4.34,2.7
"1787",16787,1.5,"Good","J","SI1",59.1,64,6687,7.32,7.43,4.36
"1788",53535,0.72,"Fair","E","VS2",64.4,59,2691,5.67,5.64,3.64
"1789",12227,1.25,"Good","I","SI2",63.3,55.8,5197,6.83,6.87,4.34
"1790",45633,0.28,"Very Good","H","VVS1",62.9,54,525,4.2,4.23,2.65
"1791",30822,0.33,"Very Good","E","SI1",63.4,55,743,4.4,4.37,2.78
"1792",10982,1.11,"Premium","I","SI1",60.6,59,4911,6.73,6.66,4.06
"1793",24118,2.01,"Very Good","I","SI1",63.5,55,12271,8.07,8.01,5.11
"1794",36415,0.31,"Ideal","D","VS2",61.8,56,942,4.36,4.32,2.68
"1795",49981,0.8,"Good","F","SI2",63.9,57,2189,5.86,5.84,3.74
"1796",7970,0.7,"Ideal","D","VS1",61.5,57,4323,5.68,5.71,3.5
"1797",19000,1.51,"Premium","J","SI1",59.9,60,7822,7.46,7.41,4.45
"1798",47649,0.23,"Ideal","F","VVS2",60.3,57,530,3.99,4.03,2.42
"1799",15484,1.54,"Premium","J","VS2",59.3,59,6202,7.54,7.5,4.46
"1800",7310,0.91,"Good","H","VVS2",65.5,57,4205,6.01,6.11,3.97
"1801",4010,0.9,"Good","F","SI2",63.1,58,3519,6.11,6.13,3.86
"1802",50709,0.77,"Ideal","J","VS2",61.9,54,2292,5.89,5.94,3.66
"1803",11936,1.09,"Premium","E","SI2",61.4,58,5127,6.67,6.63,4.08
"1804",17734,1.18,"Premium","G","VS2",62.3,62,7137,6.72,6.69,4.18
"1805",48772,0.57,"Premium","D","VS2",60.8,59,2019,5.38,5.34,3.26
"1806",35749,0.3,"Premium","D","VS2",62.5,58,911,4.29,4.26,2.67
"1807",17806,1.5,"Very Good","J","VS2",60.5,63,7177,7.27,7.32,4.41
"1808",36001,0.42,"Ideal","G","VS1",62,55,921,4.78,4.83,2.98
"1809",28355,0.34,"Ideal","H","VVS2",61.7,55,667,4.48,4.5,2.77
"1810",44863,0.51,"Very Good","H","VS1",62.3,56,1628,5.1,5.13,3.18
"1811",50916,0.6,"Ideal","F","VVS2",61.8,57,2318,5.42,5.36,3.33
"1812",11501,1.05,"Very Good","G","SI1",59.7,58,5019,6.6,6.66,3.96
"1813",1528,1.02,"Fair","H","I1",61.5,60,2999,6.4,6.34,3.92
"1814",15537,1.5,"Good","I","SI1",63.8,56,6224,7.26,7.15,4.59
"1815",9567,1.1,"Ideal","J","SI2",60.1,57,4624,6.77,6.74,4.06
"1816",11386,0.34,"Ideal","E","SI1",61,57,596,4.48,4.51,2.74
"1817",23998,1.56,"Premium","E","VS2",61.5,58,12156,7.47,7.43,4.58
"1818",18733,1.01,"Very Good","D","VS2",62.7,57,7652,6.36,6.39,4
"1819",15450,1.22,"Premium","H","VS2",62.7,59,6184,6.82,6.81,4.27
"1820",42195,0.6,"Premium","G","SI1",60.8,58,1286,5.44,5.39,3.29
"1821",30990,0.37,"Premium","H","VVS2",61.3,58,746,4.6,4.63,2.83
"1822",44730,0.62,"Ideal","H","VS2",61.2,54,1616,5.51,5.6,3.4
"1823",43635,0.43,"Very Good","E","VVS1",61.2,56,1433,4.84,4.87,2.97
"1824",7667,1.01,"Very Good","G","SI1",63.5,60,4271,6.41,6.38,3.92
"1825",11238,1.01,"Premium","H","SI1",60,58,4965,6.6,6.54,3.94
"1826",22850,1.5,"Ideal","H","VS2",62.2,57,10886,7.33,7.27,4.54
"1827",43019,0.5,"Ideal","H","VS1",61.9,53,1370,5.11,5.16,3.18
"1828",44561,0.52,"Premium","D","SI1",62.7,58,1605,5.2,5.16,3.25
"1829",6537,1.03,"Premium","E","SI2",58.8,62,4070,6.58,6.51,3.85
"1830",10994,1.11,"Very Good","E","SI2",62.8,55,4914,6.6,6.62,4.15
"1831",8814,1.02,"Very Good","H","SI1",60.3,59,4476,6.44,6.5,3.9
"1832",20176,1.29,"Very Good","H","VS1",60.8,58,8629,7.01,7.04,4.27
"1833",13156,1.01,"Premium","D","SI1",62.6,58,5443,6.33,6.44,4
"1834",40931,0.3,"Ideal","E","SI1",62.3,57,499,4.29,4.31,2.68
"1835",3288,0.91,"Good","F","SI1",64,57,3363,6.17,6.08,3.92
"1836",44244,0.51,"Very Good","F","VS2",63.1,58,1574,5.11,5.09,3.22
"1837",13551,1.01,"Ideal","H","VS1",59.8,59,5550,6.52,6.56,3.91
"1838",21119,1.5,"Very Good","G","SI2",63.1,57,9282,7.29,7.25,4.59
"1839",34695,0.3,"Ideal","F","IF",61.7,56,873,4.31,4.35,2.67
"1840",50071,0.71,"Premium","I","VS1",62.5,59,2202,5.75,5.71,3.58
"1841",37123,0.42,"Ideal","D","SI1",63,55,970,4.79,4.76,3.01
"1842",43382,0.5,"Good","G","VS2",63.2,57,1410,4.99,5.04,3.17
"1843",51298,0.7,"Premium","F","SI2",59.1,58,2362,5.85,5.83,3.45
"1844",51822,0.71,"Good","E","SI1",63.1,59,2420,5.62,5.75,3.59
"1845",38268,0.26,"Very Good","E","SI1",62,54,384,4.08,4.11,2.54
"1846",19503,1.57,"Fair","H","VS1",67.3,66,8133,7.85,5.75,3.87
"1847",5452,1.06,"Premium","F","SI2",62.6,59,3831,6.47,6.51,4.06
"1848",40362,0.43,"Ideal","D","VS2",61.8,56,1129,4.83,4.81,2.98
"1849",49539,0.72,"Fair","E","SI2",68.4,64,2125,5.38,5.32,3.66
"1850",32146,0.32,"Very Good","F","VVS2",61.8,60,786,4.36,4.41,2.71
"1851",43463,0.56,"Ideal","I","VS2",62.2,57,1417,5.27,5.28,3.28
"1852",9442,0.9,"Ideal","H","VS1",61.6,56,4592,6.17,6.13,3.79
"1853",44595,0.53,"Ideal","H","VS1",61.2,56,1607,5.26,5.21,3.2
"1854",50640,0.23,"Very Good","F","VS1",61.9,58,402,3.9,4.02,2.45
"1855",18631,1.11,"Ideal","D","VS2",62,57,7602,6.62,6.67,4.12
"1856",28509,0.3,"Premium","F","VS2",61.4,55,673,4.37,4.32,2.67
"1857",13925,1.02,"Ideal","H","VS2",60.4,57,5666,6.58,6.54,3.96
"1858",8075,1.21,"Premium","I","SI2",59.9,61,4337,6.89,6.85,4.11
"1859",40373,0.42,"Very Good","F","VVS2",61.6,59,1131,4.83,4.84,2.98
"1860",53679,0.56,"Ideal","E","VVS2",61.7,56,2712,5.31,5.33,3.28
"1861",42775,0.5,"Good","E","VS2",63.3,64,1348,4.98,5,3.16
"1862",40498,0.42,"Ideal","F","VVS2",62.2,56,1142,4.79,4.82,2.99
"1863",43980,0.36,"Very Good","H","SI1",59.3,60,518,4.62,4.65,2.75
"1864",31624,0.3,"Ideal","H","SI1",62.4,55,450,4.3,4.32,2.69
"1865",25092,2.03,"Good","G","SI2",62.7,65,13621,8.17,7.92,5.06
"1866",7513,1.01,"Ideal","I","SI1",60.2,59,4241,6.54,6.49,3.92
"1867",2675,0.7,"Good","D","VS1",57.8,60,3239,5.85,5.87,3.39
"1868",8236,1.02,"Very Good","F","SI2",60,57,4373,6.53,6.57,3.93
"1869",6372,0.32,"Premium","E","SI2",61.2,58,576,4.44,4.39,2.7
"1870",46493,0.52,"Ideal","H","VVS1",60.4,57,1778,5.2,5.23,3.15
"1871",49951,0.3,"Premium","H","SI1",62.2,60,540,4.28,4.24,2.65
"1872",26241,2.01,"Ideal","I","SI1",62.3,57,15680,8.04,8.08,5.02
"1873",227,0.7,"Premium","D","SI1",62.8,60,2782,5.68,5.66,3.56
"1874",48933,0.7,"Premium","F","SI2",61.5,58,2043,5.74,5.67,3.51
"1875",1654,0.78,"Premium","D","SI1",60.4,57,3019,6.02,5.97,3.62
"1876",10563,1.01,"Good","F","SI1",61.6,63,4816,6.42,6.47,3.97
"1877",26521,2.43,"Very Good","H","SI2",63.2,57,16170,8.56,8.5,5.39
"1878",11517,1.01,"Ideal","I","VS1",62.5,59,5022,6.33,6.41,3.98
"1879",2893,0.91,"Very Good","G","SI2",63.2,61,3282,6.27,6.01,3.88
"1880",42860,0.54,"Premium","E","SI1",59.5,61,1356,5.31,5.28,3.15
"1881",53759,0.72,"Very Good","F","VS2",59.6,63,2724,5.92,5.75,3.48
"1882",1420,0.7,"Good","F","VS1",63.8,58,2970,5.58,5.61,3.57
"1883",42157,0.53,"Very Good","F","SI1",59.2,59,1284,5.31,5.34,3.15
"1884",918,0.84,"Ideal","G","SI2",62.3,55,2879,6.08,6.03,3.77
"1885",29984,0.43,"Ideal","I","VS2",61.9,54,716,4.87,4.88,3.02
"1886",24449,1.51,"Good","D","VS2",59.8,65,12709,7.36,7.43,4.42
"1887",46520,0.51,"Ideal","G","VS1",62.7,54,1781,5.1,5.08,3.19
"1888",38926,0.33,"Premium","D","VVS2",60.4,60,1052,4.51,4.46,2.71
"1889",2780,0.74,"Ideal","H","VS1",61,55,3254,5.86,5.88,3.58
"1890",38964,0.31,"Very Good","G","SI1",61.8,55,490,4.35,4.38,2.69
"1891",35439,0.32,"Ideal","E","VS2",62,54,900,4.41,4.37,2.72
"1892",34976,0.23,"Good","F","VVS1",60.3,66,472,3.93,3.96,2.38
"1893",50326,0.63,"Very Good","G","VS1",59.9,57,2241,5.57,5.62,3.35
"1894",44149,0.51,"Ideal","H","VS2",61.7,56,1563,5.13,5.18,3.18
"1895",37050,0.32,"Premium","E","IF",60,61,967,4.5,4.46,2.69
"1896",1270,0.9,"Ideal","I","SI2",62,56,2948,6.2,6.16,3.83
"1897",42231,0.62,"Premium","E","SI2",58.6,58,1291,5.58,5.52,3.25
"1898",52837,0.71,"Very Good","E","SI1",59.7,58,2574,5.76,5.8,3.45
"1899",33663,0.36,"Ideal","E","VS1",61.8,54,835,4.56,4.6,2.83
"1900",7543,1.01,"Very Good","E","SI2",63.3,58,4244,6.36,6.3,4.01
"1901",28645,0.33,"Ideal","J","VS1",62.1,55,434,4.41,4.44,2.75
"1902",30833,0.33,"Good","I","VVS2",63.7,56,743,4.4,4.36,2.79
"1903",43239,0.56,"Ideal","D","SI2",61,57,1399,5.3,5.34,3.24
"1904",19873,1.52,"Premium","J","VS1",62.2,59,8426,7.32,7.38,4.57
"1905",17293,1.3,"Ideal","G","VS1",62.4,56,6928,7.03,6.95,4.36
"1906",23746,1.56,"Very Good","F","SI1",60.7,59,11794,7.45,7.55,4.55
"1907",2204,0.73,"Ideal","D","SI1",62.4,53,3140,5.82,5.79,3.62
"1908",14268,1.34,"Premium","J","VS2",62.6,58,5778,7.08,7.01,4.41
"1909",49835,0.72,"Very Good","H","SI1",63.7,57,2168,5.66,5.7,3.62
"1910",30862,0.33,"Ideal","G","VS2",61.6,55,743,4.46,4.43,2.74
"1911",5459,0.76,"Very Good","E","VVS2",60.6,59,3833,5.85,5.94,3.57
"1912",53435,0.96,"Fair","H","SI2",67.6,63,2672,5.99,5.84,4.01
"1913",5292,0.9,"Premium","E","SI1",62.3,61,3800,6.17,6.12,3.83
"1914",52423,1.3,"Fair","H","I1",64.4,57,2512,6.93,6.86,4.44
"1915",51056,0.7,"Premium","H","SI1",60,60,2331,5.79,5.72,3.5
"1916",18927,1.5,"Very Good","H","SI2",62.3,60,7775,7.28,7.22,4.52
"1917",26120,1.75,"Premium","E","SI1",60.3,61,15394,7.82,7.74,4.69
"1918",6992,0.9,"Very Good","H","VS2",62.7,59,4155,6.1,6.15,3.84
"1919",6276,1,"Very Good","H","SI2",63,61,4015,6.31,6.35,3.99
"1920",35873,0.41,"Premium","E","VVS2",61.5,58,918,4.75,4.78,2.93
"1921",14453,1.2,"Very Good","H","VS2",63.2,55,5833,6.74,6.67,4.24
"1922",47465,0.52,"Ideal","G","VVS2",60.9,56,1858,5.22,5.26,3.19
"1923",34559,0.41,"Very Good","D","VS2",63.8,56,871,4.69,4.74,3.01
"1924",48722,0.52,"Ideal","G","VVS2",60.8,57,2012,5.21,5.16,3.15
"1925",31339,0.44,"Premium","H","SI2",59.6,60,759,4.95,4.93,2.96
"1926",4961,0.9,"Good","I","IF",63.7,64,3734,6.02,6.07,3.85
"1927",40873,0.5,"Good","D","SI2",61.9,63,1175,5.05,5.07,3.13
"1928",49585,1.04,"Fair","F","I1",65.4,60,2134,6.39,6.3,4.15
"1929",52499,0.5,"Premium","D","VVS1",61.5,58,2525,5.12,5.06,3.13
"1930",49642,0.32,"Premium","F","SI2",59.7,59,540,4.48,4.43,2.66
"1931",21613,1.59,"Premium","E","SI1",58.8,59,9705,7.69,7.61,4.5
"1932",16182,1,"Premium","F","VS2",62.4,60,6468,6.38,6.35,3.97
"1933",2150,1.13,"Good","G","I1",63.4,58,3127,6.58,6.61,4.18
"1934",14997,1.07,"Premium","G","VS2",62.2,58,6040,6.54,6.48,4.05
"1935",7909,0.9,"Ideal","G","SI2",60.7,57,4314,6.19,6.33,3.8
"1936",49265,0.62,"Fair","F","VVS2",57.1,60,2088,5.65,5.7,3.24
"1937",33297,0.31,"Good","G","SI1",63.2,54,462,4.31,4.33,2.73
"1938",28588,0.3,"Ideal","G","VS2",62.5,53,675,4.3,4.27,2.68
"1939",37745,0.5,"Premium","D","SI2",62.9,58,997,5.06,5.01,3.17
"1940",3700,0.9,"Good","E","SI1",63.8,56,3449,6.17,6.09,3.91
"1941",180,0.71,"Ideal","E","VS2",62.2,57,2776,5.79,5.62,3.55
"1942",21449,2,"Fair","H","SI2",68.7,55,9549,7.9,7.67,5.35
"1943",31911,0.3,"Ideal","G","VS1",62.6,57,776,4.29,4.27,2.68
"1944",35895,0.32,"Ideal","G","IF",60.9,57,918,4.41,4.46,2.7
"1945",50305,0.33,"Very Good","F","SI1",61.2,58.1,544,4.48,4.51,2.75
"1946",49816,0.61,"Ideal","G","VS1",61.6,55,2166,5.45,5.49,3.37
"1947",11489,1.02,"Ideal","G","SI1",62.4,55,5016,6.43,6.48,4.03
"1948",41314,0.58,"Ideal","G","SI2",62.1,54,1213,5.36,5.39,3.34
"1949",51786,0.72,"Fair","D","VS2",65.4,56,2414,5.68,5.6,3.69
"1950",29,0.23,"Very Good","D","VS2",60.5,61,357,3.96,3.97,2.4
"1951",10113,1.04,"Premium","F","SI2",60.2,58,4717,6.6,6.55,3.96
"1952",39573,0.44,"Premium","G","VVS2",61.3,60,1081,4.88,4.94,3.01
"1953",30552,0.31,"Premium","E","VS1",60,59,734,4.38,4.42,2.64
"1954",35976,0.42,"Very Good","F","VS1",59.8,57,921,4.85,4.89,2.91
"1955",7523,1.01,"Ideal","G","SI2",62.4,56,4242,6.42,6.37,3.99
"1956",23368,0.3,"Ideal","H","SI1",61.3,59,425,4.29,4.33,2.64
"1957",39410,0.41,"Premium","F","VS1",59.9,58,1076,4.84,4.81,2.89
"1958",44790,0.5,"Premium","E","VS2",61.8,58,1624,5.07,5.09,3.14
"1959",50350,0.52,"Ideal","F","VS2",62.3,57,2246,5.18,5.13,3.21
"1960",48924,0.7,"Premium","G","SI1",61.2,60,2042,5.7,5.74,3.5
"1961",6243,1.01,"Premium","F","SI2",61.8,59,4008,6.41,6.31,3.93
"1962",39191,0.31,"Ideal","E","VVS1",61.3,56,1064,4.39,4.43,2.7
"1963",5969,1.14,"Premium","D","I1",61.8,59,3950,6.62,6.74,4.13
"1964",52925,0.71,"Ideal","H","VS1",60.9,58,2590,5.74,5.79,3.51
"1965",47061,0.59,"Good","D","SI1",63.7,56,1821,5.35,5.32,3.4
"1966",39439,0.41,"Premium","D","VS2",62.4,60,1076,4.75,4.71,2.95
"1967",10905,1.21,"Very Good","G","SI2",58.9,61,4887,6.91,6.98,4.09
"1968",7814,1.01,"Very Good","J","SI1",62.2,57,4295,6.35,6.39,3.96
"1969",20649,1.52,"Very Good","I","VS2",63.3,61,8938,7.27,7.23,4.59
"1970",29226,0.31,"Ideal","G","VS1",62.7,57,695,4.34,4.31,2.71
"1971",19289,1.51,"Fair","H","SI1",66.5,56,8010,7.03,6.99,4.66
"1972",45128,0.59,"Ideal","F","SI1",61.7,56,1652,5.36,5.4,3.32
"1973",20014,0.32,"Very Good","I","SI1",59.9,61,421,4.44,4.47,2.67
"1974",5717,0.27,"Very Good","E","VVS2",61.9,58,575,4.1,4.14,2.55
"1975",30156,0.5,"Very Good","E","I1",63.1,61,720,5.04,4.97,3.16
"1976",39789,0.32,"Ideal","E","IF",62.6,55,1095,4.38,4.41,2.75
"1977",6602,1,"Very Good","F","SI2",62.6,58,4081,6.31,6.37,3.97
"1978",18172,1.01,"Premium","G","VVS2",63,59,7366,6.38,6.25,3.98
"1979",11808,1.04,"Premium","H","SI1",61,58,5090,6.6,6.54,4.01
"1980",1832,0.74,"Very Good","H","VVS1",62.4,57,3061,5.76,5.81,3.61
"1981",33087,0.46,"Very Good","F","SI2",62.6,58,815,4.88,4.96,3.08
"1982",35055,0.47,"Ideal","I","VS2",62.1,54,884,4.99,5.03,3.11
"1983",40361,0.43,"Premium","D","VS2",60.2,59,1129,4.92,4.88,2.95
"1984",4115,0.78,"Premium","E","VS1",62.2,58,3538,5.9,5.86,3.66
"1985",2164,0.74,"Ideal","G","SI1",61.3,57,3130,5.81,5.83,3.57
"1986",4296,1.11,"Premium","D","I1",61.9,58,3589,6.63,6.66,4.11
"1987",24025,1.8,"Good","F","SI2",57.9,58,12196,8.08,8.13,4.69
"1988",43858,0.55,"Ideal","F","SI1",60.2,56,1448,5.32,5.37,3.22
"1989",17441,1.24,"Ideal","G","SI1",60.5,60,6994,6.97,6.91,4.2
"1990",13752,1.27,"Ideal","J","VS2",61.6,56.1,5606,6.94,7,4.29
"1991",41112,0.51,"Premium","F","SI2",58.9,60,1195,5.24,5.19,3.07
"1992",48494,0.66,"Ideal","D","VS2",61.8,56,1981,5.6,5.57,3.45
"1993",41901,0.55,"Ideal","J","VS2",61.7,54,1260,5.34,5.29,3.28
"1994",38246,0.32,"Ideal","E","IF",61.1,56,1018,4.42,4.48,2.72
"1995",20034,0.32,"Premium","G","SI2",62.7,58,421,4.35,4.39,2.74
"1996",20436,1.5,"Very Good","H","SI1",61.5,62,8791,7.24,7.3,4.47
"1997",47691,0.57,"Very Good","E","VS1",62.9,57,1883,5.27,5.29,3.32
"1998",11411,1.01,"Premium","H","VS1",60.9,62,5000,6.52,6.49,3.96
"1999",22140,1.21,"Ideal","F","VS2",61.5,54,10177,6.88,6.89,4.24
"2000",53917,0.74,"Good","D","SI1",63.1,59,2753,5.71,5.74,3.61
"2001",47968,0.52,"Ideal","D","VS2",61.7,56,1919,5.18,5.16,3.19
"2002",31478,0.34,"Ideal","H","VS1",62.3,55,765,4.48,4.45,2.78
"2003",1116,0.73,"Very Good","H","VS1",60.8,57,2916,5.8,5.83,3.54
"2004",32442,0.43,"Premium","F","SI1",62.6,58,792,4.77,4.81,3
"2005",5709,0.25,"Very Good","F","VVS2",59.4,57,575,4.1,4.12,2.44
"2006",33864,0.3,"Premium","E","VS2",61.7,58,844,4.34,4.32,2.67
"2007",4798,0.77,"Ideal","E","VS1",62,56,3697,5.87,5.9,3.65
"2008",46005,0.57,"Ideal","H","VS2",61.7,55,1725,5.37,5.34,3.3
"2009",21484,1.35,"Premium","G","VS2",61.1,58,9580,7.16,7.12,4.36
"2010",26466,2,"Premium","H","SI2",62.8,56,16031,8.04,7.98,5.03
"2011",22822,1.38,"Premium","G","VS1",62.4,58,10850,7.14,7.09,4.44
"2012",27390,0.41,"Ideal","J","VS1",62.7,57,647,4.72,4.75,2.97
"2013",21338,1.01,"Ideal","E","VVS2",60,55,9479,6.6,6.56,3.95
"2014",20154,1.65,"Ideal","J","SI1",62.2,54,8610,7.52,7.59,4.7
"2015",21954,1.51,"Premium","G","SI1",60.6,58,10020,7.47,7.39,4.5
"2016",29717,0.31,"Ideal","G","VVS2",61.9,55,707,4.33,4.36,2.69
"2017",39566,0.64,"Good","E","SI2",56.6,59,1080,5.77,5.74,3.26
"2018",28667,0.29,"Ideal","E","SI1",60.4,54,677,4.32,4.36,2.62
"2019",39201,0.41,"Good","F","VVS2",63.6,56,1064,4.72,4.68,2.99
"2020",11227,0.83,"Ideal","G","VVS1",61.9,56,4963,6.03,6.05,3.74
"2021",32270,0.3,"Ideal","G","VVS1",61.3,56,789,4.3,4.34,2.65
"2022",16187,1.22,"Ideal","I","VS1",61.9,55.7,6469,6.81,6.84,4.23
"2023",37508,0.49,"Very Good","F","SI1",62.3,57,985,5.05,5.07,3.15
"2024",21755,1.51,"Good","H","VS2",64,59,9821,7.19,7.25,4.62
"2025",1503,0.7,"Ideal","G","VVS2",63,55,2993,5.65,5.69,3.57
"2026",9538,1.01,"Good","E","SI1",63.2,59,4619,6.25,6.28,3.96
"2027",2578,0.76,"Ideal","G","SI1",61.2,57,3212,5.85,5.9,3.59
"2028",41562,0.5,"Ideal","G","SI1",61.7,57,1237,5.06,5.08,3.13
"2029",27823,0.34,"Premium","D","SI2",59.2,59,650,4.58,4.54,2.7
"2030",9289,1.06,"Ideal","F","SI2",60.7,57,4568,6.57,6.61,4
"2031",21265,1.51,"Very Good","I","VVS2",61.9,56,9416,7.35,7.38,4.56
"2032",40876,0.5,"Very Good","I","VS2",61.7,58,1176,5.08,5.13,3.15
"2033",1293,0.7,"Ideal","E","VS2",62.1,55,2952,5.71,5.75,3.56
"2034",44077,0.53,"Ideal","I","VS1",61.8,55,1552,5.19,5.23,3.22
"2035",11279,1.35,"Premium","J","VS2",61.2,61,4974,7.13,7.08,4.35
"2036",7518,1.01,"Very Good","H","SI1",62.7,59,4242,6.27,6.33,3.95
"2037",4384,0.31,"Very Good","D","SI1",62.9,57,571,4.27,4.32,2.7
"2038",47509,0.72,"Ideal","G","SI2",61.8,57,1866,5.73,5.69,3.53
"2039",17764,1.29,"Premium","H","VS2",61.2,60,7153,7.03,6.95,4.28
"2040",4870,1.02,"Good","H","SI2",64.3,60,3713,6.36,6.25,4.06
"2041",9080,1.02,"Good","H","SI2",61.4,60,4521,6.44,6.49,3.97
"2042",2100,0.93,"Ideal","G","SI2",61,54,3114,6.35,6.32,3.87
"2043",38196,0.5,"Very Good","D","SI2",63.1,56,1015,5.05,4.96,3.16
"2044",28633,0.32,"Ideal","H","SI1",61.5,55,434,4.41,4.43,2.72
"2045",33370,0.41,"Very Good","H","VS1",62.8,59,827,4.73,4.64,2.94
"2046",11079,0.9,"Ideal","H","VVS2",62,57,4924,6.15,6.2,3.83
"2047",38072,0.3,"Premium","E","VVS2",61.4,59,1013,4.34,4.32,2.66
"2048",37286,0.24,"Very Good","E","VVS2",63.6,54,485,3.96,4,2.53
"2049",53012,0.7,"Premium","D","SI2",60.6,58,2596,5.75,5.7,3.47
"2050",25923,2,"Very Good","J","VVS2",63,59,15076,7.97,8,5.03
"2051",11016,1.24,"Premium","D","SI2",60.6,59,4916,6.99,6.96,4.23
"2052",36004,0.32,"Ideal","E","VVS1",61.8,55,921,4.4,4.43,2.73
"2053",9264,1.01,"Fair","F","SI1",65.9,60,4561,6.25,6.17,4.09
"2054",29215,0.31,"Ideal","F","VS1",61.6,56,695,4.33,4.36,2.68
"2055",15429,1.04,"Premium","G","VS2",62.5,58,6177,6.43,6.47,4.03
"2056",37699,0.48,"Fair","F","SI1",56.4,59,994,5.28,5.26,2.97
"2057",37324,0.3,"Premium","D","VS1",61.6,57,979,4.33,4.3,2.66
"2058",8257,0.83,"Ideal","D","VS2",62,54.9,4378,6.03,6.04,3.74
"2059",33780,0.32,"Premium","D","VS2",62.9,59,842,4.39,4.36,2.75
"2060",5804,0.9,"Very Good","G","SI2",60.8,57,3909,6.2,6.24,3.78
"2061",23277,1.56,"Premium","F","SI1",60.1,60,11299,7.56,7.52,4.53
"2062",17907,1.21,"Ideal","E","SI1",62.2,54.1,7231,6.82,6.86,4.26
"2063",17881,1.18,"Ideal","H","VS1",64.9,58,7216,6.57,6.53,4.25
"2064",4734,0.3,"Ideal","F","VS2",62.2,55,573,4.3,4.32,2.68
"2065",17531,1,"Premium","F","VS1",62,59,7056,6.42,6.35,3.96
"2066",42923,0.53,"Premium","G","SI1",61.3,58,1363,5.21,5.16,3.18
"2067",33353,0.41,"Premium","G","VS2",61.9,59,827,4.73,4.77,2.94
"2068",19640,1.3,"Premium","F","SI1",61.1,53,8256,7.17,7.04,4.34
"2069",31853,0.3,"Ideal","F","VS2",61.6,57,776,4.33,4.3,2.66
"2070",46568,0.71,"Good","E","SI2",57.5,58,1783,5.91,5.89,3.39
"2071",31259,0.32,"Ideal","D","VS2",61.9,55,758,4.39,4.43,2.73
"2072",21150,1.51,"Premium","E","SI2",63,55,9302,7.34,7.3,4.61
"2073",31854,0.3,"Ideal","H","VVS2",61.2,57,776,4.32,4.31,2.64
"2074",39082,0.38,"Very Good","F","VVS2",61.9,59.7,1060,4.64,4.65,2.87
"2075",40469,0.32,"Ideal","D","VVS1",61.7,55,1140,4.44,4.41,2.73
"2076",34914,0.34,"Ideal","F","VS2",62.5,55,880,4.51,4.48,2.81
"2077",48648,0.34,"Ideal","H","VS2",61.7,57,537,4.46,4.48,2.76
"2078",51880,0.71,"Good","I","VVS2",63.6,57,2428,5.66,5.69,3.61
"2079",21367,0.38,"Ideal","I","SI1",61.6,57,626,4.62,4.66,2.86
"2080",28821,0.31,"Ideal","D","VS1",60.5,55,683,4.39,4.43,2.67
"2081",35695,0.3,"Premium","D","VS2",60.5,58,911,4.38,4.35,2.64
"2082",37330,0.45,"Fair","E","VS2",66.9,60,980,4.78,4.71,3.18
"2083",15866,2.02,"Fair","G","I1",68,55,6346,7.77,7.72,5.27
"2084",755,0.9,"Very Good","G","SI2",63.1,58,2857,6.08,6.02,3.82
"2085",44070,0.55,"Ideal","E","SI1",60.6,56,1551,5.3,5.33,3.22
"2086",40981,0.5,"Fair","F","SI1",64.7,57,1181,4.99,4.94,3.21
"2087",40730,0.51,"Ideal","H","SI1",61.3,57,1161,5.1,5.14,3.14
"2088",1831,0.9,"Good","G","SI2",63.6,57,3060,6.1,6.04,3.86
"2089",33286,0.31,"Very Good","D","SI2",62.8,53,462,4.35,4.37,2.74
"2090",46478,0.6,"Very Good","D","SI1",62,55,1777,5.36,5.44,3.35
"2091",43624,0.43,"Ideal","G","IF",61.2,57,1433,4.81,4.86,2.96
"2092",29074,0.28,"Very Good","E","IF",59.6,55,688,4.24,4.31,2.55
"2093",32828,0.33,"Very Good","G","VVS2",59.7,59,806,4.48,4.53,2.69
"2094",45385,0.58,"Very Good","F","VS2",63,59,1667,5.27,5.39,3.36
"2095",29076,0.4,"Ideal","F","SI2",61.8,53,688,4.77,4.74,2.94
"2096",25880,1.51,"Ideal","G","VVS2",61.8,57,14982,7.31,7.36,4.53
"2097",6546,0.9,"Good","H","VS1",60.6,61,4072,6.13,6.19,3.73
"2098",8124,1.02,"Ideal","H","SI2",61.9,56,4353,6.47,6.51,4.02
"2099",27458,1.07,"Very Good","D","IF",60.9,58,18114,6.57,6.67,4.03
"2100",39593,0.55,"Ideal","H","SI1",62.2,54,1084,5.24,5.28,3.27
"2101",28377,0.24,"Premium","D","VVS2",59.5,62,668,4.06,4.04,2.41
"2102",43887,0.54,"Ideal","I","VS1",63.1,55,1453,5.18,5.22,3.27
"2103",9603,1.01,"Premium","F","SI1",63,58,4632,6.33,6.29,3.98
"2104",51850,0.7,"Premium","F","SI1",61.3,59,2423,5.74,5.68,3.5
"2105",27121,2.05,"Ideal","H","SI1",62.4,57,17294,8.14,8.08,5.06
"2106",23987,1.52,"Premium","G","VS2",62.9,60,12148,7.31,7.28,4.59
"2107",12043,0.4,"Good","I","SI1",63.2,54,596,4.67,4.69,2.96
"2108",22738,1.54,"Premium","H","VS2",61.9,61,10758,7.41,7.33,4.56
"2109",47917,0.56,"Ideal","F","VS1",61.7,56,1915,5.3,5.33,3.28
"2110",6374,0.32,"Premium","E","SI2",61.7,60,576,4.41,4.38,2.71
"2111",18418,1.24,"Premium","D","SI1",62.4,59,7486,6.86,6.82,4.27
"2112",1098,1,"Fair","I","SI1",66,56,2912,6.31,6.24,4.13
"2113",53449,0.73,"Very Good","F","SI1",61.4,60,2675,5.74,5.76,3.53
"2114",30349,0.37,"Very Good","E","VS2",64,55,728,4.52,4.57,2.91
"2115",8546,1.01,"Very Good","H","SI1",61.8,61,4432,6.4,6.47,3.98
"2116",37188,0.32,"Ideal","D","VVS1",61.8,56,973,4.4,4.37,2.71
"2117",51435,0.7,"Very Good","D","SI1",62.5,63,2374,5.7,5.63,3.54
"2118",488,0.7,"Premium","E","VS1",60.8,60,2822,5.74,5.71,3.48
"2119",53689,0.82,"Very Good","G","SI1",63.1,52,2716,6.02,5.97,3.78
"2120",40402,0.34,"Ideal","D","VVS1",62.4,55,1133,4.45,4.49,2.79
"2121",14352,1.14,"Premium","D","SI1",60.5,59,5809,6.79,6.73,4.09
"2122",28173,0.36,"Premium","H","SI1",61.3,57,665,4.65,4.61,2.84
"2123",29948,0.25,"Ideal","H","VS1",62.6,53,445,4.04,4.08,2.54
"2124",6260,0.92,"Ideal","E","SI2",62.1,53,4011,6.22,6.25,3.87
"2125",33667,0.3,"Very Good","G","IF",58.4,62,835,4.4,4.43,2.58
"2126",41420,0.52,"Ideal","F","SI2",60.9,57,1226,5.22,5.2,3.17
"2127",48551,0.54,"Premium","F","VS2",62,59,1989,5.22,5.16,3.22
"2128",47791,0.71,"Very Good","I","SI1",61.9,58,1898,5.66,5.69,3.51
"2129",25533,2.55,"Premium","I","SI2",62.9,58,14351,8.7,8.59,5.44
"2130",25120,1.71,"Premium","G","SI1",60.6,58,13666,7.79,7.75,4.71
"2131",25579,2.22,"Ideal","I","SI2",62.7,61,14416,8.31,8.23,5.19
"2132",50395,0.52,"Very Good","E","VVS2",61.2,58,2254,5.17,5.19,3.17
"2133",41672,0.4,"Ideal","G","VS2",62,56,1240,4.73,4.78,2.95
"2134",6893,1.1,"Good","I","SI1",63.1,61,4133,6.49,6.56,4.12
"2135",32994,0.38,"Premium","I","VS2",61.8,59,812,4.64,4.61,2.86
"2136",42847,0.41,"Premium","F","VVS1",61.3,59,1356,4.79,4.73,2.92
"2137",18339,1.5,"Very Good","H","SI1",63.5,58,7459,7.23,7.17,4.57
"2138",43473,0.59,"Ideal","D","SI2",61.1,56,1419,5.4,5.44,3.31
"2139",44666,0.36,"Ideal","I","VS2",61.6,55,523,4.6,4.65,2.85
"2140",39563,0.36,"Premium","F","VS1",61.8,58,1080,4.56,4.53,2.81
"2141",29477,0.32,"Premium","E","VS2",61.2,59,702,4.4,4.43,2.7
"2142",44728,0.51,"Very Good","D","VS1",58.8,60,1616,5.18,5.26,3.07
"2143",29142,0.31,"Ideal","D","VS2",60.8,56,692,4.39,4.42,2.68
"2144",33987,0.42,"Ideal","G","VS2",60.8,57,847,4.82,4.85,2.94
"2145",6896,0.9,"Ideal","H","VS2",61.9,55,4133,6.22,6.19,3.84
"2146",15955,1.27,"Ideal","E","SI2",60.2,57,6383,7.09,7.14,4.28
"2147",22529,1.21,"Ideal","G","VVS2",61.3,57,10568,6.83,6.85,4.19
"2148",6560,1.11,"Very Good","I","SI2",63.1,57,4075,6.59,6.54,4.14
"2149",4399,0.31,"Ideal","D","SI1",62.1,56,571,4.33,4.37,2.7
"2150",25034,0.34,"Ideal","F","VS2",62.2,55,641,4.47,4.5,2.79
"2151",14781,1.03,"Very Good","D","SI1",61.2,54,5948,6.53,6.61,4.02
"2152",36408,0.31,"Ideal","E","VS1",61.6,57,942,4.35,4.32,2.67
"2153",9314,1.06,"Ideal","G","SI2",61,57,4578,6.56,6.61,4.02
"2154",50043,0.49,"Ideal","E","VVS2",61.9,56,2199,5.05,5.1,3.14
"2155",37635,0.4,"Premium","D","SI1",61.4,56,990,4.83,4.72,2.93
"2156",9342,1.01,"Very Good","E","SI2",63.3,58,4581,6.37,6.3,4.01
"2157",13200,1.02,"Premium","F","SI1",61,59,5455,6.58,6.47,3.98
"2158",49253,0.71,"Ideal","H","SI2",62.1,56,2086,5.76,5.71,3.56
"2159",12175,1.18,"Ideal","H","SI2",61.2,57,5182,6.81,6.86,4.18
"2160",13399,0.32,"Ideal","G","VS1",60.7,56,602,4.43,4.46,2.7
"2161",27770,0.32,"Premium","H","VS2",62.7,54,648,4.41,4.39,2.76
"2162",30385,0.33,"Ideal","G","VVS2",61.3,56,730,4.46,4.48,2.74
"2163",13631,1.2,"Ideal","I","SI1",60.1,56,5578,6.9,6.84,4.13
"2164",26719,0.32,"Ideal","F","VS2",61.1,57,645,4.4,4.44,2.7
"2165",30299,0.3,"Ideal","D","SI2",61.1,55,447,4.32,4.35,2.65
"2166",17762,1.19,"Good","H","VS1",60.8,61,7152,6.86,6.88,4.18
"2167",6629,0.8,"Ideal","E","VS1",62.1,56,4086,5.92,5.97,3.69
"2168",39665,0.42,"Premium","G","VS2",60.1,61,1087,4.84,4.81,2.9
"2169",52102,0.69,"Ideal","F","SI1",61.3,55,2459,5.72,5.74,3.51
"2170",49000,0.72,"Very Good","G","SI2",59.7,56,2050,5.83,5.89,3.5
"2171",20404,1.2,"Very Good","E","VS2",60.7,59,8769,6.79,6.86,4.14
"2172",1599,1.2,"Fair","I","I1",62.2,66,3011,6.77,6.7,4.2
"2173",6802,0.92,"Good","H","VS1",62.3,63,4116,6.18,6.3,3.88
"2174",22925,1.5,"Very Good","F","SI1",63.4,58,10962,7.2,7.16,4.55
"2175",46973,0.38,"Good","I","SI1",63.7,57,529,4.63,4.57,2.93
"2176",47995,0.32,"Ideal","J","IF",62.2,56,533,4.37,4.41,2.73
"2177",9607,1.02,"Premium","G","SI1",60.8,58,4633,6.46,6.5,3.94
"2178",47502,0.7,"Good","H","SI1",64.2,58,1865,5.62,5.59,3.6
"2179",52841,0.52,"Ideal","F","IF",60.6,57,2575,5.21,5.22,3.16
"2180",34159,0.33,"Ideal","G","VS1",62.1,55,854,4.46,4.43,2.76
"2181",12894,1.16,"Very Good","G","SI1",60.5,60,5372,6.86,6.77,4.12
"2182",41,0.33,"Ideal","I","SI2",61.2,56,403,4.49,4.5,2.75
"2183",40756,0.4,"Ideal","F","VVS2",62.8,57,1163,4.73,4.66,2.95
"2184",12715,0.26,"Ideal","E","VVS2",62,56,599,4.1,4.13,2.55
"2185",13966,1.01,"Very Good","H","VVS2",59.6,63,5684,6.55,6.47,3.88
"2186",11111,1.08,"Very Good","I","SI1",62.2,57,4933,6.57,6.54,4.08
"2187",46205,0.5,"Very Good","D","VS1",62,56,1750,5.09,5.11,3.16
"2188",9875,1.28,"Good","G","SI2",63.6,57,4679,6.78,6.73,4.29
"2189",22831,1.51,"Ideal","H","VS2",61.4,58,10861,7.36,7.42,4.54
"2190",31778,0.42,"Premium","F","SI1",60.8,58,773,4.83,4.87,2.95
"2191",51931,0.72,"Very Good","F","SI1",62.6,55,2440,5.71,5.76,3.59
"2192",7914,0.9,"Very Good","E","SI1",62.6,61,4315,6.06,6.11,3.81
"2193",50416,0.67,"Good","D","SI1",63.8,57,2258,5.53,5.48,3.51
"2194",3935,0.71,"Ideal","F","VVS2",62,57,3499,5.7,5.65,3.52
"2195",9885,1.06,"Ideal","D","SI2",61.2,57,4682,6.59,6.51,4.01
"2196",50440,0.7,"Very Good","E","SI2",61.5,60,2263,5.65,5.7,3.49
"2197",8187,1.5,"Fair","I","I1",71.3,58,4368,6.85,6.81,4.87
"2198",15965,1,"Very Good","G","VS2",63.8,58,6389,6.31,6.35,4.04
"2199",32286,0.31,"Ideal","J","VVS2",61.8,54,453,4.38,4.39,2.71
"2200",18127,1.12,"Premium","G","VS1",58.4,58,7338,6.87,6.84,4
"2201",7302,0.9,"Good","E","VS2",64,58,4203,6.07,6.02,3.87
"2202",12040,0.34,"Premium","G","VS2",60.2,58,596,4.52,4.55,2.73
"2203",53795,0.92,"Premium","I","SI1",60.4,59,2730,6.31,6.24,3.79
"2204",31463,0.4,"Very Good","G","SI2",63.1,59,765,4.7,4.65,2.95
"2205",444,0.96,"Fair","E","SI2",53.1,63,2815,6.73,6.65,3.55
"2206",1186,0.7,"Very Good","G","VVS2",60.8,57,2931,5.72,5.76,3.49
"2207",45803,0.5,"Premium","F","VS1",61.3,59,1710,5.09,5.15,3.14
"2208",46349,0.57,"Ideal","H","VS2",61.5,57,1759,5.35,5.38,3.3
"2209",6493,1.06,"Good","H","SI1",57.2,60,4060,6.84,6.74,3.88
"2210",25957,1.53,"Ideal","G","VVS2",61.2,57,15137,7.4,7.44,4.53
"2211",32100,0.33,"Ideal","E","VS1",60.6,57,781,4.5,4.54,2.74
"2212",48192,0.53,"Ideal","G","VVS2",61,56,1946,5.21,5.25,3.19
"2213",3476,1.01,"Good","I","SI1",58.4,64,3394,6.51,6.48,3.79
"2214",22951,1.25,"Ideal","G","VVS1",61.3,56,10996,6.95,6.98,4.28
"2215",4539,1,"Premium","H","SI2",59.1,62,3640,6.5,6.47,3.83
"2216",36700,0.4,"Good","G","VS1",59.6,61,952,4.82,4.85,2.88
"2217",23898,1.57,"Ideal","H","VS2",61.8,55,12004,7.45,7.49,4.62
"2218",18831,1.23,"Premium","D","SI1",62.5,58,7715,6.85,6.79,4.27
"2219",13474,1.52,"Fair","G","SI2",64.9,59,5533,7.19,7.15,4.65
"2220",44134,0.59,"Very Good","H","VS1",62.4,58,1561,5.39,5.42,3.37
"2221",18705,0.27,"Very Good","F","VVS2",61.9,58,620,4.17,4.2,2.59
"2222",1295,0.7,"Good","E","VS1",61,61,2952,5.69,5.72,3.48
"2223",29998,0.43,"Ideal","E","SI2",62.1,56,716,4.84,4.85,3.01
"2224",43913,0.3,"Good","H","VS1",63.2,59,512,4.31,4.27,2.71
"2225",41025,0.5,"Very Good","G","SI1",62.9,59,1187,5.04,5.07,3.18
"2226",5940,0.96,"Ideal","G","SI2",62,58,3945,6.3,6.34,3.92
"2227",4557,1.16,"Premium","D","I1",61.8,59,3644,6.74,6.78,4.18
"2228",16475,1.06,"Premium","G","VS2",60.9,57,6582,6.65,6.61,4.04
"2229",49036,0.62,"Ideal","E","SI1",61.7,54,2054,5.53,5.49,3.4
"2230",22061,1.5,"Premium","G","SI1",62.7,58,10087,7.28,7.23,4.55
"2231",53798,0.72,"Ideal","E","SI1",61.3,56,2731,5.77,5.81,3.55
"2232",17816,1.11,"Premium","F","VS2",61.3,56,7179,6.68,6.63,4.08
"2233",10121,1.02,"Premium","D","SI2",60.3,58,4718,6.52,6.48,3.92
"2234",40060,0.46,"Good","F","VS1",64.4,60,1113,4.88,4.9,3.15
"2235",46341,0.5,"Good","D","VS2",63.7,56,1758,5.09,5.05,3.23
"2236",48565,0.64,"Ideal","I","IF",62,54,1991,5.53,5.56,3.44
"2237",21318,1.51,"Ideal","I","VS2",59.9,56,9471,7.49,7.42,4.47
"2238",37735,0.5,"Very Good","F","SI2",62.2,54,997,5.08,5.14,3.18
"2239",33824,0.32,"Ideal","G","VVS1",62,57,842,4.38,4.42,2.73
"2240",50379,0.75,"Premium","G","SI2",63,58,2250,5.81,5.77,3.62
"2241",37596,0.23,"Very Good","E","VVS2",63.8,57,485,3.88,3.9,2.48
"2242",15402,1.02,"Very Good","G","VS2",63.2,57,6169,6.41,6.38,4.04
"2243",7563,1.2,"Premium","G","SI2",62.6,61,4250,6.73,6.68,4.2
"2244",3794,0.71,"Very Good","E","VS1",62.6,59,3464,5.68,5.76,3.58
"2245",48107,0.5,"Premium","G","VVS2",60.9,61,1935,5.13,5.11,3.12
"2246",27910,0.26,"Very Good","F","VVS1",61.7,57,657,4.09,4.13,2.53
"2247",24708,0.38,"Ideal","G","SI1",60.2,57,639,4.72,4.77,2.85
"2248",12246,1.01,"Premium","F","SI1",61.7,58,5202,6.44,6.39,3.96
"2249",53659,0.76,"Premium","F","SI1",62,60,2706,5.88,5.76,3.61
"2250",24470,1.7,"Ideal","I","VS1",62.2,55,12737,7.67,7.63,4.76
"2251",28546,0.3,"Premium","I","VVS2",61.8,58,675,4.33,4.28,2.66
"2252",10088,1,"Good","F","SI1",63.3,61,4712,6.29,6.31,3.99
"2253",42557,0.42,"Ideal","D","VVS2",62.6,56,1326,4.77,4.79,2.99
"2254",11017,1.14,"Ideal","H","SI1",62.2,57,4916,6.73,6.67,4.17
"2255",5354,0.73,"Fair","E","VVS2",57.4,59,3813,5.99,5.95,3.43
"2256",30221,0.33,"Premium","E","VS2",60.6,60,723,4.43,4.48,2.7
"2257",31753,0.4,"Ideal","D","SI1",62,56,772,4.68,4.71,2.91
"2258",41608,0.32,"Premium","J","VS2",61.9,58,393,4.35,4.38,2.7
"2259",10006,1.01,"Premium","E","VS2",60.8,58,4706,6.43,6.4,3.9
"2260",43888,0.5,"Very Good","D","SI1",61.6,56,1454,5.09,5.11,3.14
"2261",53702,0.7,"Premium","F","VS2",62.6,61,2717,5.66,5.61,3.53
"2262",50629,0.23,"Very Good","D","VS2",61.6,58,402,3.96,3.99,2.45
"2263",35346,0.42,"Very Good","H","SI1",63.1,57,898,4.78,4.76,3.01
"2264",28622,0.24,"Very Good","G","VVS1",62.3,59,432,3.92,3.95,2.45
"2265",29629,0.35,"Premium","H","SI2",61.6,58,441,4.49,4.54,2.78
"2266",15950,1.2,"Ideal","I","VS1",61.5,59,6380,6.82,6.84,4.2
"2267",46853,0.51,"Premium","D","VS2",61.9,62,1812,5.12,5.09,3.16
"2268",9935,0.93,"Premium","D","SI2",62,56,4692,6.27,6.22,3.87
"2269",18956,1.09,"Ideal","E","VS2",60.6,58,7796,6.66,6.7,4.05
"2270",9598,1.04,"Ideal","F","SI2",61.8,56,4630,6.53,6.49,4.02
"2271",16516,1,"Very Good","E","VS2",62.8,60,6600,6.32,6.36,3.98
"2272",33636,0.37,"Premium","E","SI1",61.8,58,833,4.64,4.59,2.85
"2273",33009,0.43,"Premium","F","SI2",58.3,62,813,4.97,4.91,2.88
"2274",40751,0.4,"Ideal","F","VVS2",61.7,56,1163,4.74,4.72,2.92
"2275",14556,1.2,"Ideal","I","VS2",61.5,57,5880,6.8,6.75,4.17
"2276",14060,0.3,"Ideal","F","VS2",61.1,56,605,4.31,4.33,2.64
"2277",53189,0.57,"Ideal","E","VVS1",62.3,53.5,2632,5.29,5.33,3.31
"2278",14628,1.09,"Ideal","I","VS2",61.8,57,5904,6.55,6.59,4.06
"2279",16415,1.15,"Premium","G","VS2",62.6,58,6557,6.68,6.71,4.19
"2280",36332,0.32,"Ideal","G","VVS2",62.1,57,936,4.42,4.4,2.74
"2281",7199,1.02,"Ideal","I","SI2",62.8,58,4189,6.37,6.41,4.01
"2282",39688,0.4,"Premium","F","VVS2",62.2,59,1088,4.65,4.7,2.91
"2283",24419,1.64,"Premium","F","SI1",62.8,59,12670,7.53,7.51,4.72
"2284",17717,0.3,"Good","F","VVS2",66,55,613,4.19,4.21,2.77
"2285",8470,1.01,"Very Good","F","SI2",62.4,58,4416,6.37,6.41,3.99
"2286",9711,0.34,"Very Good","H","VS1",62.3,57,590,4.45,4.48,2.78
"2287",6666,1.11,"Premium","G","SI1",60.9,59,4096,6.69,6.64,4.07
"2288",14785,1.28,"Premium","H","SI2",61.9,56,5949,7.02,6.94,4.32
"2289",52756,0.72,"Very Good","I","VVS1",62.8,56,2562,5.69,5.75,3.59
"2290",31244,0.31,"Ideal","F","VS2",61.9,55,757,4.37,4.39,2.71
"2291",36703,0.4,"Very Good","D","VS2",63.5,55,952,4.69,4.66,2.97
"2292",45545,0.51,"Premium","D","SI1",60.1,60,1687,5.17,5.15,3.1
"2293",38717,0.42,"Good","E","VVS2",61.9,61,1042,4.72,4.78,2.94
"2294",31091,0.33,"Very Good","G","VVS2",63,57,752,4.38,4.42,2.77
"2295",53735,0.77,"Premium","E","SI2",61.3,55,2723,5.9,5.85,3.6
"2296",41146,0.5,"Good","G","SI1",62.5,64,1197,4.93,4.99,3.1
"2297",39298,0.3,"Ideal","H","VS2",62.3,56,491,4.27,4.3,2.67
"2298",20625,1.01,"Very Good","F","VVS2",62.3,56,8922,6.38,6.42,3.99
"2299",21226,1.28,"Ideal","G","VS1",62.7,53,9372,6.94,6.97,4.36
"2300",7321,0.59,"Ideal","D","IF",60.9,57,4208,5.4,5.43,3.3
"2301",4852,0.71,"Ideal","F","VS1",61.5,57,3710,5.71,5.77,3.53
"2302",4656,1.04,"Ideal","H","SI2",62,57,3669,6.53,6.43,4.02
"2303",692,0.73,"Ideal","E","SI1",62.7,55,2852,5.7,5.79,3.6
"2304",18398,1.03,"Ideal","E","VS1",59.5,57,7477,6.6,6.62,3.93
"2305",24874,1.55,"Ideal","E","SI1",61.5,56,13291,7.4,7.36,4.54
"2306",10428,1.09,"Ideal","H","SI1",62.4,55,4784,6.59,6.68,4.14
"2307",43496,0.54,"Good","G","VS2",63.2,55,1422,5.15,5.2,3.27
"2308",43000,0.55,"Ideal","D","SI2",61.3,57,1368,5.28,5.23,3.22
"2309",31121,0.34,"Good","E","VS2",57.8,64,754,4.6,4.61,2.66
"2310",16366,0.33,"Ideal","D","SI1",62.4,54,608,4.41,4.44,2.76
"2311",8091,1,"Premium","F","SI2",61.5,60,4340,6.35,6.33,3.9
"2312",46996,0.54,"Ideal","D","VS2",61.9,55,1817,5.23,5.24,3.24
"2313",15028,1.35,"Ideal","J","VS1",62.3,54,6048,7.17,7.06,4.43
"2314",7041,1.02,"Ideal","F","SI2",62.1,56,4162,6.41,6.44,3.99
"2315",10959,1.02,"Very Good","E","SI1",60.5,63,4901,6.54,6.48,3.94
"2316",27912,0.26,"Very Good","F","VVS1",62,55,657,4.08,4.13,2.54
"2317",41189,0.51,"Premium","H","VS2",60.9,60,1202,5.19,5.16,3.15
"2318",38531,0.34,"Ideal","E","VS1",61,57,1033,4.52,4.49,2.75
"2319",39252,0.37,"Premium","D","VVS1",61.4,58,1069,4.63,4.65,2.85
"2320",38602,0.4,"Ideal","E","VS2",62.6,57,1038,4.7,4.68,2.93
"2321",13169,1,"Premium","E","SI1",62.6,60,5445,6.3,6.35,3.97
"2322",48348,0.7,"Ideal","I","SI2",61.3,57,1961,5.7,5.73,3.5
"2323",42225,0.52,"Ideal","E","SI2",62.9,56,1290,5.12,5.08,3.21
"2324",18526,1.17,"Ideal","G","VS2",61.4,56,7550,6.77,6.81,4.17
"2325",19656,1.01,"Premium","D","VS1",62.4,58,8265,6.38,6.41,3.99
"2326",11331,1.26,"Very Good","J","SI1",61.8,58,4989,6.88,6.91,4.26
"2327",18798,1.51,"Ideal","I","SI2",62.8,54,7693,7.28,7.34,4.59
"2328",45157,0.5,"Ideal","D","SI1",61.6,55,1654,5.13,5.1,3.15
"2329",34313,0.43,"Good","E","SI2",63.6,55,858,4.83,4.8,3.06
"2330",29709,0.31,"Premium","G","VVS2",61.5,58,707,4.31,4.34,2.66
"2331",29691,0.31,"Ideal","H","VVS1",62.2,54,707,4.36,4.39,2.72
"2332",28357,0.27,"Ideal","F","VVS2",61.2,58,667,4.15,4.19,2.55
"2333",40433,0.5,"Good","E","SI1",65.5,56,1136,4.9,4.99,3.24
"2334",32496,0.3,"Good","F","IF",58.8,61,796,4.35,4.39,2.57
"2335",7765,1.11,"Premium","F","SI2",62.1,58,4283,6.63,6.51,4.1
"2336",16254,1.01,"Very Good","E","SI1",63.4,55,6501,6.38,6.42,4.06
"2337",4576,0.92,"Good","E","SI1",63.3,57,3649,6.17,6.22,3.92
"2338",39961,0.5,"Good","J","VVS2",64.1,57,1105,5,4.95,3.19
"2339",35340,0.42,"Premium","H","SI1",60.9,58,898,4.85,4.84,2.95
"2340",31452,0.34,"Ideal","G","VS2",61.1,55,765,4.55,4.52,2.77
"2341",21799,1.13,"Ideal","G","VVS1",59.6,57,9872,6.89,6.81,4.08
"2342",31506,0.34,"Ideal","G","VS2",62,55,765,4.48,4.46,2.77
"2343",1590,0.71,"Very Good","E","VS1",63.4,58,3009,5.64,5.68,3.59
"2344",51957,0.6,"Ideal","E","VS1",61.6,55,2442,5.43,5.48,3.36
"2345",9869,1.03,"Ideal","G","SI1",62.4,57,4679,6.47,6.52,4.05
"2346",11543,1.21,"Good","J","VVS2",63.7,56,5028,6.71,6.67,4.26
"2347",45651,0.38,"Ideal","J","SI1",62,54,525,4.66,4.7,2.9
"2348",8620,1,"Good","I","VVS1",56.5,62,4445,6.58,6.55,3.71
"2349",39991,0.41,"Ideal","F","VS2",60.8,56,1107,4.81,4.8,2.92
"2350",34290,0.26,"Good","H","VVS2",63.3,58,468,4.04,4.08,2.57
"2351",42433,0.53,"Ideal","H","VS2",62.5,56,1314,5.15,5.19,3.23
"2352",44648,0.28,"Very Good","G","VVS2",62.3,56,522,4.16,4.19,2.6
"2353",41152,0.45,"Good","D","VS2",63.7,61,1197,4.81,4.73,3.04
"2354",20507,1.75,"Ideal","J","SI1",63.3,59,8840,7.63,7.57,4.81
"2355",31619,0.23,"Very Good","E","VS2",62.5,59,373,3.91,3.96,2.46
"2356",14558,1,"Premium","D","SI1",60.3,59,5880,6.47,6.44,3.89
"2357",4813,0.9,"Premium","E","SI2",59.2,60,3701,6.31,6.23,3.71
"2358",8690,1.02,"Premium","F","SI2",61.1,59,4459,6.41,6.45,3.93
"2359",13094,1.3,"Premium","G","SI2",61.8,57,5421,7.02,6.94,4.32
"2360",8472,1.01,"Premium","F","SI2",62.2,59,4416,6.41,6.45,4
"2361",4678,1.05,"Premium","F","SI2",61.1,59,3672,6.54,6.61,4.02
"2362",43227,0.4,"Ideal","E","VVS1",61.5,56,1397,4.78,4.75,2.93
"2363",15018,1,"Premium","G","VS2",60.6,60,6048,6.4,6.3,3.85
"2364",9179,1.04,"Ideal","I","SI1",62.6,56,4543,6.55,6.48,4.08
"2365",29294,0.31,"Ideal","I","SI1",60.8,56,436,4.38,4.41,2.67
"2366",45880,0.57,"Ideal","D","VS2",60.3,57,1718,5.42,5.4,3.26
"2367",51093,0.7,"Ideal","G","SI1",61.1,55,2335,5.72,5.76,3.51
"2368",18916,1.56,"Premium","J","VS2",61.7,58,7763,7.41,7.46,4.59
"2369",11257,1.22,"Very Good","J","SI1",58.8,61,4969,6.94,7,4.1
"2370",43925,0.28,"Ideal","H","VVS2",61.2,55,514,4.18,4.22,2.57
"2371",45200,0.51,"Ideal","E","VS2",62.6,55,1656,5.08,5.11,3.19
"2372",37174,0.32,"Ideal","D","VS2",61.3,56,972,4.41,4.37,2.69
"2373",10475,0.92,"Ideal","E","SI1",61,55,4791,6.27,6.25,3.82
"2374",35583,0.35,"Premium","F","VS2",61.9,58,906,4.54,4.48,2.79
"2375",36259,0.46,"Ideal","E","SI2",61.3,55,935,4.98,5,3.06
"2376",7696,1,"Good","H","SI1",64.9,56,4276,6.24,6.31,4.07
"2377",50674,0.7,"Ideal","I","SI1",62.6,54,2287,5.63,5.71,3.55
"2378",26443,2,"Premium","E","SI2",58.1,60,15984,8.32,8.25,4.81
"2379",26738,1.51,"Premium","E","VS1",62.7,58,16518,7.25,7.33,4.57
"2380",46686,0.7,"Very Good","G","SI2",58.2,63,1790,5.82,5.79,3.38
"2381",52468,0.76,"Very Good","H","VS2",63.4,58,2517,5.78,5.74,3.65
"2382",8933,1.01,"Premium","F","SI2",61.6,58,4497,6.4,6.39,3.94
"2383",30370,0.36,"Very Good","H","VS2",63.5,54,729,4.59,4.55,2.9
"2384",47996,0.32,"Premium","F","SI1",60,59,533,4.42,4.45,2.66
"2385",2692,0.9,"Good","I","VS2",63.7,61,3246,6.1,6.06,3.87
"2386",19170,1.08,"Ideal","G","VS1",62.4,55,7925,6.57,6.63,4.12
"2387",46074,0.5,"Ideal","F","VS2",62.9,55,1736,5.12,5.08,3.21
"2388",44855,0.56,"Very Good","F","VS2",60,57,1627,5.34,5.39,3.22
"2389",16598,1.21,"Ideal","H","SI1",62.1,56,6629,6.81,6.84,4.23
"2390",48376,0.7,"Very Good","E","SI2",60.2,64,1964,5.67,5.7,3.42
"2391",19815,1.2,"Good","E","VS2",63.6,57,8380,6.74,6.68,4.27
"2392",8896,1.08,"Premium","F","SI2",62.6,56,4488,6.61,6.55,4.12
"2393",9715,0.35,"Ideal","I","VVS2",62.4,54,590,4.51,4.53,2.82
"2394",32294,0.3,"Ideal","H","VS2",61.4,57,454,4.33,4.36,2.67
"2395",10439,0.91,"Very Good","F","SI1",62.3,58,4785,6.14,6.19,3.84
"2396",3018,0.9,"Good","G","SI1",64.2,58,3307,6.01,6.04,3.87
"2397",4980,1.01,"Good","E","SI2",63.9,58,3737,6.37,6.31,4.05
"2398",33845,0.3,"Ideal","G","IF",61.8,57,844,4.28,4.31,2.65
"2399",6854,0.8,"Ideal","E","SI1",61.9,55,4125,5.94,5.98,3.69
"2400",23197,1.38,"Ideal","F","VS2",61.9,55,11205,7.16,7.12,4.42
"2401",17095,1.04,"Premium","G","VS1",61.5,61,6814,6.56,6.51,4.02
"2402",13082,1.01,"Ideal","F","SI1",62.7,55,5416,6.45,6.4,4.03
"2403",41014,0.44,"Ideal","H","IF",61.5,56,1185,4.89,4.93,3.02
"2404",30020,0.41,"Very Good","D","SI1",60.3,63,717,4.78,4.8,2.89
"2405",15555,1.34,"Very Good","J","VS1",63,57,6237,6.9,7.01,4.38
"2406",512,0.9,"Good","I","SI1",63.8,57,2823,6.06,6.13,3.89
"2407",9828,1.01,"Premium","D","SI2",62.2,60,4672,6.43,6.4,3.99
"2408",39523,0.51,"Ideal","I","SI1",62.2,56,1080,5.12,5.08,3.17
"2409",7108,0.92,"Premium","D","SI2",62.4,58,4168,6.18,6.19,3.86
"2410",38707,0.37,"Ideal","E","VS2",62.7,56,1041,4.6,4.55,2.87
"2411",49748,0.71,"Good","H","SI1",64,61,2156,5.61,5.54,3.57
"2412",30560,0.31,"Ideal","D","VS2",62.5,56,734,4.34,4.36,2.72
"2413",13654,1.09,"Very Good","J","VVS1",63.9,56,5588,6.47,6.51,4.15
"2414",16476,1.28,"Premium","I","VS1",61.1,61,6583,7.01,6.96,4.27
"2415",47863,0.67,"Premium","E","SI1",59.2,61,1910,5.74,5.72,3.39
"2416",46598,0.54,"Premium","F","VS2",61.8,58,1786,5.29,5.22,3.25
"2417",23052,1.01,"Ideal","D","VVS2",62.3,53,11082,6.4,6.47,4.02
"2418",13121,0.91,"Fair","E","VVS2",63.1,55,5430,6.13,6,3.83
"2419",42905,0.71,"Fair","J","SI2",66.1,58,1362,5.53,5.43,3.62
"2420",25087,2.04,"Very Good","J","VS2",63,58,13609,7.99,8.02,5.04
"2421",5199,0.9,"Good","F","SI1",62.7,58,3780,6.11,6.13,3.84
"2422",29537,0.4,"Ideal","J","VVS1",62.4,54,704,4.73,4.75,2.96
"2423",52783,0.7,"Very Good","H","VS2",61.8,58,2567,5.64,5.68,3.5
"2424",35220,0.33,"Very Good","E","VVS2",59.8,58.7,893,4.47,4.51,2.68
"2425",35021,0.4,"Very Good","E","SI1",63.5,57,882,4.72,4.7,2.99
"2426",50262,0.54,"Premium","G","VVS1",60.7,56,2236,5.3,5.25,3.2
"2427",33756,0.38,"Ideal","G","VS2",61.5,57,840,4.66,4.68,2.87
"2428",35018,0.4,"Very Good","E","SI1",63.3,56,882,4.74,4.68,2.98
"2429",41116,0.44,"Ideal","F","VVS2",60.9,55,1196,4.92,4.96,3.01
"2430",42078,0.46,"Very Good","F","VS2",59.6,58.2,1273,4.99,5.06,3
"2431",47406,0.51,"Very Good","D","VS1",62.4,58,1849,5.13,5.16,3.21
"2432",27465,2.03,"Very Good","D","SI2",62.4,59,18120,7.98,8.04,5
"2433",37181,0.32,"Ideal","D","VS2",61.9,57,972,4.39,4.37,2.71
"2434",32377,0.43,"Ideal","G","SI1",61.5,57,790,4.84,4.87,2.98
"2435",37076,0.41,"Premium","F","SI1",61.8,58,969,4.76,4.75,2.94
"2436",280,0.72,"Good","F","VS1",60.7,60,2795,5.74,5.72,3.48
"2437",29811,0.3,"Premium","D","SI1",62.1,58,709,4.28,4.25,2.65
"2438",52049,0.8,"Very Good","G","SI2",63.1,59,2451,5.85,5.78,3.67
"2439",26255,2,"Good","I","VS1",58.8,65,15708,8.03,8.1,4.74
"2440",9349,1.09,"Very Good","I","SI2",62.5,57,4584,6.56,6.58,4.11
"2441",52635,0.27,"Very Good","F","VVS2",61.3,62,552,4.15,4.2,2.56
"2442",42329,0.41,"Ideal","F","VVS1",61.8,57,1295,4.75,4.79,2.95
"2443",10316,1.03,"Very Good","G","SI1",63.2,58,4764,6.43,6.38,4.05
"2444",40264,0.33,"Ideal","D","SI2",61.1,57,492,4.47,4.5,2.74
"2445",42009,0.51,"Premium","E","SI2",61.7,58,1265,5.14,5.07,3.15
"2446",28340,0.33,"Very Good","G","VS1",62.9,57,666,4.38,4.43,2.77
"2447",199,0.7,"Ideal","E","SI1",61.4,57,2777,5.76,5.7,3.52
"2448",11403,1.17,"Ideal","I","SI2",61.8,54,4999,6.78,6.82,4.2
"2449",18653,1.53,"Ideal","H","SI2",62.5,57,7617,7.36,7.39,4.61
"2450",13162,1.01,"Very Good","D","SI1",61.6,60,5443,6.43,6.47,3.97
"2451",35122,0.36,"Ideal","E","VVS2",62,54,887,4.56,4.6,2.84
"2452",9548,1.12,"Premium","H","SI2",61.9,58,4620,6.66,6.74,4.15
"2453",12845,1.25,"Ideal","G","SI2",61.6,57,5355,6.98,6.91,4.28
"2454",40749,0.36,"Ideal","H","IF",61.3,57,1163,4.59,4.61,2.82
"2455",26048,2.41,"Premium","H","SI2",58.7,61,15248,8.85,8.76,5.17
"2456",26391,2.05,"Premium","I","VS2",62.5,59,15897,8.07,8.12,5.06
"2457",51419,0.72,"Ideal","H","SI2",61.3,56,2372,5.75,5.77,3.53
"2458",4471,0.8,"Ideal","E","SI1",62.3,54,3622,5.95,5.97,3.71
"2459",21604,1.25,"Premium","F","VS2",60.8,58,9702,6.98,6.93,4.23
"2460",22854,1.22,"Ideal","G","VVS1",61.1,56,10888,6.91,6.94,4.23
"2461",10416,0.99,"Very Good","E","SI2",61.8,59,4780,6.3,6.33,3.9
"2462",31644,0.25,"Very Good","G","VVS1",63.7,54,451,3.98,4.03,2.55
"2463",15623,1.01,"Very Good","E","SI1",60.8,59,6268,6.43,6.5,3.93
"2464",52548,0.6,"Ideal","G","IF",62.2,55,2533,5.36,5.44,3.36
"2465",3509,0.81,"Premium","G","VS1",61.7,59,3402,6.07,5.96,3.71
"2466",43216,0.57,"Ideal","H","SI1",61.8,57,1397,5.32,5.36,3.3
"2467",23543,2.01,"Good","J","SI2",63.4,59,11554,7.95,7.99,5.05
"2468",7356,1.12,"Ideal","D","I1",60.6,55,4215,6.76,6.73,4.09
"2469",17917,1.2,"Ideal","H","VS2",62.4,56.6,7235,6.74,6.8,4.22
"2470",22475,1.01,"Very Good","D","VVS2",59.8,57,10499,6.49,6.58,3.91
"2471",10232,1.06,"Ideal","I","SI1",61.9,54,4745,6.56,6.59,4.07
"2472",3862,0.72,"Ideal","G","VS1",61,55,3478,5.81,5.83,3.55
"2473",41861,0.59,"Very Good","J","VS2",60.8,56.6,1257,5.42,5.47,3.31
"2474",10960,0.94,"Very Good","D","SI1",58.4,58,4902,6.41,6.51,3.77
"2475",36606,0.32,"Ideal","D","SI2",61.4,56,477,4.43,4.46,2.73
"2476",36997,0.41,"Ideal","G","SI1",61.6,55,964,4.81,4.84,2.97
"2477",4760,0.81,"Very Good","F","VS1",62.7,56,3689,5.92,5.98,3.73
"2478",3624,0.73,"Ideal","E","VS2",61.6,56,3429,5.8,5.82,3.58
"2479",19837,1.01,"Very Good","E","VVS2",61.6,58,8401,6.4,6.46,3.96
"2480",40664,0.51,"Ideal","H","SI1",59.8,57,1154,5.22,5.25,3.13
"2481",30784,0.3,"Very Good","E","VVS2",62.5,56,742,4.28,4.3,2.68
"2482",3256,0.91,"Good","D","SI1",64,59,3357,6.13,6.02,3.89
"2483",44815,0.5,"Ideal","G","VS1",62,55,1624,5.05,5.11,3.15
"2484",11077,0.91,"Ideal","G","SI1",60.8,58,4922,6.21,6.29,3.8
"2485",30398,0.32,"Very Good","G","VVS2",62,55,730,4.39,4.42,2.73
"2486",45402,0.55,"Ideal","H","VVS2",60.7,55,1668,5.32,5.34,3.24
"2487",50671,0.7,"Very Good","G","VS1",60.5,62,2287,5.72,5.76,3.47
"2488",15930,1.38,"Very Good","H","SI2",62.3,60,6369,7.07,7.12,4.42
"2489",4839,0.9,"Very Good","I","VS2",63,60,3709,6.15,6.17,3.88
"2490",12723,1.02,"Premium","H","VS2",61.2,58,5312,6.5,6.47,3.97
"2491",31650,0.28,"Very Good","E","VS1",61.4,60,452,4.16,4.24,2.58
"2492",20776,1.05,"Premium","G","IF",60.6,60,9012,6.59,6.57,3.99
"2493",47219,0.5,"Premium","F","VS1",61.8,60,1838,5.1,5.06,3.14
"2494",18083,1.5,"Very Good","J","VS2",60.5,63,7308,7.32,7.27,4.41
"2495",40771,0.41,"Good","E","VS1",63.9,53,1166,4.75,4.7,3.02
"2496",20004,1.27,"Ideal","G","VS1",60.9,57,8543,7.02,6.97,4.26
"2497",3781,1.01,"Premium","I","SI2",62.9,58,3461,6.34,6.31,3.98
"2498",29708,0.31,"Ideal","G","VVS2",61.4,56,707,4.35,4.38,2.68
"2499",21559,1,"Good","F","IF",60.7,64,9660,6.42,6.4,3.89
"2500",16019,1.02,"Ideal","G","VS2",62.5,58,6410,6.36,6.44,4
"2501",10315,1.03,"Premium","D","SI2",61.7,58,4764,6.5,6.47,4
"2502",16435,1.02,"Ideal","G","VS1",62.2,57,6563,6.43,6.47,4.01
"2503",25036,0.34,"Good","E","SI1",60.5,60.1,641,4.5,4.53,2.73
"2504",24665,2.1,"Very Good","G","SI2",63.4,58,13007,8.19,8.12,5.17
"2505",28158,0.3,"Ideal","H","VVS1",62.3,55,665,4.3,4.33,2.69
"2506",20958,1.25,"Premium","G","VS1",61.8,58,9173,6.94,6.91,4.28
"2507",32781,0.34,"Ideal","I","VVS1",61.8,56,803,4.5,4.47,2.77
"2508",40133,0.41,"Ideal","H","VVS1",62.7,54,1115,4.79,4.78,3
"2509",580,0.78,"Ideal","I","VS2",61.8,55,2834,5.92,5.95,3.67
"2510",47940,0.6,"Premium","E","VS2",59.9,61,1915,5.53,5.48,3.3
"2511",6760,1.07,"Premium","J","SI2",62.4,58,4105,6.54,6.47,4.06
"2512",18863,1.31,"Premium","H","VS2",59.8,58,7732,7.19,7.09,4.27
"2513",50965,0.7,"Very Good","F","VS2",62.2,56,2325,5.67,5.75,3.55
"2514",18222,1.22,"Premium","E","SI1",62.3,59,7395,6.8,6.74,4.22
"2515",21104,1.3,"Ideal","D","SI1",62.2,56,9275,6.98,6.94,4.33
"2516",9051,0.34,"Premium","I","SI1",61.7,56,589,4.54,4.51,2.79
"2517",14165,1.2,"Premium","H","SI1",62.7,56,5746,6.78,6.75,4.24
"2518",44022,0.51,"Premium","E","SI1",60.8,57,1546,5.24,5.19,3.17
"2519",27396,2.4,"Very Good","I","SI2",60.6,58.5,17955,8.59,8.67,5.24
"2520",38731,0.4,"Ideal","G","VVS1",62.4,54,1043,4.74,4.78,2.97
"2521",44320,0.33,"Very Good","H","VS2",62,59,521,4.4,4.44,2.74
"2522",31781,0.42,"Very Good","F","SI1",62.7,55,773,4.8,4.83,3.02
"2523",36848,0.37,"Premium","F","VS2",61.2,60,957,4.63,4.59,2.82
"2524",3176,0.81,"Ideal","E","SI1",61.3,57,3338,6.08,6.03,3.71
"2525",48262,0.53,"Ideal","G","VVS2",60.8,57,1955,5.24,5.28,3.2
"2526",5487,0.9,"Premium","G","SI1",62.7,59,3841,6.1,6.14,3.84
"2527",48934,0.57,"Ideal","D","VS1",61.1,57,2043,5.33,5.37,3.27
"2528",27735,2.06,"Ideal","I","VS2",62.2,55,18779,8.15,8.19,5.08
"2529",32740,0.31,"Ideal","F","VS2",61.9,55,802,4.39,4.37,2.71
"2530",27732,2.55,"Premium","I","VS1",61.8,62,18766,8.7,8.65,5.36
"2531",34854,0.3,"Ideal","G","VVS2",61.5,57,878,4.33,4.29,2.65
"2532",43361,0.53,"Very Good","E","SI1",63,55,1408,5.14,5.18,3.25
"2533",44082,0.5,"Very Good","E","VS1",61.6,59,1554,5.06,5.14,3.14
"2534",5935,0.9,"Fair","D","SI1",66.1,55,3945,5.98,5.92,3.93
"2535",4138,0.86,"Ideal","I","VVS2",61.4,58,3544,6.07,6.1,3.74
"2536",12230,1,"Very Good","F","SI1",61.6,61,5197,6.3,6.37,3.9
"2537",47842,0.4,"Ideal","F","VVS1",61.1,56,1908,4.78,4.81,2.93
"2538",41049,0.44,"Ideal","G","SI1",60.9,56,1188,4.88,4.94,2.99
"2539",4998,0.9,"Good","I","VVS1",63.9,63,3741,6.04,6.07,3.87
"2540",46042,0.55,"Premium","D","SI1",61.7,59,1728,5.3,5.23,3.25
"2541",8987,1.15,"Premium","H","SI2",62.4,57,4508,6.66,6.59,4.14
"2542",41073,0.41,"Ideal","F","VVS2",60.6,57,1192,4.86,4.81,2.93
"2543",5481,0.81,"Very Good","E","VS2",62.8,57,3839,5.9,5.95,3.72
"2544",17475,1.34,"Ideal","I","VS1",62.2,57,7016,7.02,7.06,4.38
"2545",42536,0.4,"Premium","D","VVS2",60.8,59,1323,4.81,4.76,2.91
"2546",3238,0.9,"Good","G","SI2",61.3,60,3353,6.13,6.2,3.78
"2547",34512,0.33,"Ideal","E","VVS2",61.2,57,868,4.45,4.47,2.73
"2548",51511,0.7,"Ideal","H","SI1",61.4,57,2383,5.73,5.7,3.51
"2549",5806,1.02,"Good","D","SI2",63.8,59,3909,6.43,6.33,4.07
"2550",52574,0.9,"Fair","I","SI2",65.3,57,2536,5.98,5.93,3.89
"2551",15863,1.2,"Good","D","SI2",62.2,65,6344,6.75,6.7,4.18
"2552",27205,2.52,"Premium","H","SI2",62.4,57,17522,8.72,8.66,5.43
"2553",38954,0.31,"Good","I","VS1",63.7,55,489,4.3,4.33,2.75
"2554",8651,1.06,"Ideal","H","SI2",59.4,57,4452,6.67,6.63,3.95
"2555",29496,0.32,"Ideal","E","VS2",62.3,54,702,4.37,4.4,2.73
"2556",2878,1.25,"Ideal","E","I1",60.9,56,3276,6.95,6.91,4.22
"2557",45507,0.53,"Very Good","D","VS2",62.6,58,1682,5.14,5.18,3.23
"2558",51575,0.54,"Premium","F","IF",61.9,60,2391,5.26,5.21,3.24
"2559",31721,0.3,"Fair","D","VVS2",65.2,59,772,4.2,4.18,2.73
"2560",26825,2.04,"Ideal","I","SI1",60.2,56,16718,8.19,8.26,4.95
"2561",42192,0.53,"Fair","E","SI1",56.2,64,1286,5.43,5.41,3.05
"2562",12749,1.25,"Premium","H","SI1",59.4,62,5320,7.07,7,4.18
"2563",37126,0.39,"Very Good","E","VVS2",61.9,58,971,4.66,4.68,2.89
"2564",27905,0.42,"Very Good","D","SI2",62.9,55,656,4.78,4.82,3.02
"2565",25973,1.48,"Good","G","IF",59.8,61,15164,7.54,7.34,4.45
"2566",26339,2.07,"Very Good","I","SI1",62.3,60,15847,8.12,8.16,5.07
"2567",9881,0.95,"Premium","F","SI1",62.9,59,4682,6.24,6.13,3.89
"2568",5322,0.9,"Good","D","SI2",63.8,58,3806,6.09,6.13,3.9
"2569",8525,1.04,"Very Good","F","SI2",60,61,4427,6.5,6.57,3.92
"2570",18807,1.51,"Premium","G","SI2",62.4,57,7695,7.35,7.29,4.57
"2571",42146,0.51,"Ideal","G","SI1",61.6,56,1281,5.19,5.14,3.18
"2572",15039,0.3,"Ideal","H","VVS2",61.1,55,605,4.32,4.36,2.65
"2573",41868,0.38,"Premium","D","VVS2",61.9,56,1257,4.65,4.63,2.87
"2574",47253,0.52,"Premium","D","VS2",62.4,58,1842,5.13,5.09,3.19
"2575",13899,0.9,"Ideal","D","SI1",62.4,55,5656,6.15,6.19,3.85
"2576",39334,0.3,"Premium","G","IF",58.4,62,1071,4.43,4.4,2.58
"2577",32549,0.27,"Ideal","D","VVS2",62.3,57,799,4.15,4.13,2.58
"2578",26011,0.35,"Ideal","D","SI1",62.3,55,644,4.52,4.56,2.83
"2579",32759,0.34,"Premium","I","VVS1",62.6,58,803,4.47,4.45,2.79
"2580",23860,1.51,"Ideal","F","SI1",62.4,56,11950,7.34,7.4,4.6
"2581",29819,0.3,"Very Good","D","SI1",63.3,59,709,4.25,4.22,2.68
"2582",3402,0.28,"Premium","F","VS2",59.6,61,567,4.28,4.25,2.54
"2583",14223,1.68,"Good","E","I1",64.3,60,5765,7.44,7.48,4.8
"2584",18832,1.01,"Very Good","F","VVS2",62.5,63,7715,6.41,6.38,4
"2585",23096,1.02,"Ideal","F","IF",62,58,11116,6.44,6.49,4.01
"2586",17629,1.5,"Fair","H","SI2",59.3,58,7098,7.31,7.37,4.35
"2587",20891,1.24,"Ideal","E","VS2",62.9,56,9111,6.84,6.79,4.29
"2588",50697,0.44,"Ideal","D","VVS1",61,57,2290,4.91,4.93,3
"2589",44999,0.31,"Very Good","I","SI1",63.5,56,523,4.32,4.28,2.73
"2590",6625,0.64,"Ideal","D","VVS1",61.8,54,4084,5.54,5.56,3.43
"2591",52402,0.65,"Premium","G","VVS1",59.3,57,2510,5.59,5.47,3.28
"2592",7681,1,"Ideal","F","SI2",61.8,57,4274,6.45,6.36,3.96
"2593",21601,1.52,"Ideal","H","SI1",61.8,57,9700,7.43,7.32,4.56
"2594",46797,0.5,"Good","G","VVS2",63.8,56,1806,5.06,5.03,3.22
"2595",19628,1.51,"Good","I","SI1",63.7,61,8245,7.15,7.11,4.54
"2596",27057,0.28,"Premium","H","VVS1",61.5,58,646,4.22,4.17,2.58
"2597",3661,0.86,"Ideal","G","SI2",61.9,55,3442,6.11,6.14,3.79
"2598",52760,0.81,"Very Good","H","SI1",59.1,57,2562,6.09,6.16,3.62
"2599",15495,0.9,"Very Good","D","VS1",62.2,58,6208,6.14,6.18,3.83
"2600",43199,0.5,"Good","D","SI1",63.2,59,1395,5.02,5.04,3.18
"2601",7808,1.05,"Very Good","I","SI1",63.5,58,4292,6.46,6.43,4.09
"2602",51616,0.71,"Very Good","H","VS2",62.6,59,2395,5.66,5.68,3.55
"2603",47689,0.54,"Good","H","VVS2",60.9,57.2,1883,5.22,5.26,3.19
"2604",39984,0.41,"Premium","I","VVS1",61.9,57,1107,4.82,4.78,2.97
"2605",5824,0.94,"Ideal","E","SI2",61.1,55,3915,6.29,6.34,3.86
"2606",12047,0.34,"Good","E","SI1",63.3,56,596,4.41,4.44,2.8
"2607",3905,0.9,"Very Good","H","SI2",62.1,58,3492,6.1,6.18,3.81
"2608",23151,1.02,"Premium","F","IF",62.5,58,11167,6.54,6.39,4.04
"2609",20352,1.04,"Very Good","E","VVS2",62.4,58,8748,6.46,6.4,4.01
"2610",49377,0.7,"Premium","G","SI2",61.3,58,2100,5.75,5.67,3.5
"2611",24474,1.51,"Premium","D","SI1",61.6,57,12738,7.41,7.32,4.54
"2612",53451,0.7,"Very Good","G","VS1",59.2,58,2676,5.8,5.83,3.44
"2613",9801,1.04,"Ideal","F","SI2",62.1,57,4668,6.46,6.48,4.02
"2614",12628,1.26,"Premium","I","SI1",60.5,62,5292,6.97,6.92,4.2
"2615",35347,0.38,"Premium","F","SI1",62.7,58,898,4.62,4.6,2.89
"2616",50886,0.72,"Premium","G","SI1",61.3,56,2316,5.79,5.76,3.54
"2617",4148,1.01,"Good","E","SI2",63.9,58,3546,6.31,6.37,4.05
"2618",12776,1.12,"Premium","G","SI1",59.8,58,5329,6.79,6.76,4.05
"2619",40903,0.54,"Ideal","H","SI1",62.1,56,1178,5.18,5.26,3.24
"2620",27460,2.04,"Premium","H","SI1",62.5,61,18115,8.08,8.04,5.04
"2621",24567,1.5,"Very Good","G","VS1",61.7,63,12862,7.31,7.24,4.49
"2622",23312,1.5,"Very Good","D","SI1",63.4,58,11352,7.16,7.25,4.57
"2623",8750,1.02,"Ideal","E","SI2",61.6,56,4465,6.48,6.55,3.99
"2624",39931,0.35,"Very Good","I","VS2",61.7,57,491,4.52,4.56,2.8
"2625",24103,1.7,"Very Good","H","VS2",61.8,59,12257,7.58,7.66,4.71
"2626",20163,1.06,"Ideal","F","VVS2",61.1,57,8619,6.57,6.62,4.03
"2627",25177,1.54,"Ideal","G","VS2",60.6,57,13761,7.55,7.49,4.56
"2628",24995,1.5,"Premium","F","VS2",61.3,58,13506,7.36,7.31,4.5
"2629",34086,0.36,"Ideal","E","VS1",61.8,56,852,4.56,4.6,2.83
"2630",49177,0.68,"Good","F","SI1",58.1,60,2074,5.8,5.91,3.4
"2631",3631,0.71,"Ideal","G","VS1",61.8,57,3431,5.69,5.73,3.53
"2632",43245,0.42,"Ideal","E","VVS1",62,56,1400,4.78,4.84,2.98
"2633",5593,0.9,"Ideal","I","VS1",62.4,56,3867,6.14,6.19,3.85
"2634",42356,0.51,"Very Good","I","VS1",62.5,59,1301,5.1,5.14,3.2
"2635",52270,0.76,"Premium","F","SI2",61.8,58,2491,5.88,5.83,3.62
"2636",49005,0.51,"Very Good","F","VVS2",62.7,56,2051,5.11,5.13,3.21
"2637",934,0.9,"Fair","H","SI2",65,61,2883,6.01,5.96,3.89
"2638",34174,0.33,"Premium","G","VS1",61.6,60,854,4.46,4.41,2.73
"2639",12052,0.34,"Ideal","H","VS1",62.3,55,596,4.45,4.48,2.78
"2640",10271,1.01,"Fair","D","SI1",66.9,54,4751,6.25,6.21,4.17
"2641",12115,1.25,"Premium","I","SI2",60.5,58,5166,7,6.96,4.22
"2642",20330,1.5,"Premium","G","SI2",58.5,62,8736,7.44,7.4,4.34
"2643",2885,1.01,"Fair","I","SI1",65.5,58,3280,6.28,6.24,4.1
"2644",29461,0.32,"Ideal","E","VS2",62.2,56,702,4.37,4.41,2.73
"2645",30826,0.33,"Ideal","I","VVS2",62.4,57,743,4.44,4.41,2.76
"2646",986,0.77,"Very Good","G","VS2",58.3,63,2896,6,6.05,3.51
"2647",10285,1.11,"Ideal","G","SI2",60.5,56,4755,6.71,6.67,4.05
"2648",39738,0.37,"Ideal","F","IF",62,57,1092,4.59,4.62,2.85
"2649",44121,0.5,"Very Good","E","VS2",62.9,60,1559,5.07,5.1,3.2
"2650",36216,0.36,"Premium","G","VS1",62.3,59,932,4.55,4.5,2.82
"2651",46856,0.59,"Very Good","F","VS2",60.1,57,1813,5.44,5.48,3.28
"2652",18606,1.06,"Ideal","G","VS1",61.4,56,7589,6.55,6.58,4.03
"2653",16331,1.01,"Premium","F","VS2",61.7,58,6533,6.48,6.42,3.98
"2654",22842,1.64,"Premium","H","SI1",59.2,58,10874,7.76,7.68,4.57
"2655",20149,1.2,"Premium","G","VS1",62.8,58,8602,6.84,6.75,4.27
"2656",25591,2,"Fair","H","SI1",65.1,56,14430,7.86,7.77,5.09
"2657",16215,1.09,"Ideal","G","VS2",62.3,57,6480,6.6,6.57,4.1
"2658",21949,1.5,"Very Good","G","SI1",62.1,58,10019,7.26,7.3,4.52
"2659",18926,1.5,"Very Good","H","SI2",61.3,59,7774,7.38,7.41,4.53
"2660",52227,0.8,"Good","G","SI2",63.7,58,2484,5.88,5.83,3.73
"2661",12488,1.06,"Ideal","H","SI1",61.7,60,5255,6.48,6.52,4.01
"2662",53613,0.3,"Very Good","D","SI1",62.2,58,552,4.28,4.31,2.67
"2663",30479,0.31,"Very Good","I","VVS1",63.1,59,732,4.31,4.25,2.7
"2664",44389,0.41,"Ideal","D","VVS1",60.6,57,1582,4.82,4.79,2.91
"2665",47766,0.5,"Ideal","D","VS1",61,56,1893,5.13,5.17,3.14
"2666",16959,1.2,"Premium","F","SI1",61,62,6774,6.96,6.81,4.2
"2667",18266,1.51,"Very Good","J","VS2",62.8,59,7418,7.2,7.28,4.55
"2668",19845,1.23,"Very Good","H","VVS1",62.5,58,8405,6.77,6.82,4.25
"2669",14927,1.73,"Fair","H","SI2",65.9,58,6007,7.52,7.45,4.93
"2670",13265,1.13,"Ideal","H","SI1",62.3,56,5483,6.69,6.66,4.16
"2671",17149,1.1,"Ideal","H","SI1",61.5,56,6844,6.61,6.65,4.08
"2672",9000,0.91,"Good","E","SI1",63.5,57,4512,6.11,6.14,3.89
"2673",12507,0.91,"Premium","D","VS2",62,58,5259,6.15,6.2,3.83
"2674",45213,0.51,"Premium","E","VS2",61.3,58,1656,5.13,5.15,3.15
"2675",35497,0.41,"Very Good","F","SI1",63.4,57,904,4.74,4.73,3
"2676",24675,1.22,"Ideal","F","VVS1",61.2,57,13029,6.88,6.92,4.22
"2677",29681,0.32,"Ideal","D","VS1",61.1,56,707,4.44,4.47,2.72
"2678",24687,1.75,"Good","I","VS1",58.3,59,13047,7.92,7.97,4.63
"2679",24443,1.57,"Very Good","D","SI1",58.9,58,12697,7.57,7.63,4.48
"2680",4822,0.9,"Ideal","F","SI2",62.6,57,3704,6.2,6.13,3.86
"2681",45210,0.51,"Ideal","E","VS2",62.5,55,1656,5.08,5.13,3.19
"2682",52915,0.75,"Premium","H","VS1",58.9,62,2588,5.96,5.93,3.5
"2683",47229,0.55,"Ideal","D","SI1",60.9,57,1840,5.29,5.32,3.23
"2684",7031,0.94,"Premium","G","SI1",61.3,61,4159,6.33,6.27,3.86
"2685",50027,0.73,"Premium","F","SI2",61.4,58,2197,5.83,5.8,3.57
"2686",10900,1.02,"Very Good","H","SI1",63.4,57,4884,6.42,6.36,4.05
"2687",38756,0.43,"Ideal","H","SI1",61.5,57,1045,4.88,4.84,2.99
"2688",24196,2.03,"Premium","J","SI2",62.7,59,12380,8.08,8.02,5.05
"2689",24030,1.51,"Premium","F","VS2",61.9,60,12202,7.29,7.25,4.5
"2690",48542,0.5,"Very Good","G","VVS1",59.6,63,1987,5.16,5.11,3.06
"2691",4492,0.79,"Premium","E","VS2",62.1,59,3628,5.9,5.86,3.65
"2692",52104,0.7,"Good","E","SI1",61.7,59,2459,5.62,5.66,3.48
"2693",30717,0.33,"Ideal","F","VS1",62.1,55,738,4.43,4.46,2.76
"2694",9799,1.24,"Premium","J","SI2",62.2,58,4666,6.94,6.82,4.28
"2695",34533,0.3,"Ideal","F","VVS1",62.1,55,868,4.31,4.32,2.68
"2696",28916,0.3,"Good","H","VVS1",63.3,60,684,4.22,4.25,2.68
"2697",43882,0.54,"Ideal","I","VS1",62.3,57,1452,5.2,5.24,3.25
"2698",16977,1.08,"Ideal","G","VS1",62,55,6779,6.62,6.57,4.09
"2699",9916,1.1,"Very Good","H","SI1",63,57,4689,6.5,6.54,4.11
"2700",14800,1.2,"Very Good","I","VS2",62.3,56,5955,6.76,6.81,4.23
"2701",23767,1.53,"Ideal","F","SI1",60.3,57,11820,7.52,7.45,4.51
"2702",48264,0.46,"Ideal","E","VVS1",62.5,53,1955,4.95,5,3.11
"2703",52035,0.71,"Premium","I","VVS2",61.9,60,2450,5.75,5.69,3.54
"2704",31915,0.3,"Premium","G","VS1",62.8,58,776,4.28,4.26,2.68
"2705",22241,1.08,"Ideal","E","VS1",61.7,55,10292,6.58,6.61,4.07
"2706",24382,0.32,"Premium","F","SI1",60.7,62,638,4.43,4.4,2.68
"2707",7743,1.07,"Premium","G","SI2",59.9,59,4278,6.67,6.61,3.98
"2708",18775,1.02,"Premium","F","VS1",62.8,58,7677,6.44,6.4,4.03
"2709",12129,1.25,"Premium","J","VS2",62,59,5170,6.87,6.9,4.27
"2710",43959,0.31,"Premium","F","SI1",60.5,60,516,4.37,4.39,2.65
"2711",15017,1,"Premium","F","VS2",62.1,58,6047,6.45,6.36,3.96
"2712",46531,0.51,"Premium","G","VS1",62.9,58,1781,5.1,5.05,3.19
"2713",2666,0.95,"Premium","I","SI2",62.5,58,3237,6.3,6.24,3.92
"2714",26188,1.3,"Ideal","D","VVS1",61.6,55.7,15535,6.98,7.02,4.31
"2715",36038,0.41,"Premium","G","SI1",61.5,59,923,4.78,4.75,2.93
"2716",53360,0.7,"Premium","G","VS2",59.4,59,2657,5.79,5.76,3.43
"2717",34021,0.35,"Ideal","E","VVS2",61,57,849,4.54,4.58,2.78
"2718",37921,0.23,"Very Good","E","VVS1",63.3,57,485,3.88,3.95,2.48
"2719",45675,0.52,"Premium","E","VS2",61.6,59,1694,5.16,5.14,3.17
"2720",14959,1.21,"Ideal","H","SI1",62.6,53,6025,6.87,6.8,4.28
"2721",34748,0.41,"Ideal","H","SI1",62.8,56,876,4.77,4.72,2.98
"2722",49912,0.61,"Ideal","G","VS1",61.5,56,2182,5.48,5.5,3.38
"2723",22163,1.08,"Very Good","F","VVS1",61,58,10204,6.64,6.61,4.04
"2724",10727,0.31,"Good","D","SI2",63.9,57,593,4.33,4.28,2.75
"2725",15024,1,"Premium","G","VS2",59.3,60,6048,6.55,6.51,3.87
"2726",53563,0.71,"Premium","G","VS1",60.9,58,2694,5.77,5.73,3.5
"2727",52670,0.8,"Ideal","G","VS2",60.1,57,2550,6.05,6.02,3.63
"2728",35175,0.31,"Ideal","G","IF",62.6,53,891,4.36,4.39,2.74
"2729",10902,1.03,"Premium","E","SI2",62,59,4885,6.42,6.49,4
"2730",31413,0.3,"Ideal","G","VVS1",62.3,54,764,4.32,4.35,2.7
"2731",27598,1.7,"Ideal","G","VVS1",61,56,18445,7.67,7.62,4.66
"2732",42141,0.55,"Premium","G","SI2",61.8,56,1280,5.28,5.23,3.25
"2733",51055,0.7,"Premium","H","SI1",60.9,62,2331,5.72,5.65,3.46
"2734",32572,0.38,"Very Good","F","VS2",62.8,57,800,4.58,4.62,2.89
"2735",6161,1,"Very Good","H","SI2",64.1,54,3991,6.3,6.33,4.05
"2736",31072,0.33,"Ideal","G","VVS2",61.7,55,752,4.42,4.46,2.74
"2737",8155,0.91,"Premium","G","VS2",60.8,56,4357,6.28,6.21,3.8
"2738",12449,0.92,"Ideal","G","VS1",62,57,5243,6.24,6.28,3.88
"2739",51135,0.71,"Premium","E","SI2",60.5,59,2340,5.78,5.75,3.49
"2740",21935,1.51,"Premium","I","VS2",59.9,60,10010,7.42,7.36,4.43
"2741",44631,0.57,"Premium","E","SI1",61.4,58,1608,5.28,5.34,3.26
"2742",14814,1.22,"Very Good","I","VS1",61.6,60,5966,6.86,6.8,4.21
"2743",41706,0.53,"Good","H","SI1",63.7,55,1242,5.15,5.12,3.27
"2744",39491,0.41,"Premium","E","VS1",62.3,59,1079,4.74,4.76,2.96
"2745",46713,0.59,"Ideal","D","SI1",61.3,59,1793,5.36,5.4,3.3
"2746",2843,0.75,"Very Good","F","VS1",62.3,57,3270,5.83,5.88,3.65
"2747",23920,1.52,"Premium","H","VS1",60.6,58,12047,7.46,7.39,4.5
"2748",21782,2.05,"Premium","I","SI2",62.1,59,9850,8.13,8.07,5.03
"2749",8329,1,"Very Good","E","SI2",62.5,55,4392,6.38,6.41,4
"2750",19242,1.15,"Very Good","D","VS1",62.9,54,7978,6.72,6.69,4.22
"2751",9728,1.12,"Premium","F","SI2",60.5,59,4654,6.79,6.73,4.09
"2752",38210,0.43,"Ideal","F","SI1",61.7,54,1016,4.9,4.86,3.01
"2753",24519,2.04,"Fair","E","SI2",65.4,55,12799,7.87,7.93,5.17
"2754",7473,1.2,"Premium","J","SI2",61.1,59,4234,6.81,6.78,4.15
"2755",53504,0.74,"Good","F","SI2",62.6,65,2685,5.66,5.69,3.55
"2756",23061,1.25,"Ideal","G","VVS2",62,59,11089,6.88,6.96,4.29
"2757",43843,0.62,"Ideal","F","SI2",62,58,1446,5.44,5.49,3.39
"2758",29051,0.4,"Very Good","E","SI1",62.2,62,687,4.66,4.69,2.91
"2759",35899,0.32,"Ideal","G","IF",62.1,55,918,4.4,4.46,2.75
"2760",3870,1.13,"Premium","H","I1",62.7,59,3480,6.58,6.63,4.14
"2761",42833,0.58,"Ideal","D","SI2",61.7,54,1356,5.4,5.43,3.34
"2762",8283,1.03,"Ideal","H","SI2",62.5,54,4382,6.46,6.5,4.05
"2763",29476,0.32,"Premium","E","VS2",62.6,58,702,4.36,4.4,2.74
"2764",23297,1.8,"Premium","J","VS1",58.2,61,11329,8.07,7.95,4.66
"2765",12907,0.93,"Ideal","H","VS1",61.8,55,5375,6.28,6.26,3.88
"2766",18823,1,"Very Good","F","VS1",59.8,58,7710,6.49,6.53,3.89
"2767",31577,0.35,"Ideal","E","VS2",62.1,56,767,4.52,4.53,2.81
"2768",16197,1.2,"Ideal","H","SI1",62.2,56,6471,6.8,6.77,4.23
"2769",38686,0.3,"Ideal","F","VVS1",61.1,55,1041,4.36,4.38,2.67
"2770",2414,0.93,"Very Good","J","VS2",61.1,59,3180,6.32,6.34,3.87
"2771",947,0.7,"Very Good","E","VS2",63.5,54,2889,5.62,5.66,3.58
"2772",9098,1.01,"Fair","E","VS2",66.6,55,4525,6.27,6.2,4.15
"2773",13248,1.01,"Fair","G","VS2",66.6,55,5475,6.27,6.22,4.16
"2774",48286,0.53,"Ideal","E","VS2",60.8,56,1956,5.28,5.25,3.21
"2775",41423,0.46,"Ideal","H","VVS1",62.3,54,1227,4.96,4.99,3.1
"2776",26959,2.5,"Very Good","J","SI1",62.8,57,17028,8.58,8.65,5.41
"2777",22064,1.51,"Very Good","H","VS2",61.9,57,10090,7.32,7.36,4.54
"2778",28828,0.41,"Premium","D","SI2",61.9,58,683,4.71,4.73,2.92
"2779",4481,0.75,"Ideal","D","VS2",61.7,55,3625,5.82,5.85,3.6
"2780",9545,1,"Good","D","SI2",63.3,56,4620,6.35,6.38,4.03
"2781",43350,0.51,"Premium","D","SI2",59.5,61,1406,5.19,5.16,3.08
"2782",29688,0.4,"Very Good","E","SI1",62.8,59,707,4.67,4.7,2.94
"2783",18511,1.51,"Very Good","J","SI1",58.8,59,7544,7.47,7.56,4.42
"2784",7895,1.1,"Good","I","SI1",57.7,60,4312,6.82,6.77,3.92
"2785",49934,0.51,"Premium","E","VVS2",62.1,57,2185,5.18,5.15,3.21
"2786",41133,0.42,"Very Good","D","VVS1",61.4,55,1197,4.82,4.86,2.97
"2787",26435,1.38,"Ideal","F","VVS1",62.9,56,15968,7.04,7.1,4.45
"2788",21075,1.16,"Ideal","G","VVS2",62.2,56,9251,6.7,6.74,4.18
"2789",2981,0.77,"Premium","G","VVS2",60.8,59,3299,5.96,5.92,3.61
"2790",4247,0.82,"Premium","E","VS2",62.6,60,3577,5.97,5.91,3.72
"2791",23663,1.71,"Ideal","J","VS1",62.1,55,11711,7.73,7.65,4.78
"2792",16957,1.04,"Ideal","G","VS2",61.6,57,6773,6.49,6.54,4.01
"2793",5377,0.34,"Good","I","SI1",63.7,54,574,4.48,4.43,2.84
"2794",44539,0.5,"Very Good","E","VS1",63.9,55,1604,4.98,5.03,3.2
"2795",53225,0.5,"Ideal","D","VVS2",61.8,54.1,2639,5.1,5.14,3.16
"2796",35317,0.52,"Ideal","J","SI1",61.4,56.4,896,5.15,5.17,3.17
"2797",19453,1.25,"Premium","H","VS1",62,59,8099,6.88,6.84,4.25
"2798",20174,1.02,"Very Good","F","VVS2",59.4,59,8627,6.58,6.69,3.94
"2799",41088,0.41,"Premium","F","VVS2",62.4,58,1192,4.76,4.7,2.95
"2800",42791,0.52,"Good","F","SI2",58.7,64,1350,5.24,5.26,3.08
"2801",40837,0.4,"Ideal","D","VS2",61.7,56,1172,4.72,4.74,2.92
"2802",46424,0.51,"Ideal","D","VS2",60.8,57,1769,5.18,5.21,3.16
"2803",51306,0.31,"Ideal","H","VS1",61.7,57,544,4.32,4.34,2.67
"2804",25460,1.55,"Ideal","F","SI1",61.9,55,14220,7.47,7.42,4.61
"2805",14356,1.06,"Premium","G","VS2",62.3,59,5813,6.52,6.49,4.05
"2806",14329,1.03,"Ideal","D","SI1",61.6,55,5804,6.49,6.53,4.01
"2807",46979,0.23,"Very Good","F","VVS2",59.7,58,530,4.02,4.06,2.41
"2808",46304,0.3,"Very Good","H","VS1",63,59,526,4.21,4.27,2.67
"2809",38575,0.4,"Premium","H","VS1",62.4,60,1035,4.74,4.69,2.94
"2810",5879,1.18,"Premium","I","SI2",62.9,58,3925,6.77,6.7,4.24
"2811",158,0.73,"Premium","G","VS2",60.7,58,2770,5.87,5.82,3.55
"2812",49605,0.7,"Good","H","VS2",64.5,57,2137,5.53,5.57,3.58
"2813",46596,0.54,"Ideal","F","VS2",61.4,57,1786,5.25,5.2,3.21
"2814",24938,1.75,"Ideal","I","SI1",61.8,56,13393,7.67,7.71,4.75
"2815",43170,0.54,"Ideal","H","VS2",62.6,57,1389,5.24,5.2,3.27
"2816",11837,1,"Good","D","SI1",60.4,64,5096,6.39,6.3,3.83
"2817",36235,0.3,"Ideal","D","VVS1",61.8,55,933,4.33,4.35,2.68
"2818",32188,0.41,"Ideal","G","SI1",61.2,56,788,4.8,4.84,2.95
"2819",2836,0.78,"Ideal","G","SI1",62.2,55,3267,5.87,5.9,3.66
"2820",10199,0.93,"Premium","E","SI1",62.8,56,4739,6.26,6.2,3.91
"2821",42204,0.52,"Very Good","I","VVS2",61.9,56,1289,5.16,5.18,3.2
"2822",38293,0.28,"Very Good","D","VS1",61.7,58,487,4.19,4.24,2.6
"2823",28796,0.27,"Very Good","F","VVS2",61.8,56,682,4.19,4.2,2.6
"2824",37815,0.52,"Premium","G","SI2",62.5,59,1001,5.1,5.07,3.18
"2825",7259,1.19,"Premium","J","SI2",58.4,60,4198,6.98,6.92,4.06
"2826",20911,1.24,"Ideal","G","VS1",60.1,58,9123,7.03,6.97,4.21
"2827",27902,0.4,"Very Good","G","SI1",59.6,61,655,4.74,4.76,2.83
"2828",28374,0.34,"Ideal","I","IF",62.2,53.5,668,4.5,4.52,2.8
"2829",8519,1,"Very Good","E","SI2",62.6,58,4426,6.33,6.39,3.98
"2830",24370,0.41,"Ideal","J","VS2",61.8,55,637,4.78,4.81,2.96
"2831",26377,1.5,"Premium","F","VS1",62.2,60,15851,7.3,7.27,4.53
"2832",16885,1.01,"Very Good","D","VS2",62.9,58,6738,6.35,6.41,4.01
"2833",44998,0.31,"Premium","I","SI1",62.3,59,523,4.32,4.29,2.68
"2834",159,0.73,"Premium","G","VS1",61.5,58,2770,5.79,5.75,3.55
"2835",15014,1.01,"Very Good","G","VS2",61.9,58,6047,6.37,6.42,3.96
"2836",7084,0.85,"Ideal","G","VS1",61.6,54,4164,6.08,6.12,3.76
"2837",10393,0.31,"Ideal","G","SI1",62.8,55,593,4.38,4.32,2.73
"2838",3185,1.02,"Good","I","SI2",57.1,62,3342,6.66,6.58,3.78
"2839",48859,0.7,"Very Good","I","VS2",64.2,55,2034,5.57,5.61,3.59
"2840",42209,0.52,"Good","H","VS2",63.6,57,1289,5.05,5.1,3.23
"2841",47086,0.56,"Ideal","G","VS1",60.3,57,1824,5.37,5.41,3.25
"2842",37892,0.46,"Very Good","F","SI1",63.1,56,1006,4.9,4.87,3.08
"2843",38792,0.31,"Premium","G","VVS1",60.4,59,1046,4.41,4.37,2.65
"2844",30326,0.36,"Premium","F","VS2",60.5,59,726,4.61,4.64,2.8
"2845",10128,1.11,"Ideal","H","SI2",62.6,56,4719,6.58,6.65,4.14
"2846",22412,1.23,"Very Good","G","VVS1",61.3,57,10435,6.88,6.96,4.24
"2847",18694,0.29,"Ideal","E","VS1",61.2,56,619,4.27,4.29,2.61
"2848",35803,0.31,"Premium","F","IF",61.9,58,914,4.36,4.39,2.71
"2849",43825,0.51,"Very Good","E","SI1",63.2,61,1443,5.08,5.05,3.2
"2850",15940,1,"Very Good","E","VS2",59.4,59,6377,6.44,6.46,3.83
"2851",5999,0.9,"Ideal","E","SI2",61.9,54,3958,6.23,6.18,3.84
"2852",10797,1.24,"Good","G","SI2",63.7,60,4861,6.77,6.7,4.3
"2853",21107,1.42,"Very Good","E","SI1",61.1,62,9278,7.17,7.2,4.39
"2854",25734,2.04,"Premium","J","VS1",62.6,58,14660,8.11,8.06,5.06
"2855",47517,0.53,"Ideal","G","VVS2",61.9,54,1867,5.2,5.23,3.23
"2856",25153,1.56,"Ideal","G","SI1",60.4,56,13724,7.51,7.55,4.55
"2857",48681,0.51,"Ideal","G","VVS1",62.3,55,2005,5.1,5.14,3.19
"2858",20353,1.55,"Premium","J","VS1",62.6,59,8749,7.4,7.35,4.62
"2859",28328,0.33,"Ideal","F","VS2",61.4,57,666,4.45,4.48,2.74
"2860",19009,1.21,"Very Good","F","VS2",63.3,58,7826,6.73,6.67,4.24
"2861",38749,0.35,"Premium","E","VVS1",61,58,1044,4.52,4.56,2.77
"2862",26085,1.62,"Ideal","G","VS2",61.7,54,15318,7.57,7.58,4.68
"2863",48996,0.91,"Very Good","J","I1",63.1,57,2048,6.12,6.06,3.84
"2864",26739,1.52,"Good","F","VS1",63.4,60,16519,7.25,7.3,4.61
"2865",15420,1.01,"Good","D","VS2",64.2,60,6176,6.35,6.32,4.07
"2866",8409,1.06,"Ideal","H","SI2",62.8,57,4402,6.52,6.56,4.11
"2867",40479,0.53,"Good","E","SI2",63.4,56,1141,5.16,5.18,3.28
"2868",28404,0.35,"Ideal","G","SI1",61.3,56,669,4.56,4.54,2.79
"2869",22760,1.5,"Ideal","E","SI1",62.6,56,10777,7.27,7.3,4.56
"2870",12265,1,"Premium","H","VS2",59.3,61,5208,6.47,6.45,3.83
"2871",45035,0.54,"Good","G","VS2",56.9,62,1637,5.42,5.4,3.08
"2872",1672,0.7,"Very Good","G","VS2",61.8,55,3026,5.69,5.74,3.53
"2873",10058,0.31,"Ideal","F","VS2",61.8,53,591,4.36,4.38,2.7
"2874",5161,0.9,"Very Good","F","SI2",62,61,3770,6.14,6.16,3.81
"2875",21225,1.27,"Premium","G","VS1",61.1,60,9371,6.99,7.03,4.28
"2876",12320,1.06,"Ideal","E","SI2",62.2,55,5223,6.51,6.54,4.06
"2877",8647,1,"Premium","F","SI2",61.3,61,4452,6.39,6.36,3.91
"2878",16464,1.11,"Premium","D","VS2",59.5,60,6579,6.77,6.7,4.01
"2879",30215,0.33,"Ideal","E","VS2",62.3,56,723,4.46,4.47,2.78
"2880",2927,0.9,"Fair","I","VVS2",60.9,66,3288,6.1,6.12,3.72
"2881",12478,1.01,"Very Good","D","SI2",59.9,61,5252,6.46,6.5,3.88
"2882",41415,0.47,"Ideal","F","VS2",60.7,56.1,1226,5.02,5.08,3.07
"2883",28406,0.35,"Premium","D","SI2",60.8,58,669,4.57,4.51,2.76
"2884",53508,0.71,"Ideal","G","VS1",61,57,2686,5.77,5.74,3.51
"2885",21618,1.18,"Ideal","E","VS1",62.4,54,9709,6.74,6.79,4.22
"2886",48285,0.53,"Ideal","E","VS2",62,56,1956,5.29,5.2,3.25
"2887",384,0.83,"Very Good","D","SI1",63.5,54,2811,5.98,5.95,3.79
"2888",1460,0.7,"Ideal","E","VS2",61.7,56,2979,5.74,5.71,3.53
"2889",10424,1.01,"Ideal","G","SI2",61.5,57,4783,6.43,6.45,3.96
"2890",45494,0.52,"Ideal","D","VS2",62,56,1679,5.17,5.19,3.21
"2891",14915,0.8,"Ideal","D","VVS2",61.9,56,6004,5.91,5.95,3.67
"2892",44395,0.4,"Ideal","F","IF",60.9,57,1583,4.81,4.84,2.94
"2893",34068,0.3,"Premium","D","VS2",62,62,851,4.27,4.24,2.64
"2894",13513,1.01,"Premium","D","SI1",62.9,59,5543,6.43,6.39,4.03
"2895",7676,1.02,"Premium","G","SI1",61.4,55,4273,6.51,6.48,3.99
"2896",50347,0.58,"Ideal","G","VVS2",61.9,57,2245,5.36,5.33,3.31
"2897",15634,1.01,"Premium","F","VS2",61.3,61,6271,6.38,6.34,3.9
"2898",25912,1.5,"Premium","D","VS2",60.2,59,15052,7.48,7.36,4.47
"2899",16575,1,"Very Good","F","VS2",61.1,60,6619,6.36,6.43,3.91
"2900",4174,0.75,"Ideal","E","VS1",62.5,57,3555,5.8,5.85,3.64
"2901",52833,0.7,"Ideal","F","VS2",62.8,56,2573,5.7,5.67,3.57
"2902",14647,1.05,"Ideal","D","SI1",61.7,56,5914,6.53,6.59,4.05
"2903",26449,1.55,"Premium","D","VS2",61.5,58,15991,7.48,7.51,4.61
"2904",44160,0.57,"Very Good","G","VS2",60.7,58,1565,5.31,5.37,3.24
"2905",36034,0.41,"Premium","G","SI1",60.3,60,923,4.8,4.76,2.88
"2906",14768,1.02,"Good","G","VS2",63.7,57,5943,6.24,6.31,4
"2907",51606,0.7,"Premium","I","VS1",62.4,59,2394,5.64,5.55,3.49
"2908",41392,0.47,"Premium","H","VS1",61.8,58,1221,4.99,4.94,3.07
"2909",18625,1.52,"Very Good","H","SI2",63.1,55,7600,7.36,7.28,4.62
"2910",15695,0.29,"Ideal","H","VVS1",62.1,55,607,4.28,4.3,2.66
"2911",9295,1.45,"Fair","J","SI2",58.6,68,4570,7.45,7.33,4.34
"2912",39346,0.38,"Ideal","E","VVS2",62.2,53.8,1073,4.62,4.66,2.88
"2913",50458,0.7,"Good","F","SI1",58.7,61,2264,5.77,5.81,3.4
"2914",49053,0.73,"Very Good","G","SI2",62.2,58,2057,5.71,5.77,3.57
"2915",14421,1.2,"Premium","H","SI1",60.8,60,5822,6.87,6.79,4.15
"2916",52523,0.58,"Ideal","G","IF",61.3,56,2528,5.36,5.39,3.29
"2917",31218,0.32,"Very Good","D","SI1",63.1,57,756,4.38,4.37,2.76
"2918",44558,0.52,"Ideal","F","VS2",63,56,1605,5.16,5.1,3.23
"2919",1941,0.9,"Premium","E","SI2",59.5,61,3084,6.3,6.24,3.73
"2920",35100,0.3,"Ideal","F","IF",62.4,54,886,4.33,4.36,2.71
"2921",51636,0.31,"Ideal","G","VS2",62.4,54,544,4.36,4.39,2.73
"2922",16252,1.14,"Very Good","G","VS2",61.3,57,6500,6.69,6.78,4.13
"2923",52252,0.7,"Ideal","H","SI1",61,56,2487,5.74,5.76,3.51
"2924",19144,1.6,"Very Good","I","SI2",62.2,59,7906,7.42,7.46,4.63
"2925",27615,2.07,"Very Good","H","SI1",59.5,59,18489,8.27,8.3,4.92
"2926",33046,0.3,"Ideal","F","VVS1",61.8,57,814,4.3,4.34,2.67
"2927",33657,0.3,"Ideal","D","VS1",62.2,56,835,4.31,4.27,2.67
"2928",25517,2,"Premium","H","SI1",63,54,14319,8.07,7.99,5.06
"2929",38750,0.35,"Ideal","G","IF",61.1,56,1044,4.54,4.59,2.79
"2930",53312,0.72,"Ideal","I","VS2",61.2,57,2650,5.75,5.79,3.53
"2931",40371,0.48,"Good","G","VS2",60.3,60.7,1130,5.06,5.11,3.06
"2932",31010,0.35,"Ideal","F","SI1",62.2,56,748,4.52,4.48,2.8
"2933",20483,1.75,"Premium","F","SI2",58,59,8820,7.97,7.92,4.61
"2934",49064,0.7,"Good","F","SI1",63.1,64,2058,5.58,5.61,3.53
"2935",526,1.17,"Premium","J","I1",60.2,61,2825,6.9,6.83,4.13
"2936",14852,1.21,"Premium","F","SI2",59,60,5982,6.94,6.99,4.11
"2937",12555,1.01,"Ideal","F","SI1",60,56,5274,6.55,6.49,3.91
"2938",26375,1.5,"Ideal","F","VS1",62.3,56,15851,7.34,7.3,4.56
"2939",50448,0.7,"Very Good","F","SI1",63.3,59,2264,5.57,5.62,3.54
"2940",16836,1.3,"Ideal","I","VS2",61.7,56,6714,7.07,7.02,4.35
"2941",15127,1.32,"Very Good","J","VS2",62.1,57,6079,7.01,7.04,4.36
"2942",12070,1.02,"Very Good","F","SI1",60.7,59,5155,6.49,6.55,3.96
"2943",27412,2.06,"Very Good","G","SI2",62.3,59,18005,8.07,8.2,5.07
"2944",49490,0.7,"Good","I","VS2",63.6,58,2117,5.59,5.57,3.55
"2945",14466,1.01,"Premium","G","VS2",62.1,60,5839,6.35,6.37,3.95
"2946",53545,0.72,"Very Good","D","SI2",61.3,59,2692,5.74,5.78,3.53
"2947",46956,0.3,"Very Good","H","VS1",60.4,61,526,4.27,4.31,2.59
"2948",176,0.83,"Good","I","VS2",64.6,54,2774,5.85,5.88,3.79
"2949",20954,1.04,"Ideal","F","VVS2",61.2,57,9169,6.53,6.5,3.99
"2950",35254,0.3,"Premium","E","VVS1",61.3,59,895,4.28,4.33,2.64
"2951",22024,0.34,"Ideal","G","VS2",61,55,628,4.56,4.58,2.79
"2952",16989,1.27,"Ideal","H","SI1",60.6,57,6785,7.07,7,4.26
"2953",16945,1.28,"Very Good","H","SI2",60.4,61,6766,7.08,7.03,4.26
"2954",13266,1,"Good","G","VS2",63.7,59,5484,6.38,6.33,4.05
"2955",52800,0.71,"Very Good","E","SI1",60.3,58,2570,5.8,5.85,3.51
"2956",30819,0.33,"Ideal","E","SI1",61.9,57,743,4.46,4.43,2.75
"2957",889,0.7,"Premium","F","VS1",59,59,2874,5.79,5.77,3.41
"2958",15267,1.2,"Premium","H","SI1",61.2,57,6129,6.91,6.78,4.19
"2959",52366,0.63,"Ideal","E","VS1",61.5,56,2503,5.5,5.53,3.39
"2960",15407,1.02,"Premium","G","VS2",59.8,58,6169,6.58,6.54,3.92
"2961",6450,0.91,"Very Good","F","SI1",62.3,60,4049,6.08,6.15,3.81
"2962",35426,0.32,"Ideal","E","VS2",60.8,55,900,4.49,4.42,2.71
"2963",21743,1.33,"Premium","G","VS1",60.2,60,9813,7.12,7.2,4.31
"2964",32141,0.32,"Ideal","F","VVS2",61.2,57,786,4.4,4.43,2.7
"2965",37440,0.33,"Ideal","E","VVS1",61.7,56,984,4.42,4.46,2.74
"2966",18273,1.36,"Premium","E","SI2",61.7,59,7421,7.2,7.09,4.41
"2967",9862,0.91,"Ideal","H","VS2",62.4,56,4678,6.2,6.14,3.85
"2968",53243,0.71,"Very Good","G","SI1",57.5,61,2644,5.91,5.96,3.41
"2969",51922,0.7,"Ideal","G","VS1",62.7,57,2437,5.66,5.7,3.56
"2970",21300,1.01,"Good","F","IF",62.7,59,9451,6.3,6.42,3.99
"2971",22066,1.3,"Premium","F","VS2",60.4,59,10090,7.12,7.06,4.28
"2972",19404,1.53,"Ideal","I","SI2",61.3,59,8062,7.42,7.39,4.54
"2973",14461,1.03,"Ideal","D","SI2",60.7,58,5836,6.51,6.53,3.96
"2974",37976,0.4,"Very Good","H","VS1",63.4,58,1007,4.74,4.66,2.98
"2975",9079,1.08,"Ideal","I","SI1",62.1,59,4521,6.57,6.53,4.07
"2976",40008,0.41,"Premium","F","VS2",62.8,58,1107,4.73,4.69,2.96
"2977",18982,1,"Premium","D","VS1",62.7,62,7812,6.23,6.21,3.9
"2978",41544,0.52,"Premium","G","SI2",61.4,56,1235,5.27,5.18,3.2
"2979",53286,0.3,"Premium","I","VVS1",62.6,60,552,4.25,4.28,2.67
"2980",46147,0.55,"Premium","F","VS2",62.5,56,1746,5.27,5.23,3.28
"2981",13484,1.1,"Ideal","G","SI2",62.6,56,5535,6.64,6.58,4.14
"2982",13878,1.01,"Very Good","F","VS2",63.5,58,5650,6.35,6.32,4.02
"2983",122,0.74,"Ideal","E","SI1",62.3,54,2762,5.8,5.83,3.62
"2984",49197,0.55,"Ideal","G","VVS1",60,56,2077,5.35,5.39,3.21
"2985",36552,0.4,"Ideal","E","SI1",60.5,57,945,4.81,4.77,2.9
"2986",5788,1.01,"Good","H","SI2",57.9,59,3903,6.64,6.59,3.83
"2987",31665,0.33,"Ideal","E","VS1",61.7,54,768,4.45,4.47,2.75
"2988",23356,0.3,"Ideal","I","SI1",61.5,57,422,4.3,4.35,2.66
"2989",8194,1.04,"Premium","I","SI1",61.8,60,4368,6.51,6.47,4.01
"2990",45598,0.5,"Ideal","D","VS2",61.9,55,1690,5.09,5.12,3.16
"2991",41805,0.53,"Very Good","F","SI1",59.6,58,1250,5.28,5.33,3.16
"2992",20113,1.25,"Very Good","G","VS1",62.7,56,8580,6.81,6.93,4.31
"2993",39086,0.51,"Ideal","I","VS2",60.6,57,1060,5.16,5.21,3.14
"2994",20306,1.24,"Ideal","H","VS1",61,57,8719,6.91,6.95,4.23
"2995",34818,0.36,"Premium","E","VS2",62.5,58,878,4.57,4.52,2.84
"2996",31050,0.4,"Ideal","I","VVS2",62.6,54,751,4.69,4.73,2.95
"2997",3064,0.76,"Premium","H","VVS1",60.7,58,3311,5.9,5.93,3.59
"2998",6741,0.31,"Fair","E","SI1",56.9,66,579,4.53,4.47,2.56
"2999",30363,0.36,"Ideal","I","VS1",60.5,57,729,4.59,4.56,2.77
"3000",22166,1.5,"Premium","D","SI2",60.5,59,10206,7.37,7.27,4.43
"3001",4635,0.74,"Ideal","D","VS2",61.4,58,3668,5.8,5.83,3.57
"3002",27877,0.4,"Ideal","G","SI2",61.8,56,654,4.75,4.77,2.94
"3003",37378,0.4,"Premium","F","VS1",61.4,58,982,4.73,4.75,2.91
"3004",17145,1.01,"Premium","E","VS2",62.2,58,6843,6.36,6.41,3.97
"3005",52453,0.59,"Ideal","E","VVS2",61,58,2515,5.39,5.43,3.3
"3006",31019,0.41,"Good","F","VS2",59.7,63,749,4.8,4.85,2.88
"3007",22053,1.16,"Ideal","G","IF",62.3,55,10082,6.79,6.73,4.21
"3008",26867,2.39,"Very Good","J","VS2",62.2,60,16791,8.49,8.51,5.29
"3009",1848,0.71,"Very Good","E","VS1",63.3,59,3064,5.64,5.68,3.58
"3010",52016,0.73,"Very Good","F","SI1",62.5,56,2445,5.69,5.73,3.57
"3011",1885,0.9,"Good","G","SI1",63.7,56,3074,6.1,6.06,3.87
"3012",19828,1.51,"Ideal","I","SI1",61.2,60,8396,7.39,7.37,4.52
"3013",18537,1.51,"Premium","J","VS2",59.2,59,7553,7.53,7.47,4.44
"3014",6336,1,"Premium","J","VS1",62.8,57,4032,6.39,6.35,4
"3015",38721,0.41,"Ideal","H","VVS1",62.2,57,1043,4.74,4.78,2.96
"3016",44128,0.5,"Premium","E","VS2",62.1,62,1559,5.1,5.08,3.16
"3017",34913,0.34,"Ideal","F","VS2",61,57,880,4.5,4.48,2.74
"3018",43558,0.52,"Ideal","E","SI1",61.4,57,1429,5.18,5.15,3.17
"3019",44563,0.52,"Good","D","SI1",63.9,58,1605,5.12,5.08,3.26
"3020",36323,0.32,"Ideal","G","VVS2",61.4,55,936,4.43,4.4,2.71
"3021",28500,0.3,"Ideal","E","VS1",61.1,58,673,4.3,4.34,2.64
"3022",18680,1.08,"Premium","F","VS2",62.1,59,7637,6.59,6.54,4.08
"3023",19405,1.12,"Ideal","F","VS2",61.2,56,8063,6.67,6.73,4.11
"3024",18342,1.7,"Ideal","J","SI2",62,53,7464,7.68,7.65,4.75
"3025",9431,1.02,"Ideal","E","SI1",61.1,56,4591,6.45,6.51,3.96
"3026",47269,0.7,"Premium","J","VVS1",60.9,58,1844,5.74,5.79,3.51
"3027",43506,0.43,"Ideal","F","VVS1",61,56,1422,4.9,4.87,2.98
"3028",16639,1.1,"Premium","G","VS2",60.2,58,6653,6.75,6.71,4.05
"3029",4177,0.9,"Premium","F","SI2",61.4,58,3556,6.19,6.13,3.78
"3030",42373,0.57,"Ideal","H","SI1",61.6,60,1304,5.33,5.35,3.29
"3031",18056,0.33,"Very Good","D","VS2",60.8,60,615,4.52,4.46,2.73
"3032",13466,1.27,"Very Good","J","VS2",62.7,58,5530,6.88,6.91,4.32
"3033",39881,0.42,"Ideal","G","VVS2",62.4,55,1103,4.82,4.79,3
"3034",52753,0.74,"Premium","F","VS2",62.3,58,2560,5.77,5.72,3.58
"3035",20559,1.21,"Premium","F","VS2",60.1,55,8870,7.01,6.91,4.18
"3036",29214,0.31,"Ideal","F","VS1",61.2,57,695,4.36,4.39,2.68
"3037",41021,0.25,"Premium","G","SI2",58.8,60,1186,5.33,5.28,3.12
"3038",4721,0.37,"Ideal","F","SI2",60.9,56,572,4.65,4.68,2.84
"3039",48089,0.63,"Ideal","F","SI1",59.9,59,1932,5.59,5.63,3.36
"3040",35104,0.3,"Ideal","F","IF",61.8,55,886,4.32,4.35,2.68
"3041",34110,0.38,"Good","D","VS1",63.4,55,853,4.61,4.64,2.93
"3042",12770,1.33,"Very Good","J","SI1",64,53,5327,6.93,7.01,4.46
"3043",44058,0.5,"Very Good","F","VS1",62.9,58,1550,5.05,5.09,3.19
"3044",35002,0.42,"Premium","G","SI1",60.6,62,882,4.85,4.82,2.93
"3045",23884,1.67,"Ideal","I","VS1",61.6,59,11975,7.64,7.61,4.7
"3046",31476,0.34,"Ideal","H","VS1",62.5,57,765,4.46,4.43,2.78
"3047",46877,0.53,"Ideal","E","VS2",61.9,56,1813,5.21,5.19,3.22
"3048",42904,0.59,"Very Good","E","SI2",62.9,58,1362,5.33,5.39,3.37
"3049",2006,0.72,"Very Good","D","SI1",60.5,57,3102,5.85,5.89,3.55
"3050",7522,1.01,"Premium","H","SI2",61.1,59,4242,6.54,6.46,3.97
"3051",41846,0.41,"Very Good","F","IF",63.3,56,1255,4.69,4.75,2.99
"3052",39090,0.31,"Ideal","F","IF",61.5,55,1061,4.34,4.37,2.68
"3053",30168,0.32,"Very Good","F","VVS2",63,56,721,4.37,4.39,2.76
"3054",24391,1.7,"Ideal","I","VS1",62.2,55,12622,7.63,7.67,4.76
"3055",2941,0.86,"Very Good","G","SI1",62.9,55,3293,6.04,6.08,3.81
"3056",9969,1.25,"Very Good","J","SI1",62.5,57,4702,6.83,6.86,4.28
"3057",30248,0.26,"Ideal","E","VVS2",62.5,55,724,4.09,4.07,2.55
"3058",45938,0.42,"Very Good","F","IF",60,58,1722,4.87,4.9,2.93
"3059",51293,1.2,"Premium","F","I1",62.9,58,2360,6.86,6.79,4.29
"3060",30383,0.34,"Very Good","F","VS2",62.5,57.5,730,4.4,4.45,2.77
"3061",39615,0.3,"Ideal","G","VS2",60.8,57,491,4.33,4.38,2.65
"3062",38813,0.31,"Ideal","G","VVS1",62.5,57,1046,4.36,4.31,2.71
"3063",44269,0.52,"Premium","E","VS2",62.5,60,1576,5.1,5.14,3.2
"3064",29054,0.4,"Good","E","SI1",63.2,58,687,4.66,4.7,2.96
"3065",306,0.9,"Good","I","SI2",62.2,59,2800,6.07,6.11,3.79
"3066",53166,0.71,"Good","G","VS1",58.1,59,2628,5.85,5.92,3.42
"3067",41902,0.59,"Very Good","J","VS2",62.1,57,1261,5.34,5.39,3.33
"3068",46439,0.58,"Ideal","F","VS1",61.9,54,1772,5.33,5.37,3.31
"3069",8428,0.92,"Ideal","G","SI2",61.9,57,4406,6.23,6.25,3.86
"3070",49528,0.52,"Ideal","F","VS1",61.3,56,2123,5.19,5.22,3.19
"3071",45577,0.52,"Ideal","E","VS2",61.7,55,1689,5.16,5.21,3.2
"3072",7946,1.02,"Ideal","H","SI2",60.7,57,4319,6.51,6.54,3.96
"3073",49793,0.85,"Good","J","SI1",59.2,64,2163,6.13,6.17,3.64
"3074",7123,1,"Very Good","H","SI2",61.6,58,4172,6.43,6.47,3.97
"3075",33511,0.4,"Ideal","J","IF",62.4,56,828,4.71,4.74,2.95
"3076",29686,0.35,"Ideal","D","VS2",60.5,56,707,4.6,4.63,2.79
"3077",2322,0.72,"Premium","F","VS1",62.2,57,3167,5.74,5.67,3.55
"3078",7734,0.3,"Ideal","H","VVS2",61.5,56,581,4.34,4.38,2.68
"3079",41136,0.5,"Very Good","G","SI1",60,63,1197,5.06,5.1,3.05
"3080",35274,0.3,"Premium","G","IF",60.2,58,895,4.35,4.39,2.63
"3081",27541,2.24,"Ideal","I","SI1",60.5,59,18299,8.45,8.5,5.13
"3082",50759,0.72,"Premium","F","SI2",60.5,59,2298,5.83,5.8,3.52
"3083",41775,0.49,"Ideal","G","VS2",61.1,57,1246,5.12,5.09,3.12
"3084",47386,0.54,"Premium","E","VS2",59.2,58,1847,5.35,5.32,3.16
"3085",49121,0.7,"Good","H","SI1",63.4,61,2066,5.58,5.62,3.55
"3086",52796,0.7,"Very Good","E","SI1",59.1,62,2569,5.74,5.8,3.41
"3087",4758,0.9,"Premium","D","SI1",59.5,57,3689,6.29,6.21,3.72
"3088",19308,1.21,"Ideal","G","VS1",62.5,55,8020,6.79,6.8,4.25
"3089",21292,1.52,"Ideal","H","SI1",61.3,57,9448,7.38,7.32,4.51
"3090",18091,1.27,"Very Good","I","VS2",59.2,60,7312,7.11,7.08,4.2
"3091",11603,1.04,"Good","F","SI1",63.4,59,5045,6.4,6.44,4.07
"3092",22967,1.01,"Ideal","D","VVS2",61.5,57,11015,6.43,6.48,3.97
"3093",49093,0.72,"Good","J","VS1",63.7,54,2062,5.71,5.68,3.63
"3094",5637,1.02,"Very Good","J","SI1",63.1,60,3879,6.35,6.4,4.02
"3095",34528,0.3,"Ideal","F","VVS1",61.9,57,868,4.3,4.33,2.67
"3096",26860,1.75,"Premium","G","VS2",61.5,59,16783,7.76,7.66,4.74
"3097",36473,0.43,"Ideal","G","VS1",61.1,56,943,4.86,4.9,2.98
"3098",2346,0.79,"Ideal","E","SI1",60.3,56,3171,5.99,6.05,3.63
"3099",4853,0.71,"Ideal","F","VS1",61.3,56,3710,5.69,5.75,3.51
"3100",2581,0.7,"Premium","D","VS1",62.9,59,3214,5.72,5.66,3.58
"3101",12980,1.25,"Ideal","I","SI2",61.4,55,5395,6.92,6.99,4.27
"3102",22813,1.53,"Ideal","E","SI1",62,58,10836,7.33,7.41,4.57
"3103",2352,0.84,"Fair","F","VS2",65,57.2,3172,5.83,5.87,3.81
"3104",32122,0.34,"Ideal","F","VVS2",61.7,55,784,4.49,4.52,2.78
"3105",2086,0.68,"Very Good","F","VVS2",57.3,60,3112,5.83,5.89,3.36
"3106",25432,1.57,"Premium","G","VS1",59.9,56,14180,7.6,7.55,4.54
"3107",29820,0.3,"Premium","D","SI1",62.3,59,709,4.25,4.22,2.64
"3108",44460,0.54,"Very Good","D","SI1",60,59.8,1593,5.3,5.34,3.18
"3109",33060,0.3,"Ideal","F","VVS1",62.2,56,814,4.28,4.3,2.67
"3110",34742,0.37,"Ideal","F","VVS2",60.5,60,876,4.65,4.67,2.82
"3111",11215,1.23,"Very Good","J","VS2",62.8,59,4960,6.75,6.82,4.26
"3112",34698,0.3,"Ideal","F","IF",61.3,58,873,4.29,4.33,2.64
"3113",10507,1.02,"Ideal","E","SI2",60.3,57,4798,6.53,6.5,3.95
"3114",22627,1.17,"Very Good","D","VS1",60.5,57,10681,6.79,6.86,4.13
"3115",10380,1.13,"Ideal","F","SI2",62.3,57,4778,6.67,6.61,4.14
"3116",39922,0.41,"Ideal","D","VVS2",61.1,56,1105,4.78,4.81,2.93
"3117",16744,1.2,"Premium","H","VS2",60.6,58,6666,6.88,6.82,4.15
"3118",649,0.72,"Ideal","E","VS2",62,57,2843,5.71,5.74,3.55
"3119",49722,0.7,"Premium","G","SI1",63,59,2150,5.64,5.6,3.54
"3120",10707,1.09,"Very Good","H","SI1",61.7,59,4849,6.53,6.59,4.05
"3121",35680,0.42,"Very Good","F","VS1",60.9,58,910,4.84,4.88,2.96
"3122",13287,1,"Premium","D","SI1",62.1,58,5488,6.45,6.34,3.97
"3123",35484,0.31,"Ideal","E","VVS1",61.6,57,903,4.38,4.36,2.69
"3124",32189,0.35,"Ideal","H","VS1",62,56,788,4.56,4.54,2.82
"3125",28073,0.3,"Premium","D","VS1",60.7,58,661,4.34,4.36,2.64
"3126",44686,0.73,"Good","I","SI2",63.7,57,1610,5.76,5.67,3.63
"3127",49726,0.71,"Fair","D","SI1",64.6,60,2151,5.55,5.6,3.6
"3128",35028,0.4,"Good","E","SI1",63.7,56,882,4.69,4.66,2.98
"3129",1718,0.32,"Very Good","G","VS2",60.2,57,561,4.42,4.45,2.67
"3130",6030,1,"Fair","D","SI2",65,56,3965,6.27,6.23,4.06
"3131",28704,0.41,"Very Good","F","SI1",63.6,57,680,4.72,4.75,3.01
"3132",38742,0.35,"Very Good","G","IF",62.2,58,1044,4.45,4.52,2.79
"3133",14644,1,"Premium","H","VVS2",61.4,59,5914,6.49,6.45,3.97
"3134",11086,1.21,"Fair","E","SI2",65.6,59,4926,6.62,6.56,4.32
"3135",7797,1.04,"Ideal","H","SI2",61.1,56,4290,6.6,6.66,4.05
"3136",40693,0.5,"Good","D","SI2",63.2,56,1157,5.01,5.05,3.18
"3137",33423,0.32,"Ideal","H","VVS2",61.8,55,828,4.42,4.38,2.72
"3138",53194,0.7,"Very Good","G","VS2",62.2,61,2633,5.54,5.59,3.46
"3139",7866,1.16,"Fair","G","SI2",60.1,60,4307,6.9,6.72,4.09
"3140",20930,1.7,"Ideal","E","SI2",61.6,57,9139,7.63,7.57,4.68
"3141",24356,2.03,"Ideal","G","SI1",63,56,12618,8.04,7.99,5.05
"3142",19451,1.04,"Premium","G","VVS2",61.8,58,8098,6.51,6.47,4.01
"3143",52209,0.61,"Very Good","D","VS1",60.9,56,2481,5.49,5.51,3.35
"3144",21345,1,"Very Good","D","VVS2",61.3,58,9487,6.37,6.42,3.92
"3145",3133,0.79,"Ideal","D","SI1",61.3,54,3328,5.96,6.01,3.67
"3146",12396,1.13,"Ideal","F","SI2",61.8,57,5232,6.71,6.68,4.14
"3147",47614,0.55,"Very Good","H","VVS1",61.1,57,1881,5.26,5.35,3.24
"3148",9428,0.91,"Very Good","G","VS1",60.9,54,4590,6.27,6.38,3.85
"3149",33280,0.23,"Good","E","VVS1",62.8,62,462,3.9,3.93,2.46
"3150",48638,0.34,"Ideal","F","SI1",61.1,56,537,4.52,4.55,2.77
"3151",2134,0.7,"Ideal","G","VVS1",62.3,57,3123,5.61,5.65,3.51
"3152",50525,0.71,"Very Good","G","SI1",63.3,56,2274,5.66,5.69,3.59
"3153",30828,0.33,"Premium","I","VVS2",62.2,59,743,4.47,4.41,2.76
"3154",39228,0.38,"Premium","D","VS1",62.4,59,1067,4.6,4.63,2.88
"3155",39035,0.41,"Ideal","H","SI1",61.3,55,1056,4.81,4.85,2.96
"3156",24576,1.51,"Very Good","G","VS2",63.3,60,12872,7.28,7.2,4.58
"3157",5878,1.03,"Ideal","I","SI2",62.2,57,3925,6.46,6.5,4.03
"3158",47398,0.55,"Premium","G","SI1",60.2,59,1848,5.32,5.28,3.19
"3159",41819,0.43,"Ideal","F","VVS2",61.9,56,1250,4.87,4.82,3
"3160",46665,0.56,"Ideal","H","VVS1",62.3,55,1787,5.26,5.3,3.29
"3161",14472,0.74,"Ideal","D","VVS2",61.4,56,5841,5.82,5.87,3.58
"3162",9965,1.14,"Very Good","J","VS1",60,60,4702,6.76,6.81,4.07
"3163",32642,0.31,"Ideal","H","VVS2",62.5,55,802,4.37,4.34,2.72
"3164",42156,0.59,"Very Good","H","SI1",62.8,56,1283,5.35,5.38,3.37
"3165",17103,1,"Very Good","F","VS2",63.4,58,6818,6.3,6.39,4.02
"3166",23791,1.71,"Very Good","I","VS2",62.8,59,11850,7.52,7.58,4.74
"3167",14988,1,"Premium","F","VS2",58.7,62,6037,6.6,6.51,3.85
"3168",45410,0.51,"Ideal","H","VS1",62,56,1668,5.14,5.17,3.2
"3169",37736,0.5,"Good","F","SI2",63.5,58,997,4.98,5.03,3.18
"3170",53031,0.72,"Ideal","I","VVS2",61.6,57,2602,5.73,5.76,3.54
"3171",32395,0.31,"Ideal","E","VVS2",61.4,57,791,4.37,4.39,2.69
"3172",38492,0.42,"Ideal","D","VS2",61.2,56,1031,4.8,4.84,2.95
"3173",40959,0.42,"Premium","G","VVS1",62.7,58,1179,4.74,4.79,2.99
"3174",43030,0.58,"Very Good","F","SI1",62.6,57,1373,5.24,5.36,3.32
"3175",15910,1.04,"Premium","G","VS1",60.2,58,6360,6.65,6.64,4
"3176",8314,1,"Good","H","SI1",61.2,62,4389,6.32,6.36,3.88
"3177",36924,0.41,"Ideal","G","VS1",61.7,57,961,4.81,4.78,2.96
"3178",23485,1.51,"Good","E","SI1",62.8,59,11487,7.16,7.2,4.51
"3179",41243,0.3,"Fair","D","IF",60.5,57,1208,4.47,4.35,2.67
"3180",45789,0.59,"Very Good","I","VVS1",62.8,58,1709,5.3,5.34,3.34
"3181",16790,1.21,"Ideal","I","VS1",61.5,56,6691,6.83,6.87,4.22
"3182",14022,1,"Good","G","VS2",63.4,57,5702,6.27,6.31,3.99
"3183",23553,1.7,"Very Good","H","SI1",63.6,59,11560,7.46,7.55,4.77
"3184",9082,1.03,"Ideal","E","SI2",62.5,56,4522,6.48,6.45,4.04
"3185",23007,1.7,"Premium","I","VS2",61.7,59,11062,7.63,7.57,4.69
"3186",51546,0.71,"Ideal","I","VVS2",62.2,54,2387,5.7,5.75,3.56
"3187",1128,0.73,"Premium","G","VVS2",62.2,56,2919,5.79,5.75,3.59
"3188",23343,0.3,"Very Good","H","SI2",63.4,55,422,4.26,4.22,2.69
"3189",23486,1.54,"Ideal","G","VS2",61.5,57,11487,7.44,7.41,4.57
"3190",229,0.75,"Premium","F","SI1",61.4,59,2782,5.88,5.85,3.6
"3191",36753,0.33,"Ideal","F","VVS1",62.4,55,955,4.4,4.42,2.75
"3192",42230,0.39,"Premium","F","IF",58,61,1290,4.83,4.79,2.79
"3193",51528,0.7,"Very Good","E","SI1",62.9,56,2386,5.57,5.65,3.53
"3194",4586,0.8,"Very Good","F","VS2",62.3,57,3653,5.91,5.94,3.69
"3195",33833,0.43,"Very Good","G","VS2",61,56,844,4.87,4.89,2.98
"3196",17776,1.06,"Ideal","G","VS2",62.8,55,7160,6.49,6.51,4.08
"3197",38789,0.31,"Premium","G","VVS1",59.5,60,1046,4.41,4.39,2.62
"3198",2458,0.71,"Ideal","H","IF",62,54,3190,5.71,5.75,3.55
"3199",50269,0.55,"Very Good","E","VVS2",60.8,55,2238,5.26,5.33,3.22
"3200",33522,0.34,"Ideal","E","VS2",62,56,829,4.48,4.46,2.77
"3201",13747,1.21,"Ideal","J","VS1",61.8,56.2,5604,6.78,6.86,4.2
"3202",49921,0.7,"Premium","G","SI1",62,61,2184,5.67,5.62,3.5
"3203",27897,0.4,"Very Good","I","VS2",61.4,57.6,655,4.73,4.78,2.92
"3204",40048,0.3,"Ideal","D","VVS1",62.2,57,1112,4.35,4.3,2.69
"3205",11021,1.2,"Fair","H","SI2",64.8,60,4916,6.55,6.59,4.26
"3206",51386,0.71,"Ideal","I","VS1",62.3,59,2368,5.68,5.72,3.55
"3207",48439,0.51,"Ideal","G","VVS2",61.5,57,1974,5.18,5.13,3.17
"3208",28710,0.38,"Good","E","SI1",58.9,58,680,4.73,4.77,2.8
"3209",18096,1.42,"Premium","H","SI2",61.6,58,7316,7.22,7.17,4.43
"3210",6249,0.9,"Good","G","SI1",62.5,62,4008,6.04,6.09,3.79
"3211",42804,0.52,"Ideal","G","SI1",62.2,54,1352,5.18,5.2,3.23
"3212",45548,0.51,"Premium","D","SI1",62.3,57,1687,5.13,5.08,3.18
"3213",45168,0.6,"Ideal","F","SI1",62.7,54,1654,5.43,5.39,3.39
"3214",35464,0.31,"Ideal","F","IF",61.2,56,901,4.38,4.41,2.69
"3215",51128,1.05,"Premium","I","I1",61.8,56,2339,6.53,6.48,4.02
"3216",3717,0.82,"Ideal","F","VS2",61.9,57,3453,5.99,5.96,3.7
"3217",49657,0.7,"Very Good","G","SI2",60.7,58,2141,5.74,5.8,3.5
"3218",43301,0.58,"Ideal","F","SI1",62.3,54,1401,5.36,5.39,3.35
"3219",36463,0.31,"Ideal","D","VS2",62.2,54,942,4.34,4.31,2.69
"3220",12828,1.05,"Ideal","F","SI2",61.9,56,5347,6.48,6.5,4.02
"3221",53409,0.7,"Premium","F","VS1",61.7,60,2669,5.67,5.64,3.49
"3222",52734,0.77,"Ideal","I","VS2",61.2,59,2558,5.91,5.95,3.63
"3223",51384,0.71,"Very Good","G","SI1",63.4,58,2368,5.65,5.68,3.59
"3224",12875,1.03,"Premium","H","VS2",61.6,61,5364,6.51,6.44,3.99
"3225",33169,0.36,"Ideal","E","VS1",61.8,56,817,4.55,4.58,2.82
"3226",32248,0.31,"Ideal","H","IF",62.3,55,789,4.32,4.35,2.7
"3227",19053,1.02,"Ideal","F","VS1",62.2,57,7836,6.39,6.43,3.99
"3228",35224,0.33,"Ideal","F","VVS1",61.4,55,893,4.47,4.52,2.76
"3229",41925,0.4,"Ideal","F","VVS1",62.5,57,1263,4.72,4.75,2.96
"3230",44115,0.53,"Premium","F","VS1",61.5,61,1558,5.17,5.11,3.16
"3231",1464,0.64,"Good","F","IF",58.6,61,2980,5.69,5.71,3.34
"3232",41339,0.42,"Ideal","E","VVS2",62.3,55,1216,4.76,4.81,2.98
"3233",32411,0.41,"Ideal","D","SI1",62.3,55,791,4.77,4.79,2.98
"3234",14345,1.22,"Ideal","H","SI2",61.1,57,5807,6.9,5.92,4.22
"3235",34824,0.3,"Ideal","H","VVS1",61.9,55,878,4.34,4.32,2.68
"3236",11338,1.01,"Premium","F","SI1",59.5,62,4989,6.53,6.45,3.86
"3237",51436,0.55,"Ideal","E","VVS2",61.9,56,2374,5.25,5.29,3.26
"3238",23896,1.53,"Ideal","F","SI1",61.6,56,11999,7.34,7.39,4.54
"3239",3045,0.27,"Very Good","G","VVS1",60.1,58,566,4.21,4.23,2.53
"3240",48594,0.7,"Good","I","SI1",63.6,55,1995,5.62,5.58,3.56
"3241",37386,0.4,"Ideal","F","VS1",61.1,56,982,4.75,4.78,2.91
"3242",26359,0.32,"Very Good","H","VVS2",62.1,58,645,4.34,4.39,2.71
"3243",10103,1.2,"Premium","J","VS2",60.3,59,4715,6.9,6.94,4.17
"3244",20056,0.31,"Very Good","F","VS2",61.4,62,625,4.32,4.34,2.66
"3245",48640,0.31,"Premium","I","SI1",60.1,59,537,4.41,4.38,2.64
"3246",14956,1.07,"Premium","G","VS2",60.1,60,6022,6.76,6.6,3.99
"3247",33839,0.38,"Ideal","F","SI1",60.9,55,844,4.7,4.72,2.87
"3248",48897,0.52,"Very Good","G","VVS1",62.3,55,2040,5.13,5.15,3.2
"3249",15934,1.25,"Ideal","G","SI2",61.1,55,6371,6.95,6.99,4.26
"3250",36479,0.43,"Ideal","H","VVS2",61.3,56,943,4.86,4.9,2.99
"3251",25348,1.76,"Ideal","I","VVS2",60.2,58,14065,7.84,7.87,4.73
"3252",7781,0.9,"Ideal","F","SI1",61.5,56,4284,6.25,6.2,3.83
"3253",44143,0.6,"Ideal","F","SI2",61.7,56,1562,5.41,5.38,3.33
"3254",25420,1.51,"Premium","G","VS1",59.5,59,14156,7.45,7.41,4.42
"3255",39466,0.53,"Very Good","G","SI2",63.4,55,1079,5.1,5.19,3.26
"3256",48498,0.54,"Ideal","H","IF",61.5,54,1981,5.27,5.3,3.25
"3257",46419,0.51,"Very Good","G","VVS2",62.6,59,1768,5.08,5.11,3.19
"3258",22325,1.26,"Ideal","G","VVS2",60.7,56,10367,7.03,7.05,4.27
"3259",33519,0.33,"Ideal","F","VVS1",62,59,829,4.42,4.45,2.75
"3260",9987,1,"Premium","E","SI2",61.2,60,4704,6.45,6.42,3.94
"3261",52293,0.25,"Very Good","D","VVS2",62,61,548,3.99,4.04,2.49
"3262",43857,0.57,"Ideal","I","VS1",62.2,55,1448,5.28,5.33,3.3
"3263",15149,1.01,"Good","F","VS2",62.5,62,6089,6.32,6.38,3.97
"3264",13359,0.24,"Very Good","E","VS2",62.1,59,419,3.98,4.01,2.48
"3265",34082,0.36,"Premium","D","VS2",59.1,58,852,4.63,4.68,2.75
"3266",43404,0.46,"Ideal","G","VVS1",61.5,55,1412,4.97,5.01,3.07
"3267",33135,0.31,"Ideal","G","VVS1",61.2,56,816,4.34,4.38,2.67
"3268",52551,0.81,"Good","H","SI1",63,58,2534,5.79,5.87,3.67
"3269",2136,0.71,"Ideal","G","VS1",60.9,56.6,3123,5.75,5.79,3.52
"3270",8425,0.93,"Good","G","SI1",58.8,61,4405,6.36,6.39,3.75
"3271",38442,0.38,"Ideal","E","VS1",62.1,57,1027,4.62,4.65,2.88
"3272",34773,0.41,"Premium","D","SI2",61.2,59,876,4.8,4.77,2.93
"3273",33497,0.32,"Ideal","F","VS2",62.4,56,828,4.37,4.35,2.72
"3274",39944,0.28,"Good","F","VVS2",64.9,57,492,4.13,4.16,2.69
"3275",43659,0.5,"Very Good","F","VS2",59.4,59,1436,5.19,5.22,3.09
"3276",45420,0.55,"Ideal","E","SI1",61.7,56,1668,5.29,5.24,3.25
"3277",7323,1.01,"Good","H","VS2",63.9,58,4208,6.26,6.22,3.99
"3278",22560,1.43,"Premium","G","VS2",62.2,58,10609,7.18,7.15,4.46
"3279",47688,0.56,"Premium","E","VS2",61,62,1882,5.36,5.28,3.24
"3280",28854,0.41,"Very Good","H","SI1",61.4,60,683,4.73,4.78,2.92
"3281",42749,0.51,"Good","E","SI1",63.9,54,1343,5.05,5.09,3.24
"3282",11059,0.4,"Ideal","H","SI2",62.2,56,596,4.71,4.75,2.94
"3283",22001,1.34,"Ideal","G","VS1",62.7,57,10070,7.1,7.04,4.43
"3284",23248,1.51,"Premium","G","SI1",62.6,58,11255,7.3,7.27,4.56
"3285",8584,1.15,"Good","F","SI2",63.8,57,4437,6.65,6.6,4.23
"3286",9654,0.91,"Ideal","F","SI2",61.7,56,4642,6.21,6.24,3.84
"3287",50129,0.58,"Ideal","D","VS1",61.8,56,2211,5.34,5.37,3.31
"3288",26547,2.01,"Good","F","SI2",58.1,64,16231,8.23,8.19,4.77
"3289",6838,1.01,"Premium","F","SI2",60.6,60,4121,6.46,6.5,3.93
"3290",424,0.99,"Fair","J","SI1",55,61,2812,6.72,6.67,3.68
"3291",47974,0.3,"Ideal","I","VVS2",62.5,53.6,532,4.29,4.33,2.69
"3292",28978,0.31,"Good","H","VS1",57.5,60,435,4.46,4.51,2.58
"3293",14464,1.03,"Ideal","E","SI1",60.3,55,5837,6.62,6.57,3.98
"3294",44897,0.5,"Premium","E","VS2",62.4,62,1629,5.07,5.03,3.15
"3295",43489,0.58,"Ideal","H","SI1",60.9,57,1421,5.38,5.33,3.26
"3296",23360,0.3,"Ideal","G","SI1",60.9,57,422,4.34,4.39,2.66
"3297",8693,1.02,"Premium","F","SI2",62.5,60,4459,6.36,6.43,4
"3298",27282,2.17,"Ideal","I","SI1",60.7,57,17747,8.38,8.42,5.1
"3299",30627,0.28,"Ideal","I","VS1",62.4,54,448,4.18,4.19,2.61
"3300",28169,0.32,"Ideal","G","VS1",61.6,55,665,4.43,4.46,2.74
"3301",42552,0.53,"Very Good","E","SI1",63.3,56,1326,5.13,5.17,3.26
"3302",14086,1.24,"Ideal","I","SI1",61.3,56,5714,6.9,6.93,4.24
"3303",15432,1,"Good","G","VS1",62.4,62,6177,6.33,6.37,3.96
"3304",31112,0.31,"Very Good","F","VVS2",62,55,754,4.34,4.38,2.7
"3305",15839,1.01,"Very Good","E","VS2",63.1,60,6335,6.3,6.26,3.96
"3306",47816,0.57,"Fair","F","VVS2",65.2,56.2,1902,5.19,5.23,3.4
"3307",15705,0.24,"Very Good","F","VVS2",61.7,56,608,3.98,4,2.45
"3308",5359,1.05,"Fair","D","SI2",65.4,59,3816,6.3,6.24,4.1
"3309",33307,0.28,"Ideal","D","VVS2",61.1,55,827,4.23,4.28,2.6
"3310",4828,0.9,"Premium","F","SI2",61.4,62,3704,6.2,6.11,3.78
"3311",47811,0.71,"Very Good","I","SI2",61.9,54,1902,5.67,5.74,3.53
"3312",8759,0.9,"Very Good","D","SI1",62.8,59,4466,6.12,6.18,3.86
"3313",3840,0.9,"Fair","D","SI2",64.9,57,3473,6.03,5.98,3.9
"3314",32674,0.31,"Ideal","G","VS1",62.1,55,802,4.37,4.33,2.7
"3315",46080,0.64,"Ideal","G","SI1",61.6,55,1737,5.55,5.59,3.43
"3316",48490,0.75,"Premium","G","SI1",59.4,62,1980,5.95,5.91,3.52
"3317",3360,0.6,"Ideal","D","VVS2",61.9,55,3382,5.41,5.45,3.36
"3318",31906,0.3,"Ideal","G","VS1",62.9,57,776,4.31,4.28,2.7
"3319",14319,1.32,"Premium","J","VS2",60.4,58,5800,7.11,7.14,4.3
"3320",3005,0.71,"Ideal","E","VS2",62,56,3304,5.72,5.75,3.55
"3321",47145,0.53,"Ideal","F","VS1",62.4,57,1832,5.18,5.21,3.24
"3322",34692,0.3,"Ideal","F","IF",61.3,56,873,4.3,4.34,2.65
"3323",9724,1.15,"Very Good","H","SI2",61.9,57,4654,6.68,6.72,4.15
"3324",19962,1.4,"Premium","G","SI1",62.5,58,8511,7.12,7.06,4.43
"3325",50883,0.78,"Very Good","H","SI2",62.7,56,2316,5.85,5.89,3.68
"3326",17463,1.21,"Ideal","I","VVS2",62.7,56,7002,6.8,6.83,4.27
"3327",33057,0.3,"Ideal","F","VVS1",61.7,58,814,4.26,4.3,2.64
"3328",45890,0.58,"Very Good","D","SI1",63.5,58,1720,5.29,5.32,3.37
"3329",44239,0.52,"Ideal","H","VS2",61.8,56,1573,5.19,5.16,3.2
"3330",7841,1.13,"Ideal","E","SI2",62.4,56,4303,6.66,6.63,4.15
"3331",38627,0.31,"Good","H","VS2",63.1,57,489,4.28,4.31,2.71
"3332",51801,0.7,"Premium","H","VS2",60.7,59,2415,5.68,5.66,3.44
"3333",28331,0.33,"Ideal","F","VS2",61.6,55,666,4.45,4.48,2.75
"3334",20765,1.22,"Ideal","G","VS1",60.7,57,9002,6.93,6.94,4.21
"3335",40283,0.3,"Ideal","I","VVS2",62.5,54,495,4.27,4.31,2.68
"3336",38646,0.33,"Ideal","F","VVS2",61.4,56,1040,4.49,4.44,2.74
"3337",12732,1.16,"Good","H","SI1",64.2,58.6,5314,6.61,6.66,4.26
"3338",25513,1.58,"Very Good","F","VS2",59.9,61,14308,7.5,7.6,4.52
"3339",15346,1.01,"Good","E","VS1",65.8,55,6159,6.2,6.23,4.09
"3340",53752,0.72,"Ideal","F","VS2",60.3,56,2724,5.84,5.81,3.51
"3341",20567,1.51,"Ideal","I","VS2",62.9,57,8879,7.27,7.23,4.56
"3342",5930,1.12,"Premium","E","I1",61,59,3942,6.7,6.74,4.1
"3343",50424,0.83,"Very Good","G","SI2",63.1,61,2259,5.96,5.92,3.75
"3344",15834,1.19,"Ideal","G","SI1",62.3,55,6335,6.76,6.81,4.23
"3345",6294,1.15,"Very Good","J","SI2",63.6,57,4021,6.6,6.64,4.21
"3346",43690,0.5,"Very Good","D","SI1",58.5,60,1436,5.13,5.19,3.02
"3347",24471,1.51,"Premium","E","SI1",60.6,59,12738,7.45,7.41,4.5
"3348",37108,0.38,"Ideal","F","VS2",61.9,55,969,4.69,4.63,2.89
"3349",50509,0.54,"Ideal","G","IF",62.5,57,2271,5.16,5.2,3.24
"3350",29511,0.32,"Ideal","E","VS2",61.3,57,702,4.42,4.45,2.72
"3351",32622,0.3,"Ideal","I","VS1",62,57,457,4.26,4.29,2.65
"3352",34838,0.3,"Premium","G","VVS2",60.8,58,878,4.38,4.34,2.65
"3353",14993,1.01,"Ideal","F","SI1",62.7,54,6039,6.38,6.44,4.02
"3354",23321,1.55,"Good","H","VS2",61,61,11364,7.42,7.47,4.54
"3355",24997,2.2,"Ideal","I","SI2",62.2,56,13512,8.33,8.29,5.17
"3356",6207,1,"Premium","G","SI2",62.2,57,3998,6.29,6.25,3.9
"3357",26540,2,"Good","E","SI2",57.6,63,16206,8.2,8.16,4.73
"3358",6923,0.91,"Premium","E","SI1",61.9,61,4138,6.12,6.1,3.78
"3359",8382,0.35,"Ideal","F","SI1",62.5,54,583,4.5,4.52,2.82
"3360",47820,0.53,"Very Good","G","VVS1",60.3,54,1904,5.29,5.33,3.2
"3361",35750,0.3,"Premium","D","VS2",62.9,59,911,4.27,4.22,2.67
"3362",20145,1.2,"Premium","E","VS2",62.2,59,8602,6.82,6.78,4.23
"3363",6978,0.9,"Premium","G","VS2",61.1,58,4152,6.22,6.25,3.81
"3364",44846,0.52,"Ideal","F","VS2",61.2,56,1625,5.19,5.37,3.2
"3365",29033,0.31,"Ideal","H","VVS1",62.3,53,687,4.35,4.38,2.72
"3366",27410,2.09,"Premium","F","SI2",61.7,59,18002,8.23,8.21,5.07
"3367",53480,0.71,"Ideal","I","VS2",62.2,55,2681,5.71,5.73,3.56
"3368",21120,1.25,"Premium","G","VS1",60.7,56,9282,7.01,6.93,4.23
"3369",4125,1.01,"Fair","F","SI2",64.6,59,3540,6.19,6.25,4.2
"3370",24549,1.7,"Very Good","H","VS2",63.3,58,12833,7.48,7.56,4.76
"3371",24621,1.51,"Premium","G","VS1",62.4,60,12948,7.34,7.3,4.57
"3372",16201,1.26,"Ideal","H","SI1",61.7,58,6476,6.95,6.9,4.27
"3373",39709,0.58,"Ideal","J","SI1",61.5,55,1089,5.36,5.4,3.31
"3374",45594,0.52,"Ideal","D","VS2",62.1,57,1689,5.13,5.17,3.2
"3375",43344,0.51,"Ideal","F","SI1",62.9,56,1406,5.1,5.05,3.19
"3376",43856,0.55,"Ideal","G","VS2",62.4,56,1448,5.23,5.25,3.27
"3377",43233,0.5,"Very Good","E","VS2",63.2,56,1397,5.06,5.03,3.19
"3378",5669,1.13,"Premium","D","SI2",58.3,60,3883,6.83,6.78,3.97
"3379",38803,0.31,"Very Good","G","VVS1",63.1,56,1046,4.35,4.33,2.74
"3380",18627,1.01,"Ideal","F","VS1",62,57,7602,6.45,6.39,3.98
"3381",35675,0.41,"Ideal","F","SI1",60.5,56,909,4.81,4.84,2.92
"3382",39705,0.4,"Very Good","F","VS1",62.2,57.6,1089,4.74,4.76,2.96
"3383",19518,1.06,"Premium","G","VVS2",59.6,58,8149,6.65,6.61,3.95
"3384",47679,0.51,"Ideal","D","VS2",61.9,57,1882,5.13,5.11,3.17
"3385",3372,0.32,"Ideal","G","SI2",61.3,56,407,4.44,4.47,2.73
"3386",5997,0.91,"Premium","D","SI2",61.2,58,3958,6.21,6.25,3.81
"3387",4662,0.91,"Premium","H","SI1",62.2,60,3669,6.22,6.16,3.85
"3388",19147,1.2,"Very Good","D","SI1",62.6,59,7909,6.71,6.75,4.21
"3389",318,0.73,"Premium","F","VS2",62.7,58,2801,5.76,5.7,3.59
"3390",9109,1.04,"Ideal","E","SI1",62,57,4530,6.47,6.5,4.02
"3391",38762,0.43,"Ideal","I","IF",62.3,53,1046,4.82,4.9,3.02
"3392",13496,0.7,"Ideal","D","VVS2",61.4,56,5539,5.72,5.75,3.53
"3393",12474,0.77,"Ideal","E","VVS1",61.6,55,5251,5.87,5.95,3.64
"3394",14265,1.01,"Ideal","H","VS1",62.6,57,5777,6.37,6.4,4
"3395",51681,0.72,"Premium","H","SI1",61.5,56,2398,5.8,5.77,3.56
"3396",7121,1,"Ideal","H","VS2",62.4,57,4172,6.42,6.36,3.99
"3397",41100,0.38,"Ideal","F","IF",61,56,1193,4.68,4.7,2.86
"3398",44033,0.72,"Good","J","SI1",60.1,64,1547,5.75,5.83,3.48
"3399",20093,1.01,"Good","E","VVS2",63.9,58,8569,6.37,6.31,4.05
"3400",52621,0.32,"Very Good","D","SI1",62.9,56,550,4.38,4.4,2.76
"3401",26657,2,"Very Good","E","SI2",59.5,58,16462,8.17,8.27,4.89
"3402",25508,1.26,"Ideal","E","VVS2",61.1,57,14300,7,6.98,4.27
"3403",49706,0.6,"Ideal","G","VS1",61.1,57,2147,5.41,5.45,3.32
"3404",46771,0.66,"Premium","F","SI1",60.6,58,1802,5.69,5.63,3.43
"3405",31660,0.37,"Ideal","I","VVS1",60.6,57,768,4.63,4.66,2.81
"3406",48579,0.54,"Ideal","D","VS2",61.1,56,1993,5.29,5.25,3.22
"3407",45596,0.56,"Ideal","I","IF",61.9,54,1689,5.29,5.34,3.29
"3408",52495,0.51,"Ideal","E","VVS1",62.3,53.7,2524,5.1,5.12,3.19
"3409",12426,1.02,"Premium","H","VS2",61.8,58,5241,6.49,6.43,3.99
"3410",23916,1.02,"Ideal","E","VVS1",62.2,58,12035,6.42,6.44,4
"3411",10491,1.05,"Very Good","E","SI2",60.5,58,4797,6.55,6.6,3.98
"3412",39301,0.38,"Premium","E","VS1",60.7,59,1069,4.7,4.65,2.84
"3413",38016,0.39,"Premium","I","VVS2",63,56,1009,4.68,4.62,2.93
"3414",50662,0.31,"Good","E","SI1",63.2,59,544,4.28,4.33,2.72
"3415",37556,0.31,"Ideal","G","IF",61,56,988,4.38,4.37,2.67
"3416",408,0.31,"Very Good","F","SI1",61.8,58,555,4.32,4.35,2.68
"3417",28345,0.33,"Premium","G","VS1",59.2,59,666,4.51,4.54,2.68
"3418",13538,1.11,"Ideal","D","SI2",61.6,55,5547,6.62,6.66,4.09
"3419",26844,2.07,"Ideal","J","VVS2",62.7,54,16769,8.17,8.12,5.11
"3420",45023,0.54,"Ideal","H","VS1",62.7,57,1637,5.23,5.17,3.26
"3421",2249,1.03,"Good","J","SI2",64.1,62,3149,6.37,6.33,4.07
"3422",27879,0.42,"Ideal","I","SI1",62.3,54,654,4.82,4.84,3.01
"3423",28313,0.3,"Good","H","SI1",63.1,56,432,4.27,4.29,2.7
"3424",17157,1.24,"Premium","H","VS2",61.2,59,6850,6.89,6.93,4.23
"3425",13696,1,"Very Good","G","VS2",61.8,59,5600,6.29,6.37,3.91
"3426",21697,0.34,"Ideal","D","SI1",61.3,57,626,4.44,4.5,2.74
"3427",32433,0.41,"Premium","D","VS2",62.6,59,792,4.74,4.75,2.97
"3428",52807,0.71,"Premium","I","VVS1",62,58,2572,5.7,5.65,3.52
"3429",21054,0.31,"Premium","F","VS2",59.7,60,625,4.39,4.42,2.63
"3430",36916,0.41,"Premium","G","VS1",60.7,58,961,4.83,4.79,2.92
"3431",35776,0.42,"Very Good","D","VS1",58.4,61,912,4.91,4.95,2.88
"3432",18739,1.04,"Ideal","G","VS1",60.7,55,7655,6.57,6.61,4
"3433",34195,0.33,"Ideal","F","VS2",62.1,55,854,4.47,4.45,2.77
"3434",3787,1.01,"Very Good","J","SI2",63.5,59,3462,6.3,6.36,4.02
"3435",22789,1.2,"Ideal","G","VVS2",62.3,54,10812,6.82,6.86,4.26
"3436",529,0.7,"Good","E","VS1",57.2,59,2826,5.94,5.88,3.38
"3437",35482,0.31,"Ideal","F","VVS1",61.6,56,903,4.34,4.36,2.68
"3438",49992,0.57,"Ideal","E","VS1",61.8,55,2192,5.34,5.39,3.32
"3439",40634,0.41,"Ideal","E","VS1",62,55,1153,4.77,4.74,2.95
"3440",45609,0.5,"Ideal","F","VS2",62.7,56,1691,5.07,5.1,3.19
"3441",17658,1,"Premium","F","VS1",62.6,58,7114,6.37,6.4,4
"3442",27480,2.04,"Ideal","G","SI1",61.9,58,18153,8.12,8.16,5.04
"3443",669,0.77,"Premium","E","SI1",62.9,59,2846,5.84,5.79,3.66
"3444",33830,0.32,"Ideal","E","VVS2",61.4,54,843,4.44,4.45,2.73
"3445",35358,0.42,"Premium","D","SI2",60,61,898,4.89,4.85,2.92
"3446",8996,0.91,"Premium","G","VS1",60.9,54,4510,6.38,6.27,3.85
"3447",10744,1,"Very Good","F","SI1",61.4,62,4851,6.32,6.36,3.89
"3448",33409,0.28,"Premium","E","VVS1",62.9,52,828,4.21,4.18,2.64
"3449",27724,2.01,"Ideal","G","SI1",62.2,56,18741,8.02,7.97,4.97
"3450",50368,0.75,"Ideal","F","SI2",59.2,60,2248,5.87,5.92,3.49
"3451",47807,0.57,"Very Good","F","VVS2",62.6,58,1902,5.32,5.38,3.34
"3452",34702,0.43,"Ideal","I","VVS2",62.6,57,874,4.79,4.82,3.01
"3453",47310,0.26,"Ideal","H","SI1",62.2,54,397,4.1,4.13,2.56
"3454",23422,2,"Premium","F","SI2",61.5,59,11413,8.03,7.95,4.92
"3455",28312,0.3,"Good","H","SI1",63.3,56,432,4.27,4.29,2.71
"3456",44419,0.53,"Ideal","D","SI1",61.2,57,1587,5.19,5.24,3.19
"3457",26352,0.32,"Ideal","F","VS2",61.9,56,645,4.37,4.39,2.71
"3458",9810,1.21,"Good","F","SI2",63.7,64,4669,6.73,6.63,4.25
"3459",35793,0.32,"Ideal","F","VVS1",62.6,56,913,4.37,4.41,2.75
"3460",22394,1.55,"Premium","I","VS1",58.2,60,10416,7.69,7.59,4.45
"3461",6060,0.32,"Premium","I","VS2",62.2,59,576,4.37,4.35,2.71
"3462",35668,0.42,"Ideal","E","VS2",61.6,57,908,4.79,4.82,2.96
"3463",32815,0.34,"Ideal","E","VS1",62,56,805,4.48,4.52,2.79
"3464",50263,0.54,"Ideal","G","VVS1",62.2,56,2236,5.22,5.2,3.24
"3465",39778,0.36,"Ideal","D","VS2",61.5,57,1094,4.58,4.56,2.81
"3466",15307,1.24,"Premium","G","SI1",58.9,58,6145,7.08,6.98,4.14
"3467",30724,0.41,"Good","D","SI1",63.8,56,738,4.68,4.72,3
"3468",18622,1.01,"Ideal","E","VS2",62.5,54,7597,6.39,6.42,4
"3469",44641,0.24,"Very Good","D","VVS2",58.8,58,521,4.05,4.08,2.39
"3470",34118,0.31,"Ideal","E","VVS1",62.1,55,853,4.34,4.36,2.7
"3471",2127,0.9,"Premium","I","SI1",62.1,59,3121,6.19,6.15,3.83
"3472",41044,0.41,"Ideal","E","VVS2",61.4,57,1187,4.76,4.79,2.93
"3473",14012,1.02,"Very Good","F","SI1",63.7,56,5701,6.34,6.41,4.06
"3474",7648,1.01,"Premium","G","SI2",60.1,59,4269,6.45,6.39,3.86
"3475",41103,0.54,"Very Good","H","SI2",60.7,55,1194,5.31,5.34,3.23
"3476",24327,1.25,"Ideal","F","VVS1",62.2,56,12584,6.89,6.93,4.3
"3477",27383,0.41,"Very Good","F","SI2",60.8,58,647,4.78,4.83,2.92
"3478",45477,0.76,"Premium","G","SI2",58.8,59,1676,5.97,5.93,3.5
"3479",35400,0.39,"Very Good","E","VS1",60,59,900,4.76,4.8,2.87
"3480",41303,0.56,"Ideal","F","SI2",61.9,55,1212,5.27,5.31,3.28
"3481",21742,1.01,"Very Good","F","VVS1",61.4,58,9810,6.39,6.44,3.94
"3482",16725,0.38,"Ideal","I","SI1",61.7,56,610,4.64,4.67,2.87
"3483",38992,0.5,"Very Good","I","SI1",62.8,60,1054,5.04,5.08,3.18
"3484",50786,0.55,"Ideal","H","VVS1",61.6,55,2303,5.26,5.29,3.25
"3485",53427,0.7,"Ideal","F","VS2",61.8,54,2671,5.68,5.71,3.52
"3486",4665,0.71,"Very Good","D","VVS2",62.7,59,3670,5.64,5.69,3.55
"3487",17250,1.01,"Very Good","D","VS2",60.4,58,6905,6.47,6.57,3.94
"3488",16908,1.5,"Premium","J","SI2",61.4,61,6750,7.36,7.3,4.5
"3489",18054,0.3,"Ideal","I","IF",62,57,615,4.28,4.3,2.66
"3490",47046,0.5,"Very Good","D","VS2",63.3,57,1819,5.08,5.06,3.21
"3491",12753,1.2,"Very Good","G","SI2",62.9,54,5321,6.76,6.79,4.26
"3492",8289,0.74,"Ideal","F","IF",61.9,55,4383,5.79,5.84,3.6
"3493",3409,0.3,"Ideal","F","VS2",60.3,57,568,4.34,4.39,2.63
"3494",32982,0.37,"Ideal","E","VS2",61.2,57,811,4.58,4.64,2.82
"3495",22091,1.58,"Very Good","I","VS1",61.8,57,10112,7.5,7.56,4.64
"3496",30443,0.32,"Premium","H","VVS1",61.5,59,730,4.37,4.41,2.7
"3497",52215,0.79,"Very Good","G","SI2",62.4,56,2482,5.87,5.92,3.68
"3498",21828,1.52,"Good","H","SI1",63.8,60,9898,7.24,7.3,4.64
"3499",22690,0.3,"Very Good","G","VS1",62.5,59,629,4.32,4.25,2.68
"3500",46295,0.3,"Good","E","VS2",63.3,55,526,4.26,4.3,2.71
"3501",38017,0.39,"Premium","H","VS1",61.7,57,1009,4.68,4.65,2.88
"3502",37448,0.31,"Ideal","D","VVS1",60.4,56,984,4.38,4.43,2.66
"3503",35124,0.35,"Ideal","G","VVS1",61,56,887,4.56,4.59,2.79
"3504",36998,0.35,"Ideal","D","VS2",60.6,57,964,4.63,4.58,2.79
"3505",3747,0.3,"Ideal","F","VS1",61.3,55,570,4.32,4.36,2.66
"3506",48851,0.56,"Ideal","E","VS1",61.3,55,2032,5.32,5.29,3.25
"3507",50397,0.72,"Good","D","SI2",64.1,57,2254,5.64,5.71,3.64
"3508",50115,0.7,"Good","G","SI1",62.7,59,2209,5.57,5.63,3.51
"3509",24483,1.71,"Good","I","VS1",63.7,58,12755,7.58,7.54,4.81
"3510",28134,0.29,"Very Good","F","VVS1",62.3,58,664,4.22,4.25,2.64
"3511",42326,0.41,"Very Good","F","VVS1",58.9,58,1295,4.84,4.87,2.86
"3512",22524,1.64,"Ideal","I","VS2",62.5,56,10562,7.58,7.52,4.72
"3513",45811,0.63,"Ideal","G","SI1",62.3,58,1711,5.44,5.48,3.4
"3514",42990,0.48,"Fair","G","VVS2",65,54,1367,4.95,4.9,3.2
"3515",50309,0.31,"Ideal","E","SI1",62.4,57,544,4.31,4.34,2.7
"3516",11958,0.9,"Very Good","G","VS1",61.4,57,5135,6.2,6.24,3.82
"3517",12696,0.27,"Ideal","H","VS2",61.8,56,599,4.15,4.17,2.57
"3518",10804,1.06,"Premium","F","SI1",61.9,58,4862,6.58,6.53,4.06
"3519",17822,1.33,"Ideal","I","VS2",62.5,54,7186,7.02,7.05,4.4
"3520",13016,1.13,"Very Good","D","SI2",62.3,60,5408,6.59,6.7,4.14
"3521",49007,0.53,"Ideal","G","VVS2",61.7,56,2051,5.23,5.2,3.22
"3522",1500,0.69,"Very Good","F","VVS2",61.5,60,2993,5.64,5.67,3.48
"3523",38722,0.41,"Ideal","H","VVS1",62.7,54,1043,4.78,4.79,3
"3524",45711,0.56,"Ideal","G","VS2",60.6,57,1698,5.36,5.33,3.24
"3525",13291,1.21,"Ideal","J","SI1",62.7,55,5489,6.84,6.79,4.27
"3526",40269,0.33,"Very Good","G","SI1",61.1,59,492,4.42,4.45,2.71
"3527",1818,0.9,"Very Good","I","SI2",61.5,61,3057,6.13,6.16,3.78
"3528",41965,0.23,"Very Good","E","VVS2",62.7,55,505,3.9,3.95,2.46
"3529",39689,0.4,"Ideal","F","VVS2",61.7,55,1088,4.74,4.76,2.93
"3530",48884,0.73,"Premium","J","VS1",61.3,61,2037,5.83,5.78,3.56
"3531",751,1,"Fair","H","SI2",66.1,56,2856,6.21,5.97,4.04
"3532",37089,0.41,"Ideal","E","SI1",62.5,57,969,4.79,4.74,2.98
"3533",30865,0.33,"Ideal","G","VS2",62.2,56,743,4.44,4.43,2.76
"3534",35271,0.3,"Ideal","E","VVS1",61.5,57,895,4.33,4.35,2.67
"3535",13518,1,"Premium","F","SI1",61.9,60,5544,6.34,6.39,3.94
"3536",29930,0.5,"Fair","F","I1",63.8,58,713,5.08,4.97,3.21
"3537",21867,1.24,"Premium","F","VS1",58,58,9930,7.16,7.02,4.11
"3538",32243,0.31,"Ideal","H","IF",61.3,56,789,4.37,4.41,2.69
"3539",24719,0.38,"Very Good","E","SI1",58.3,61,640,4.75,4.86,2.8
"3540",21839,1.7,"Ideal","I","SI1",62.9,57,9901,7.57,7.5,4.74
"3541",43633,0.43,"Ideal","E","VVS1",61.3,57,1433,4.84,4.88,2.98
"3542",8168,0.8,"Ideal","F","VS1",62.2,56,4362,5.93,5.96,3.7
"3543",21718,0.32,"Ideal","H","VVS2",61.5,55,628,4.41,4.44,2.72
"3544",27929,0.38,"Ideal","E","SI1",61.7,58,658,4.71,4.63,2.88
"3545",9062,1,"Fair","E","SI2",65.2,59,4516,6.28,6.27,4.09
"3546",48896,0.56,"Very Good","E","VVS2",62.1,58,2040,5.27,5.33,3.3
"3547",22416,1.71,"Ideal","I","SI2",61.1,55,10438,7.78,7.73,4.74
"3548",42444,0.55,"Premium","I","VS2",61.7,55,1314,5.35,5.29,3.28
"3549",43138,0.56,"Ideal","H","VS2",60.9,57,1388,5.32,5.36,3.25
"3550",16654,1.53,"Fair","J","VS2",64.7,58,6659,7.24,7.22,4.68
"3551",42045,0.51,"Good","D","SI2",63.9,55,1268,5.1,5.04,3.24
"3552",27170,2.01,"Premium","I","VS2",61.1,60,17433,8.06,8.12,4.94
"3553",43272,0.3,"Very Good","I","SI1",63.3,59,506,4.25,4.22,2.68
"3554",16861,1,"Premium","G","VS1",62.4,59,6727,6.4,6.35,3.98
"3555",3366,0.25,"Very Good","G","VS2",61.9,57,407,4.05,4.08,2.51
"3556",8403,0.9,"Very Good","G","SI1",62.9,54,4401,6.14,6.16,3.87
"3557",24835,2.02,"Premium","H","SI1",61.4,61,13229,8.09,8.03,4.95
"3558",18972,1.56,"Ideal","J","VS2",62.4,57,7809,7.39,7.46,4.63
"3559",15131,1.01,"Very Good","F","VS2",62.5,56,6083,6.4,6.44,4.01
"3560",17140,1.24,"Premium","D","SI2",61.4,59,6840,6.87,6.91,4.23
"3561",39068,0.4,"Ideal","G","VVS1",61.8,53,1059,4.75,4.77,2.94
"3562",46649,0.3,"Very Good","G","VS2",63,55,526,4.29,4.31,2.71
"3563",14998,1.35,"Very Good","I","SI2",61,60,6041,7.09,7.15,4.34
"3564",42520,0.5,"Fair","D","SI1",64.6,58,1323,5,4.97,3.22
"3565",4212,0.73,"Very Good","G","VVS1",60.2,61,3567,5.83,5.89,3.53
"3566",18082,1.01,"Good","G","VVS2",58.2,55,7306,6.65,6.68,3.88
"3567",22673,1.26,"Ideal","G","VVS1",62.1,57,10720,6.91,7.01,4.32
"3568",10632,1.15,"Ideal","H","SI2",62,57,4830,6.75,6.66,4.16
"3569",8423,1.05,"Ideal","J","SI1",61.5,55,4405,6.53,6.57,4.03
"3570",31147,0.41,"Good","H","VS2",63.4,58,755,4.77,4.66,2.99
"3571",1077,0.31,"Premium","H","SI1",62.4,57,558,4.35,4.31,2.7
"3572",45845,0.5,"Very Good","G","VVS2",62.2,61,1715,5.07,5.09,3.16
"3573",3806,0.72,"Ideal","E","VS1",62.5,57,3465,5.73,5.76,3.59
"3574",30476,0.31,"Premium","I","VVS1",61,58,732,4.39,4.33,2.66
"3575",1923,0.71,"Premium","F","VS1",58.6,62,3082,5.88,5.82,3.43
"3576",12608,1.21,"Good","I","VS2",63.4,57,5290,6.72,6.79,4.28
"3577",31174,0.4,"Very Good","F","SI1",62.1,60,756,4.66,4.7,2.91
"3578",10973,1.24,"Premium","F","SI2",62.7,59,4907,6.83,6.77,4.26
"3579",15747,1.21,"Good","J","IF",62.1,60,6299,6.81,6.87,4.25
"3580",27053,0.31,"Ideal","H","VS2",61.4,56,646,4.38,4.42,2.7
"3581",4008,0.9,"Very Good","F","SI2",61.4,57,3519,6.21,6.24,3.82
"3582",11643,1.13,"Very Good","E","SI2",60.3,58,5052,6.78,6.86,4.11
"3583",14374,0.3,"Premium","G","VS1",60,60,605,4.3,4.33,2.59
"3584",25764,1.5,"Premium","F","VS2",61.5,58,14719,7.34,7.32,4.51
"3585",52808,0.71,"Very Good","I","VVS1",63.4,57,2572,5.71,5.67,3.61
"3586",26162,2,"Premium","G","SI2",60.1,62,15485,8.07,8,4.83
"3587",40809,0.51,"Very Good","H","SI1",62,57,1170,5.11,5.19,3.19
"3588",39315,0.51,"Very Good","F","SI2",62.7,56,1070,5.06,5.08,3.18
"3589",32425,0.32,"Very Good","E","VS1",61.1,59.8,792,4.43,4.45,2.71
"3590",19409,1.5,"Premium","E","SI2",61.5,59,8064,7.3,7.23,4.47
"3591",32723,0.31,"Ideal","F","VS2",62.7,57,802,4.34,4.3,2.71
"3592",53660,0.73,"Ideal","D","SI2",62.4,56,2707,5.77,5.74,3.59
"3593",37322,0.32,"Premium","H","IF",61.8,58,979,4.39,4.35,2.7
"3594",38537,0.34,"Ideal","D","VS2",60.6,57,1033,4.53,4.51,2.74
"3595",27077,1.5,"Premium","F","VVS2",58.8,58,17203,7.51,7.43,4.39
"3596",19617,1.23,"Ideal","G","VS2",62.4,57,8233,6.88,6.83,4.28
"3597",2167,0.82,"Ideal","E","SI2",62.6,55,3131,5.94,5.98,3.73
"3598",2983,1,"Very Good","E","I1",63,57,3300,6.32,6.35,3.99
"3599",33873,0.3,"Ideal","E","VS2",62,56,844,4.34,4.3,2.68
"3600",3211,0.83,"Premium","D","SI1",62.2,60,3347,6.01,5.98,3.73
"3601",24438,2.12,"Premium","H","SI2",62.3,58,12693,8.25,8.16,5.12
"3602",25741,1.51,"Very Good","F","VS1",59.6,63,14673,7.34,7.43,4.4
"3603",48955,0.7,"Very Good","H","SI1",63,55,2048,5.59,5.64,3.54
"3604",19021,0.3,"Very Good","E","VS1",63.6,54,620,4.28,4.33,2.74
"3605",20572,1.21,"Very Good","E","VS2",61.5,59,8886,6.82,6.88,4.21
"3606",32397,0.31,"Ideal","E","VVS2",61.3,55,791,4.35,4.39,2.68
"3607",48935,0.57,"Ideal","D","VS1",61.6,55,2043,5.33,5.39,3.3
"3608",46937,0.52,"Ideal","E","VS2",61.1,57,1815,5.2,5.18,3.17
"3609",2695,0.9,"Good","G","SI2",63.8,59,3246,6.05,6.02,3.85
"3610",14598,1.06,"Premium","H","VS2",62.6,58,5889,6.54,6.49,4.08
"3611",6991,0.9,"Very Good","H","VS2",61.8,56,4155,6.18,6.25,3.84
"3612",53356,0.8,"Ideal","G","SI2",62.2,57,2657,5.93,5.96,3.7
"3613",31323,0.32,"Ideal","D","VS2",60.5,56,758,4.45,4.48,2.7
"3614",2506,0.71,"Ideal","F","VS1",62.6,57,3199,5.7,5.73,3.58
"3615",29837,0.24,"Premium","D","VVS1",61.5,60,710,4,3.97,2.45
"3616",5057,0.3,"Ideal","D","SI2",60.2,56,574,4.4,4.37,2.64
"3617",6905,0.9,"Good","G","VS2",64.4,62,4135,5.97,6.02,3.86
"3618",39866,0.5,"Good","E","SI2",58.3,58,1101,5.23,5.2,3.04
"3619",49273,0.54,"Ideal","G","VVS2",61.5,54,2090,5.26,5.24,3.23
"3620",6653,0.9,"Very Good","E","SI1",63.1,60,4092,6.18,6.14,3.89
"3621",35006,0.42,"Premium","G","SI1",62.7,58,882,4.79,4.75,2.99
"3622",31470,0.34,"Premium","H","VS1",61.4,59,765,4.53,4.5,2.77
"3623",7048,1.03,"Ideal","I","SI2",62.3,59,4162,6.39,6.45,4
"3624",37253,0.32,"Ideal","D","VS1",61.2,55,977,4.41,4.45,2.71
"3625",20055,0.31,"Ideal","H","VVS2",62.6,56,625,4.32,4.37,2.72
"3626",31153,0.41,"Premium","F","SI1",61.8,58,755,4.75,4.76,2.94
"3627",30885,0.33,"Ideal","E","SI1",62.5,55,743,4.45,4.42,2.77
"3628",43313,0.55,"Ideal","H","VS2",61.8,54,1402,5.28,5.3,3.27
"3629",27603,2.16,"Ideal","J","VS1",61.4,55,18462,8.34,8.27,5.1
"3630",52190,0.7,"Ideal","G","SI1",62.4,56,2478,5.66,5.69,3.54
"3631",37184,0.46,"Fair","I","VS1",65.6,57,972,4.85,4.82,3.17
"3632",5346,0.53,"Ideal","D","IF",62.2,55,3812,5.17,5.19,3.22
"3633",42186,0.5,"Ideal","G","SI1",62.1,56,1286,5.09,5.05,3.15
"3634",18503,1.02,"Premium","F","VS1",60.8,59,7539,6.46,6.49,3.94
"3635",34684,0.4,"Ideal","G","SI1",60.9,55,873,4.8,4.78,2.92
"3636",11146,1.04,"Ideal","I","SI1",61.9,54,4941,6.51,6.57,4.05
"3637",33490,0.32,"Ideal","F","VS2",62.3,56,828,4.4,4.37,2.73
"3638",50829,0.74,"Ideal","G","SI1",62.7,56,2309,5.78,5.74,3.61
"3639",16474,1.02,"Very Good","E","VS2",63.3,57,6582,6.37,6.43,4.05
"3640",25340,2.3,"Premium","H","SI2",60.6,59,14042,8.4,8.37,5.08
"3641",21589,1.23,"Very Good","F","VS1",59.1,58,9694,7.06,7.09,4.18
"3642",1440,0.71,"Ideal","G","VS2",59.5,57,2974,5.81,5.8,3.46
"3643",35342,0.42,"Ideal","H","SI1",62.2,57,898,4.8,4.78,2.98
"3644",21607,1.77,"Premium","J","SI1",61.3,59,9704,7.83,7.71,4.76
"3645",14386,0.3,"Premium","H","VVS2",62.4,58,605,4.26,4.3,2.67
"3646",28138,0.42,"Ideal","J","VS1",61.4,55,664,4.83,4.85,2.97
"3647",21988,1.2,"Premium","E","VS1",60.7,57,10053,6.89,6.81,4.16
"3648",31840,0.34,"Ideal","H","VVS1",62,54,775,4.46,4.48,2.77
"3649",39526,0.4,"Premium","I","VVS1",59.5,59,1080,4.79,4.76,2.84
"3650",9268,0.9,"Premium","E","VS2",63,57,4562,6.15,6.07,3.85
"3651",18789,1.08,"Premium","D","VS2",61.2,60,7683,6.61,6.63,4.05
"3652",11391,0.34,"Ideal","E","SI1",62.3,57,596,4.48,4.51,2.8
"3653",7142,1.11,"Premium","E","SI2",61.6,61,4177,6.66,6.61,4.09
"3654",45526,0.57,"Ideal","D","SI1",61.4,55,1684,5.34,5.35,3.28
"3655",28758,0.31,"Ideal","E","VS2",61.8,55,680,4.37,4.4,2.71
"3656",34526,0.33,"Ideal","G","VVS1",60.8,56,868,4.42,4.46,2.7
"3657",14509,1.01,"Premium","D","SI1",61.5,59,5860,6.46,6.39,3.95
"3658",53896,0.7,"Good","F","VS1",57.8,61,2751,5.83,5.79,3.36
"3659",21373,0.34,"Very Good","D","SI1",62,59,626,4.42,4.48,2.76
"3660",31441,0.33,"Ideal","F","VS1",62.8,55,765,4.41,4.45,2.78
"3661",6038,0.33,"Ideal","D","SI1",62.2,54,575,4.45,4.46,2.77
"3662",3952,0.71,"Ideal","G","VVS2",61.5,56,3504,5.74,5.69,3.52
"3663",2976,0.71,"Ideal","G","VS2",61.8,56,3299,5.68,5.72,3.52
"3664",9284,1.04,"Ideal","G","SI2",60.4,58,4566,6.56,6.62,3.98
"3665",32779,0.34,"Premium","D","SI1",62,56,803,4.47,4.43,2.76
"3666",1301,0.72,"Premium","E","VS2",61.1,59,2954,5.75,5.8,3.53
"3667",374,0.81,"Very Good","F","SI1",63.1,59,2809,5.85,5.79,3.67
"3668",2441,0.7,"Ideal","H","VS1",61.7,57,3185,5.66,5.7,3.5
"3669",22968,1.59,"Very Good","I","VS1",61.2,57.8,11018,7.5,7.52,4.6
"3670",13768,1.31,"Premium","I","SI2",63,58,5612,6.97,6.93,4.38
"3671",9667,1.35,"Ideal","G","I1",62.5,57,4643,7.04,7.01,4.39
"3672",39698,0.42,"Good","F","VS1",59.9,65,1088,4.83,4.89,2.91
"3673",31346,0.27,"Ideal","E","VVS2",60.2,55,760,4.24,4.27,2.56
"3674",3915,0.74,"Ideal","G","VVS2",60.9,58,3495,5.85,5.88,3.57
"3675",47342,0.5,"Ideal","D","VS2",62.3,55,1845,5.11,5.07,3.17
"3676",32282,0.26,"Very Good","F","VS1",60.5,59,453,4.12,4.18,2.51
"3677",38730,0.4,"Ideal","G","VVS1",62.3,54,1043,4.75,4.76,2.96
"3678",19317,1.01,"Ideal","G","VVS2",61.1,57,8029,6.49,6.54,3.98
"3679",49334,0.79,"Good","I","SI1",63.9,55,2095,5.85,5.8,3.72
"3680",34895,0.43,"Ideal","G","VS1",61.2,57,880,4.83,4.88,2.97
"3681",17186,1.11,"Premium","F","VS2",62.7,59,6863,6.58,6.62,4.14
"3682",53606,0.7,"Ideal","F","VVS2",61.9,55,2701,5.72,5.68,3.53
"3683",43093,0.52,"Very Good","E","SI1",58.4,58,1382,5.29,5.33,3.1
"3684",19126,1.51,"Very Good","I","SI1",63.1,56,7891,7.28,7.33,4.61
"3685",2383,0.32,"Very Good","H","VS1",62.8,58,561,4.35,4.37,2.74
"3686",34586,0.35,"Ideal","F","VVS2",61.2,56,872,4.56,4.58,2.8
"3687",6656,1.02,"Good","H","SI1",57.1,61,4093,6.57,6.66,3.78
"3688",471,0.7,"Premium","F","VS2",61.8,60,2818,5.69,5.64,3.5
"3689",4204,0.78,"Very Good","E","VS1",61,55,3564,5.94,5.96,3.63
"3690",2622,0.74,"Ideal","F","VS1",62.3,56,3226,5.76,5.79,3.6
"3691",16357,0.3,"Premium","H","VS2",62.5,59,608,4.28,4.23,2.66
"3692",28470,0.32,"Ideal","H","VS1",62.1,55,672,4.4,4.39,2.73
"3693",47392,0.54,"Ideal","E","VS2",60.8,57,1847,5.29,5.24,3.2
"3694",36961,0.41,"Premium","G","VS1",61.7,57,961,4.78,4.75,2.94
"3695",14069,0.3,"Very Good","F","VS2",62.8,56,605,4.29,4.31,2.7
"3696",47456,0.53,"Ideal","D","VS2",60.2,57,1857,5.24,5.26,3.16
"3697",49952,0.3,"Premium","H","SI1",61.6,62,540,4.3,4.24,2.63
"3698",2365,0.7,"Good","E","VS1",63.6,58,3175,5.67,5.62,3.59
"3699",17384,0.34,"Premium","E","SI2",62.5,59,612,4.46,4.43,2.78
"3700",50751,0.7,"Very Good","E","SI2",61.5,56,2298,5.71,5.73,3.52
"3701",44376,0.6,"Ideal","F","SI1",61.5,55,1580,5.49,5.44,3.36
"3702",36255,0.41,"Ideal","E","VS2",62.3,56,935,4.74,4.77,2.96
"3703",6759,0.91,"Very Good","G","VS2",64,56.6,4105,6.09,6.15,3.92
"3704",9469,1.07,"Ideal","J","VS2",61.6,56.3,4602,6.55,6.59,4.04
"3705",36956,0.33,"Ideal","I","VS2",61.4,56,480,4.45,4.48,2.74
"3706",38612,0.31,"Premium","J","VS2",62.3,60,488,4.34,4.29,2.69
"3707",14809,1.21,"Premium","I","VS2",62.3,58,5962,6.82,6.79,4.24
"3708",35573,0.35,"Ideal","F","VS2",61.4,56,906,4.56,4.53,2.79
"3709",13194,1.16,"Premium","H","SI1",61.2,58,5454,6.76,6.81,4.15
"3710",34173,0.33,"Premium","G","VS1",61.3,58,854,4.46,4.42,2.72
"3711",32655,0.31,"Premium","H","VVS2",62.3,60,802,4.36,4.31,2.7
"3712",20875,1.06,"Ideal","E","VS2",61.3,57,9092,6.54,6.57,4.02
"3713",34078,0.34,"Ideal","H","VVS2",61.1,56,852,4.52,4.55,2.77
"3714",22079,1.75,"Very Good","I","SI2",61.2,57,10098,7.71,7.76,4.73
"3715",14489,1.15,"Premium","G","SI1",62.6,58,5851,6.71,6.65,4.18
"3716",48451,0.55,"Very Good","D","VS2",58.5,58.4,1975,5.39,5.42,3.16
"3717",40898,0.41,"Ideal","D","VS2",59.7,57,1177,4.87,4.84,2.9
"3718",35979,0.42,"Very Good","H","VVS2",62.4,57,921,4.78,4.83,3
"3719",20843,1.51,"Very Good","G","SI2",62.4,56,9069,7.25,7.29,4.54
"3720",193,0.7,"Premium","E","VS2",61.1,60,2777,5.71,5.64,3.47
"3721",52544,0.77,"Very Good","J","VVS1",62.8,58,2532,5.78,5.84,3.65
"3722",33191,0.34,"Very Good","G","VVS1",60.9,57,819,4.53,4.56,2.76
"3723",36024,0.35,"Ideal","G","VS1",61.1,56,923,4.55,4.58,2.79
"3724",12390,0.28,"Ideal","F","VS1",62,57,598,4.19,4.23,2.61
"3725",2305,0.78,"Good","F","VS1",64,54,3163,5.86,5.82,3.74
"3726",19547,1.5,"Good","F","SI2",59.7,61,8181,7.39,7.44,4.43
"3727",7599,1.06,"Good","E","SI2",58.8,61,4257,6.63,6.67,3.91
"3728",46364,0.57,"Premium","F","VS2",62,54,1760,5.34,5.31,3.3
"3729",3698,1.04,"Very Good","I","SI2",61.6,58,3449,6.47,6.58,4.02
"3730",9993,1,"Premium","F","SI1",60.3,61,4704,6.43,6.38,3.86
"3731",11793,0.9,"Premium","F","VS1",62.7,58,5088,6.14,6.17,3.86
"3732",53812,0.52,"Ideal","F","IF",61.7,57,2733,5.13,5.17,3.18
"3733",178,0.72,"Very Good","G","VS2",63.7,56.4,2776,5.62,5.69,3.61
"3734",11859,1.05,"Ideal","D","SI1",60,55,5104,6.66,6.61,3.98
"3735",50060,0.57,"Ideal","E","VS2",61,54,2202,5.39,5.43,3.3
"3736",48650,0.34,"Good","H","VS2",63.7,57,537,4.42,4.44,2.82
"3737",15273,1.12,"Very Good","D","SI1",59.9,57,6132,6.76,6.8,4.06
"3738",33014,0.3,"Very Good","F","VVS1",62.6,56,814,4.27,4.29,2.68
"3739",18957,1.53,"Very Good","I","SI1",63.1,56,7797,7.32,7.26,4.6
"3740",24495,2.23,"Premium","J","SI2",60.5,61,12770,8.47,8.4,5.1
"3741",40136,0.41,"Ideal","H","VVS1",62.2,57,1115,4.78,4.74,2.96
"3742",17348,1.12,"Ideal","H","SI1",61.6,56,6962,6.64,6.68,4.11
"3743",42026,0.53,"Very Good","G","SI1",62.5,55,1267,5.12,5.24,3.24
"3744",33257,0.32,"Ideal","E","VS1",62.3,54,825,4.37,4.4,2.73
"3745",49991,0.5,"Ideal","E","VS1",61.7,57,2192,5.11,5.13,3.16
"3746",42897,0.53,"Ideal","F","SI1",61.9,55,1360,5.19,5.21,3.22
"3747",2579,0.81,"Premium","E","SI1",60.8,59,3213,5.99,5.95,3.63
"3748",52746,0.71,"Ideal","H","VS2",61.7,55,2559,5.73,5.77,3.55
"3749",22996,1.55,"Premium","H","VS2",60.4,60,11048,7.39,7.44,4.48
"3750",40545,0.55,"Very Good","I","SI1",63.6,57,1149,5.15,5.19,3.29
"3751",28576,0.3,"Very Good","H","VS1",63.1,57,675,4.26,4.24,2.68
"3752",7769,0.91,"Good","G","VS1",63.2,58,4284,6.07,6.15,3.86
"3753",39083,0.31,"Premium","E","IF",61,59,1060,4.36,4.39,2.67
"3754",51529,0.83,"Ideal","F","SI2",59.5,57,2386,6.13,6.1,3.64
"3755",46886,0.7,"Premium","G","SI2",62.5,62,1814,5.58,5.56,3.48
"3756",29877,0.3,"Ideal","D","VS2",62.3,56,710,4.27,4.3,2.67
"3757",53571,0.7,"Premium","E","VS2",60.9,59,2697,5.71,5.68,3.47
"3758",28232,0.33,"Ideal","G","VS1",62.3,54,666,4.45,4.48,2.78
"3759",25784,1.5,"Ideal","F","VS2",62.6,57,14759,7.27,7.34,4.57
"3760",25080,2.01,"Premium","H","VS2",62.6,59,13599,8.02,7.88,4.98
"3761",15268,1.2,"Premium","H","SI1",62.9,56,6129,6.8,6.74,4.26
"3762",44457,0.5,"Very Good","G","VS1",62.9,55,1592,5.06,5.09,3.19
"3763",43580,0.41,"Ideal","E","VVS1",61.3,55,1431,4.8,4.76,2.93
"3764",19914,1.28,"Premium","G","VS2",61.4,58,8458,7,6.92,4.27
"3765",49277,0.54,"Ideal","G","VVS2",61.4,55,2090,5.3,5.22,3.23
"3766",4858,0.71,"Ideal","F","VS1",61.4,57,3710,5.72,5.73,3.52
"3767",31573,0.31,"Ideal","E","VVS2",61.9,54,767,4.38,4.41,2.72
"3768",23087,1.75,"Ideal","F","SI2",62.9,57,11113,7.71,7.59,4.81
"3769",24581,2.48,"Ideal","I","SI2",62.3,57,12883,8.64,8.58,5.36
"3770",4887,0.75,"Very Good","E","VS2",63,57,3718,5.81,5.78,3.65
"3771",42710,0.56,"Premium","G","SI1",60.2,59,1340,5.34,5.36,3.22
"3772",49350,0.7,"Ideal","J","SI1",60.3,57,2096,5.75,5.79,3.48
"3773",294,0.72,"Ideal","G","VS2",61.9,58,2797,5.72,5.75,3.55
"3774",6205,1.19,"Premium","H","SI2",61.5,58,3998,6.88,6.78,4.2
"3775",45949,0.56,"Ideal","D","SI1",61.2,56,1723,5.31,5.34,3.26
"3776",29081,0.41,"Very Good","D","SI1",64.1,54,689,4.72,4.74,3.03
"3777",23845,1.6,"Premium","G","SI1",62.2,58,11926,7.5,7.44,4.65
"3778",8810,1.08,"Ideal","I","SI1",61.4,57,4476,6.67,6.62,4.08
"3779",3801,1,"Ideal","J","SI2",62.1,56,3465,6.34,6.41,3.96
"3780",53794,1.01,"Very Good","I","SI1",63.3,59,2730,6.26,6.22,3.95
"3781",47550,0.52,"Ideal","F","VS1",62.3,55,1872,5.21,5.16,3.23
"3782",10710,1.64,"Fair","G","I1",64.5,60,4849,7.44,7.35,4.76
"3783",38714,0.33,"Ideal","F","IF",61.5,55,1042,4.44,4.47,2.74
"3784",30643,0.41,"Fair","I","VS1",65.3,58,735,4.62,4.66,3.03
"3785",28644,0.33,"Premium","I","SI1",60.4,59,434,4.5,4.54,2.73
"3786",31386,0.31,"Very Good","E","VVS1",61.2,61,763,4.33,4.36,2.66
"3787",740,0.33,"Premium","G","SI2",59.4,59,557,4.52,4.5,2.68
"3788",51383,0.71,"Very Good","H","VS2",61.8,58,2368,5.66,5.7,3.51
"3789",22037,0.31,"Premium","H","VS2",59.7,61,628,4.42,4.39,2.63
"3790",29303,0.3,"Ideal","I","VS2",62.1,54,438,4.32,4.35,2.69
"3791",41510,0.54,"Very Good","H","SI1",61.6,56,1235,5.21,5.24,3.22
"3792",9755,0.94,"Premium","E","SI1",62,58,4661,6.24,6.27,3.88
"3793",39130,0.41,"Premium","G","VS2",61.4,59,1061,4.79,4.75,2.93
"3794",10540,1,"Ideal","E","SI2",62.9,55,4808,6.38,6.41,4.02
"3795",17625,1.39,"Good","F","SI2",63.8,55,7096,7.08,7.05,4.51
"3796",9717,0.3,"Ideal","H","VVS2",62.4,56,590,4.28,4.31,2.68
"3797",22370,0.31,"Premium","H","VS2",62.2,58,628,4.34,4.31,2.69
"3798",46450,0.96,"Fair","H","I1",68.9,59,1773,6.09,5.96,4.15
"3799",25478,1.51,"Ideal","F","VS2",62.4,56,14247,7.38,7.31,4.58
"3800",1221,0.8,"Premium","E","SI2",59.9,58,2939,6.03,5.96,3.59
"3801",236,0.7,"Very Good","H","VVS1",60.5,60,2788,5.74,5.77,3.48
"3802",20365,1.41,"Premium","G","SI1",59.5,59,8758,7.35,7.3,4.36
"3803",49144,0.58,"Ideal","D","VS1",61.4,57,2067,5.41,5.34,3.3
"3804",36868,0.42,"Ideal","E","VS2",62,55,958,4.8,4.82,2.98
"3805",34080,0.36,"Ideal","E","VS1",61.7,56,852,4.56,4.58,2.82
"3806",29648,0.35,"Ideal","F","VS2",62.6,56,706,4.49,4.52,2.82
"3807",8248,1.04,"Very Good","G","SI2",62.6,58,4375,6.42,6.49,4.04
"3808",17450,1.31,"Ideal","I","VS2",61.7,55,6999,7.1,7,4.35
"3809",18837,1.53,"Ideal","J","SI1",62.2,58,7721,7.35,7.37,4.58
"3810",46335,0.58,"Premium","I","VVS1",62.6,59,1758,5.31,5.27,3.31
"3811",38373,0.42,"Ideal","G","VVS1",60.9,55,1023,4.83,4.89,2.96
"3812",30483,0.31,"Premium","D","SI1",60,61,732,4.43,4.41,2.65
"3813",23081,2,"Premium","H","SI2",61.4,59,11108,8.07,8,4.93
"3814",2805,0.91,"Premium","G","SI1",62.5,56,3262,6.3,6.18,3.9
"3815",21875,1.21,"Very Good","G","VVS2",59.3,58,9942,7.01,7.05,4.17
"3816",27487,1.7,"Very Good","E","VS2",58.6,62,18176,7.84,7.92,4.62
"3817",21192,1.5,"Very Good","I","VS2",59.4,61,9342,7.41,7.45,4.41
"3818",6882,1.16,"Good","F","SI2",60.8,65,4131,6.78,6.75,4.11
"3819",43638,0.38,"Ideal","E","IF",61.1,56,1433,4.67,4.72,2.87
"3820",25315,1.08,"Ideal","E","VVS1",61.5,58,13994,6.57,6.64,4.06
"3821",31956,0.31,"Ideal","I","VS2",61.4,55,452,4.35,4.41,2.69
"3822",41039,0.41,"Ideal","E","VVS2",62,56,1187,4.72,4.76,2.94
"3823",25744,1.51,"Ideal","G","VS1",61.6,56,14674,7.37,7.34,4.53
"3824",10425,1.24,"Ideal","J","SI2",60.1,57,4783,7.02,6.98,4.21
"3825",2109,0.92,"Fair","F","SI1",64.9,58,3117,6.1,6.04,3.94
"3826",47883,0.6,"Very Good","G","VS1",61.6,56,1912,5.4,5.44,3.34
"3827",34756,0.41,"Premium","H","SI1",60.5,58,876,4.85,4.81,2.92
"3828",42955,0.3,"Very Good","J","VS1",63.5,58,506,4.27,4.24,2.7
"3829",11148,1.11,"Premium","I","VS2",60.4,58,4942,6.79,6.73,4.08
"3830",43700,0.5,"Good","D","SI1",63.6,58,1436,5.05,5.08,3.22
"3831",26310,2.02,"Premium","I","VS2",62.9,59,15808,8.03,7.93,5.02
"3832",20114,1.52,"Premium","J","VS1",62.2,59,8580,7.38,7.32,4.57
"3833",21070,1.03,"Ideal","F","VVS2",62,56,9245,6.45,6.48,4.01
"3834",8023,1.19,"Premium","H","SI2",61.9,58,4332,6.84,6.77,4.21
"3835",8928,1.11,"Ideal","J","SI1",62.4,57,4497,6.57,6.6,4.11
"3836",8005,1.01,"Premium","G","SI2",62.5,60,4327,6.39,6.34,3.98
"3837",30428,0.32,"Very Good","G","VVS2",60.9,61,730,4.39,4.41,2.68
"3838",3417,0.3,"Very Good","D","VS2",61,57,568,4.32,4.34,2.64
"3839",7915,0.9,"Very Good","E","SI1",63,56,4315,6.11,6.15,3.86
"3840",37783,0.38,"Premium","E","VS1",60.7,59,1000,4.65,4.7,2.84
"3841",21096,1.19,"Premium","E","VS1",59.8,58,9263,7.01,6.94,4.17
"3842",25111,1.5,"Good","E","VS2",63.7,56,13653,7.18,7.16,4.57
"3843",2592,1,"Very Good","I","SI2",62.4,63,3217,6.35,6.44,3.99
"3844",39908,0.5,"Very Good","E","SI2",60.6,59,1104,5.07,5.12,3.09
"3845",34600,0.27,"Very Good","F","VS2",63.3,58,470,4.08,4.1,2.59
"3846",53923,0.7,"Very Good","D","VS1",63.1,59,2755,5.67,5.58,3.55
"3847",39242,0.42,"Ideal","H","VVS1",62.4,55,1068,4.79,4.8,2.99
"3848",19674,1.09,"Ideal","G","VVS2",62.5,56,8282,6.54,6.58,4.1
"3849",12630,1,"Ideal","F","SI1",62,57,5292,6.43,6.37,3.97
"3850",15062,1,"Good","E","VS2",57.4,58,6050,6.57,6.61,3.78
"3851",33723,0.42,"Very Good","D","SI2",63.2,57,838,4.77,4.75,3.01
"3852",31279,0.32,"Good","I","VS2",63.4,55,449,4.33,4.37,2.76
"3853",1537,0.9,"Premium","I","SI2",60.6,60,3001,6.23,6.28,3.79
"3854",27538,2.01,"Ideal","H","SI1",62.1,55,18295,8.12,8.07,5.03
"3855",30563,0.31,"Ideal","D","VS2",62.2,54,734,4.31,4.34,2.69
"3856",1029,0.7,"Very Good","E","VS1",58.4,59,2904,5.83,5.91,3.43
"3857",44921,0.56,"Ideal","G","SI1",62,57,1631,5.25,5.27,3.26
"3858",33376,0.41,"Ideal","I","VVS2",62.3,56,827,4.73,4.77,2.96
"3859",22547,1.41,"Ideal","G","VS2",60.8,55,10581,7.27,7.2,4.4
"3860",44107,0.6,"Very Good","H","VS2",60.8,60,1557,5.39,5.44,3.29
"3861",24143,1.8,"Good","F","SI2",57.9,58,12308,8.13,8.08,4.69
"3862",836,0.82,"Ideal","F","SI2",61.7,53,2867,6.12,6,3.74
"3863",399,0.3,"Premium","H","SI1",62.9,58,554,4.28,4.24,2.68
"3864",16417,1.03,"Ideal","G","VS2",61.8,56,6557,6.47,6.5,4.01
"3865",28817,0.31,"Premium","D","VS1",59.6,58,683,4.38,4.41,2.62
"3866",41953,0.23,"Very Good","F","VVS2",62.9,57,505,3.9,3.95,2.47
"3867",7629,1.09,"Ideal","H","SI2",62,57,4264,6.61,6.55,4.08
"3868",52048,0.8,"Premium","G","SI2",61.4,56,2451,5.99,5.96,3.67
"3869",30017,0.42,"Premium","G","SI1",62.7,59,717,4.72,4.75,2.97
"3870",35854,0.32,"Ideal","E","VVS1",61.7,55,917,4.39,4.43,2.72
"3871",38131,0.3,"Very Good","G","VVS1",63.4,56,1013,4.31,4.27,2.72
"3872",46280,0.56,"Very Good","E","VS2",61.7,56,1755,5.25,5.31,3.26
"3873",31080,0.33,"Very Good","G","VVS2",60.9,59,752,4.45,4.49,2.72
"3874",40215,0.34,"Premium","G","VVS1",61.5,59,1122,4.5,4.47,2.76
"3875",15471,1.58,"Premium","F","SI2",59.1,59,6194,7.68,7.59,4.51
"3876",38351,0.34,"Premium","F","VS1",61.5,55,1020,4.58,4.49,2.79
"3877",10508,1.02,"Ideal","D","SI1",62.1,53,4798,6.43,6.38,3.98
"3878",29578,0.41,"Premium","E","SI1",61.2,59,705,4.78,4.82,2.94
"3879",52791,0.6,"Ideal","H","VVS1",61,56,2568,5.44,5.47,3.33
"3880",39793,0.39,"Ideal","G","VVS1",62.3,57,1095,4.64,4.7,2.91
"3881",51629,0.72,"Fair","G","VS1",66.4,57,2396,5.6,5.51,3.69
"3882",40397,0.5,"Very Good","H","SI1",60.9,61,1133,5.06,5.15,3.11
"3883",48592,0.71,"Fair","G","SI2",65.6,61,1994,5.46,5.37,3.55
"3884",7226,1.04,"Good","H","SI2",57.9,58,4193,6.72,6.68,3.88
"3885",41091,0.41,"Ideal","F","VVS2",62.3,56,1192,4.77,4.73,2.96
"3886",1596,0.73,"Very Good","G","VS1",60.7,55,3011,5.87,5.89,3.57
"3887",53169,0.71,"Premium","E","SI1",61.7,61,2629,5.76,5.74,3.55
"3888",2874,0.9,"Fair","E","VS1",67.6,56,3276,5.94,5.9,4
"3889",27392,1.54,"Ideal","F","VS1",60.5,56,17949,7.52,7.49,4.54
"3890",19551,1.62,"Premium","J","SI1",62,60,8183,7.52,7.44,4.64
"3891",8326,1.21,"Premium","J","SI1",62.7,57,4391,6.77,6.72,4.23
"3892",20031,0.3,"Very Good","H","SI1",62.9,56,421,4.28,4.31,2.7
"3893",28390,0.33,"Ideal","H","VS2",60.7,57,668,4.48,4.45,2.71
"3894",3237,0.9,"Good","I","VS2",58.5,66,3353,6.23,6.25,3.65
"3895",34147,0.33,"Ideal","H","VVS2",62.2,54,854,4.46,4.44,2.77
"3896",19078,1.22,"Premium","G","VS1",61.6,60,7850,6.85,6.88,4.23
"3897",23292,1.7,"Premium","F","SI2",60.1,58,11322,7.74,7.67,4.63
"3898",46261,0.54,"Ideal","G","VS1",62.3,55,1754,5.2,5.24,3.25
"3899",42074,0.55,"Ideal","D","SI2",61.3,57,1272,5.23,5.28,3.22
"3900",16676,1.01,"Very Good","E","VS2",61.9,55,6666,6.38,6.44,3.97
"3901",25689,0.34,"Ideal","I","VS1",62,54,643,4.51,4.49,2.79
"3902",47885,0.5,"Ideal","F","VVS2",60.7,57,1912,5.12,5.16,3.12
"3903",6140,1.02,"Ideal","H","I1",62.1,56,3987,6.45,6.4,3.99
"3904",38426,0.51,"Premium","G","SI2",58.6,59,1026,5.3,5.25,3.09
"3905",39426,0.41,"Ideal","F","VS1",62.5,57,1076,4.76,4.75,2.97
"3906",2021,0.78,"Ideal","I","VS1",60.7,56,3105,5.97,6.03,3.64
"3907",35097,0.3,"Ideal","F","IF",62.1,54,886,4.32,4.35,2.69
"3908",1643,1.12,"Very Good","G","I1",61.2,63,3017,6.68,6.59,4.05
"3909",45464,0.55,"Very Good","F","VS2",61.8,57,1676,5.23,5.28,3.25
"3910",16292,1.01,"Good","E","VS2",58.9,62,6517,6.55,6.63,3.88
"3911",37559,0.31,"Ideal","G","IF",61.6,55,988,4.39,4.34,2.69
"3912",37997,0.43,"Ideal","G","VS1",61.9,55,1008,4.86,4.84,3
"3913",28130,0.29,"Very Good","F","VVS2",60.1,58,664,4.32,4.37,2.61
"3914",39007,0.4,"Ideal","E","VVS2",61.6,56,1056,4.78,4.73,2.93
"3915",15281,1.16,"Premium","G","SI1",62.5,58,6132,6.73,6.68,4.19
"3916",33032,0.32,"Ideal","G","VVS1",61.2,55,814,4.41,4.44,2.71
"3917",8673,1.02,"Fair","H","VS1",71.8,56,4455,6.04,5.97,4.31
"3918",48972,0.34,"Ideal","I","VS1",62.4,55,537,4.47,4.51,2.8
"3919",1412,0.92,"Premium","H","SI1",59.2,60,2968,6.4,6.35,3.76
"3920",36310,0.32,"Ideal","H","VVS1",61.6,55,936,4.43,4.4,2.72
"3921",42461,0.5,"Very Good","E","SI1",63,58,1316,5.04,5.08,3.19
"3922",46273,0.57,"Premium","F","VS2",60.3,58,1754,5.4,5.44,3.27
"3923",43025,0.52,"Very Good","E","SI2",62.6,58,1372,5.05,5.17,3.2
"3924",53773,0.7,"Ideal","D","SI1",62,54,2726,5.73,5.76,3.56
"3925",18589,1.56,"Very Good","I","SI1",62.9,58,7584,7.31,7.35,4.61
"3926",36564,0.35,"Ideal","I","IF",62.5,55,945,4.54,4.52,2.83
"3927",50026,0.73,"Very Good","D","SI1",62.2,57,2197,5.74,5.78,3.58
"3928",29941,0.31,"Ideal","G","SI1",61.3,58,443,4.37,4.4,2.69
"3929",22267,1.69,"Very Good","E","SI2",62.6,59,10317,7.53,7.61,4.74
"3930",25167,2.01,"Fair","J","VS2",64.9,60,13744,7.82,7.78,5.06
"3931",34451,0.32,"Premium","I","IF",60.3,58,864,4.45,4.41,2.67
"3932",12547,1.15,"Very Good","H","SI1",62.4,57,5270,6.68,6.71,4.18
"3933",17139,1.5,"Fair","H","SI1",65,57,6838,7.1,7.06,4.6
"3934",17189,1.02,"Fair","F","VVS2",64.8,58,6863,6.22,6.28,4.05
"3935",41481,0.52,"Very Good","G","SI1",61.9,59,1232,5.08,5.13,3.16
"3936",38005,0.43,"Premium","G","VS1",61.8,59,1008,4.88,4.83,3
"3937",28421,0.43,"Good","E","SI2",63.4,57,669,4.77,4.82,3.04
"3938",51133,0.78,"Premium","F","SI2",60.6,57,2340,5.98,5.94,3.61
"3939",14181,0.81,"Ideal","E","VVS1",62.5,54,5752,5.95,5.98,3.73
"3940",5396,0.3,"Premium","D","SI2",60.2,60,574,4.35,4.32,2.61
"3941",23119,1.57,"Premium","I","VVS2",60.7,58,11146,7.54,7.51,4.57
"3942",35008,0.4,"Very Good","F","SI1",63.3,58,882,4.72,4.69,2.98
"3943",23325,1.4,"Premium","F","VS2",60.7,58,11368,7.26,7.17,4.38
"3944",48768,0.55,"Ideal","D","SI1",60.9,56,2018,5.31,5.34,3.24
"3945",44982,0.31,"Premium","G","SI2",61.8,59,523,4.34,4.3,2.67
"3946",20528,1.52,"Ideal","G","SI2",61.3,57,8852,7.39,7.36,4.52
"3947",35604,0.31,"Premium","H","VVS1",61.8,58,907,4.34,4.3,2.67
"3948",53727,0.72,"Premium","D","VS2",61,59,2721,5.77,5.74,3.51
"3949",51010,0.73,"Ideal","I","VS2",62.1,54,2327,5.79,5.8,3.6
"3950",7332,0.91,"Very Good","G","VS1",63.4,54,4209,6.24,6.07,3.9
"3951",5143,1.22,"Fair","G","SI2",64.7,61,3763,6.75,6.68,4.34
"3952",17057,0.28,"Good","E","IF",64.6,58,612,4.09,4.12,2.65
"3953",41851,0.53,"Ideal","G","SI1",61.8,58,1255,5.16,5.19,3.2
"3954",44199,0.51,"Ideal","D","SI1",62.4,57,1569,5.09,5.13,3.19
"3955",27536,2.06,"Ideal","G","SI2",62.3,56,18293,8.16,8.09,5.06
"3956",24899,2.14,"Premium","J","SI2",61.5,59,13326,8.3,8.25,5.11
"3957",35817,0.31,"Ideal","F","IF",62.3,54,914,4.37,4.39,2.73
"3958",52400,0.73,"Premium","E","SI1",61.8,59,2510,5.8,5.73,3.56
"3959",29497,0.32,"Ideal","E","VS2",61.9,56,702,4.35,4.4,2.71
"3960",52341,0.71,"Premium","H","VVS2",61.9,59,2498,5.73,5.7,3.54
"3961",30265,0.32,"Ideal","F","VS1",61.3,55,725,4.4,4.44,2.71
"3962",49229,0.75,"Very Good","J","SI1",62.4,56,2083,5.78,5.82,3.62
"3963",3748,0.3,"Ideal","F","VS1",62.6,57,570,4.29,4.34,2.7
"3964",18677,1.5,"Premium","H","SI1",61.4,56,7636,7.47,7.34,4.55
"3965",12742,1.01,"Ideal","H","VS2",60.6,57,5317,6.54,6.49,3.95
"3966",43598,0.31,"Ideal","I","VS1",61.2,55,507,4.37,4.39,2.68
"3967",37819,0.51,"Good","G","SI2",63.2,57,1002,5.03,5.07,3.19
"3968",37204,0.34,"Ideal","G","IF",62.1,54,974,4.48,4.5,2.79
"3969",29505,0.4,"Premium","G","SI1",62,59,702,4.7,4.72,2.92
"3970",4604,0.9,"Good","F","SI1",62.8,64,3659,6.18,5.99,3.82
"3971",23350,0.3,"Ideal","I","SI1",61.7,57,422,4.3,4.32,2.66
"3972",33368,0.41,"Very Good","H","VS1",62,56,827,4.74,4.78,2.95
"3973",4327,1.01,"Fair","F","SI2",67.3,62,3597,6.09,6.03,4.08
"3974",22989,1.23,"Ideal","F","VVS2",61.8,56,11040,6.84,6.89,4.24
"3975",11242,1.26,"Fair","G","SI2",53.2,61,4966,7.44,7.36,3.94
"3976",46307,0.3,"Premium","E","SI1",62.5,59,526,4.28,4.3,2.68
"3977",29842,0.3,"Very Good","D","VS2",62.5,59,710,4.23,4.28,2.66
"3978",15042,0.3,"Ideal","G","VS1",61.9,56,605,4.29,4.34,2.67
"3979",25732,1.51,"Good","G","IF",62.8,60,14654,7.18,7.24,4.53
"3980",17402,1.22,"Premium","D","SI2",61.9,60,6969,6.88,6.82,4.24
"3981",10278,1.01,"Ideal","D","SI2",61.2,56,4753,6.41,6.46,3.94
"3982",52210,0.8,"Very Good","H","SI2",62.7,56,2481,5.83,5.91,3.68
"3983",10388,0.3,"Fair","F","VS1",61.7,66,593,4.25,4.31,2.64
"3984",19408,1.25,"Premium","G","VS2",61.9,58,8064,6.91,6.85,4.26
"3985",33246,0.34,"Very Good","F","VVS2",61,56,825,4.51,4.53,2.76
"3986",45638,0.25,"Very Good","G","VVS1",61.8,57,525,4.04,4.07,2.5
"3987",1365,0.9,"Fair","J","VS1",64.6,58,2964,6.12,6.06,3.93
"3988",16990,1.03,"Very Good","G","VS2",62.2,57,6786,6.43,6.46,4.01
"3989",16235,1.2,"Premium","G","SI1",63,60,6494,6.81,6.75,4.27
"3990",46676,0.59,"Ideal","E","SI1",62.4,55,1789,5.39,5.34,3.35
"3991",7435,0.8,"Premium","E","VVS2",62.9,59,4229,5.95,5.88,3.72
"3992",47788,0.67,"Good","F","SI1",60.2,61,1897,5.64,5.69,3.41
"3993",1626,0.9,"Good","G","SI2",63.7,62,3014,6.07,6.01,3.85
"3994",6774,0.91,"Ideal","H","VS1",62.9,55,4109,6.23,6.13,3.89
"3995",44423,0.75,"Premium","J","SI2",62.9,56,1588,5.76,5.72,3.61
"3996",35874,0.41,"Ideal","E","VVS2",62,55,918,4.73,4.79,2.95
"3997",46437,0.6,"Premium","E","SI1",59.4,60,1771,5.57,5.51,3.29
"3998",2443,0.72,"Premium","G","IF",60.1,58,3185,5.89,5.86,3.53
"3999",42149,0.5,"Premium","F","SI1",59.6,60,1282,5.12,5.15,3.06
"4000",14619,1.26,"Premium","G","SI2",59.1,59,5899,7.09,7.05,4.18
"4001",20852,2.25,"Ideal","E","I1",61.4,54,9072,8.52,8.46,5.21
"4002",5903,1.06,"Ideal","J","SI2",61.3,57,3932,6.55,6.6,4.03
"4003",37571,0.37,"Premium","D","VS2",61,56,989,4.68,4.63,2.84
"4004",16011,1.33,"Premium","H","SI2",62.8,52,6405,7.15,7.06,4.46
"4005",15399,1.2,"Ideal","H","SI1",61.9,54,6169,6.8,6.86,4.23
"4006",17971,1.5,"Premium","I","SI2",62.2,62,7266,7.27,7.2,4.5
"4007",23387,0.3,"Good","I","IF",63.3,57,631,4.23,4.3,2.7
"4008",42843,0.41,"Ideal","F","VVS1",61.8,55,1356,4.78,4.76,2.95
"4009",51552,0.52,"Ideal","G","IF",61.7,56,2387,5.19,5.15,3.19
"4010",20159,1.21,"Premium","G","VS1",62.7,58,8616,6.76,6.85,4.27
"4011",27,0.24,"Premium","I","VS1",62.5,57,355,3.97,3.94,2.47
"4012",37779,0.37,"Ideal","E","VS1",61.3,55,999,4.68,4.65,2.86
"4013",33300,0.31,"Ideal","G","SI1",62.2,55,462,4.35,4.36,2.71
"4014",17720,0.5,"Fair","F","I1",68.4,54,613,4.94,4.82,3.35
"4015",19043,0.3,"Good","D","VS2",58.9,62,621,4.33,4.36,2.56
"4016",31308,0.32,"Ideal","D","VS2",62.6,57,758,4.37,4.41,2.75
"4017",39482,0.41,"Ideal","E","VS1",61.9,55,1079,4.76,4.8,2.96
"4018",17244,1.01,"Premium","F","VS2",59.2,61,6900,6.59,6.55,3.89
"4019",42044,0.51,"Good","D","SI2",63.8,56,1268,5.09,5.07,3.24
"4020",10686,0.82,"Very Good","G","IF",61.9,57,4844,5.96,6,3.7
"4021",49810,0.5,"Ideal","E","VVS2",61.1,57,2165,5.13,5.15,3.14
"4022",27644,2.02,"Fair","H","VS2",64.5,57,18565,8,7.95,5.14
"4023",9770,1.11,"Ideal","H","SI2",62.7,57,4662,6.66,6.59,4.14
"4024",35233,0.58,"Fair","F","I1",66.3,55,893,5.18,5.1,3.41
"4025",16529,1.26,"Ideal","G","VS1",62.3,57,6604,6.93,6.87,4.3
"4026",16108,1.23,"Ideal","H","SI1",61,56,6439,6.96,6.92,4.23
"4027",20490,1.01,"Premium","D","VS1",61.6,58,8823,6.44,6.42,3.96
"4028",32662,0.31,"Premium","H","VVS2",61.9,58,802,4.33,4.3,2.67
"4029",34158,0.33,"Premium","G","VS1",61.9,58,854,4.46,4.43,2.75
"4030",29352,0.31,"Premium","G","VS2",62.4,59,698,4.38,4.34,2.72
"4031",25182,2.05,"Premium","G","SI1",62.2,56,13767,8.19,8.08,5.06
"4032",43204,0.5,"Premium","H","VS1",60.3,58,1395,5.22,5.17,3.13
"4033",51328,0.31,"Very Good","G","VS2",62.9,57,544,4.31,4.34,2.72
"4034",22875,1.57,"Premium","G","SI1",59.2,59,10914,7.6,7.68,4.52
"4035",17495,1.27,"Very Good","I","VS1",60.6,59,7031,7.04,6.96,4.24
"4036",22723,1.56,"Ideal","H","SI1",62.1,56,10739,7.44,7.46,4.63
"4037",39755,0.56,"Ideal","J","VS2",61.7,54,1094,5.31,5.36,3.29
"4038",35798,0.34,"Ideal","F","VVS2",61.8,56,914,4.49,4.47,2.77
"4039",46706,0.77,"Premium","J","VS2",62.3,58,1792,5.86,5.8,3.63
"4040",12111,1.01,"Premium","H","VS2",61.3,59,5166,6.41,6.45,3.94
"4041",48949,0.71,"Ideal","J","VS2",61.5,59,2047,5.71,5.74,3.52
"4042",43684,0.5,"Good","D","SI1",63.7,56,1436,5.05,5.09,3.23
"4043",13540,1.12,"Premium","E","SI1",58.8,61,5547,6.8,6.74,3.98
"4044",23002,2.02,"Premium","I","VS2",61.2,60,11059,8.22,8.13,5
"4045",45230,0.46,"Ideal","E","VVS2",62.6,55,1657,4.92,4.95,3.09
"4046",37762,0.53,"Ideal","J","SI1",61.6,55,999,5.2,5.23,3.21
"4047",6322,1.11,"Very Good","H","SI2",63.4,55,4028,6.54,6.51,4.14
"4048",15766,1.2,"Ideal","I","VS2",61.1,58,6303,6.83,6.86,4.18
"4049",49693,0.71,"Good","I","VS2",61.1,60.6,2145,5.71,5.74,3.49
"4050",5921,1.02,"Good","H","SI2",58.2,60,3940,6.49,6.57,3.8
"4051",32265,0.3,"Ideal","H","IF",61.5,56,789,4.31,4.34,2.66
"4052",30495,0.31,"Ideal","D","SI1",62.6,56,732,4.36,4.33,2.72
"4053",15848,1.01,"Ideal","G","VS2",62.4,57,6340,6.39,6.36,3.98
"4054",26019,0.38,"Ideal","J","VS1",62,53,645,4.66,4.7,2.9
"4055",28361,0.4,"Ideal","I","VS2",62.4,54,667,4.73,4.76,2.96
"4056",43466,0.56,"Ideal","G","SI1",62.1,55,1417,5.29,5.33,3.3
"4057",37248,0.43,"Good","D","VS2",59.9,61,976,4.84,4.88,2.91
"4058",37925,0.23,"Very Good","F","IF",61,62,485,3.95,3.99,2.42
"4059",51998,0.71,"Premium","G","VS2",63,54,2443,5.69,5.64,3.57
"4060",25952,2.16,"Ideal","I","SI2",61.9,54,15124,8.29,8.33,5.14
"4061",1990,0.71,"Very Good","D","VS2",63.1,59,3096,5.64,5.67,3.57
"4062",33736,0.41,"Very Good","G","VS1",58.9,60,839,4.84,4.87,2.86
"4063",13455,1.35,"Fair","J","SI1",65.2,56,5524,6.9,7.02,4.54
"4064",12262,1.16,"Ideal","I","VS2",61.5,57,5207,6.75,6.78,4.16
"4065",45989,0.3,"Good","E","SI1",63.4,56,526,4.23,4.25,2.69
"4066",43842,0.52,"Ideal","F","VS2",61.6,56,1446,5.14,5.18,3.18
"4067",28354,0.4,"Very Good","D","SI1",63.4,58,667,4.64,4.67,2.95
"4068",42490,0.31,"Ideal","E","IF",61,57,1319,4.36,4.39,2.67
"4069",23926,1.74,"Premium","D","SI2",61.9,58,12052,7.73,7.67,4.77
"4070",502,0.7,"Premium","E","VS2",61.5,59,2822,5.73,5.68,3.51
"4071",47439,0.7,"Very Good","J","VS1",59.6,62,1855,5.7,5.77,3.42
"4072",42808,0.4,"Ideal","D","VVS2",60.9,57,1353,4.74,4.78,2.9
"4073",27717,0.36,"Premium","E","SI2",62.6,57,648,4.54,4.5,2.83
"4074",21176,1.13,"Ideal","G","VVS2",62.3,57,9333,6.62,6.66,4.14
"4075",7194,0.91,"Very Good","F","SI1",63.1,60,4188,6.13,6.17,3.88
"4076",41689,0.5,"Premium","E","SI2",61.7,58,1240,5.12,5.06,3.14
"4077",51573,0.63,"Premium","G","VS2",60.4,58,2391,5.6,5.59,3.38
"4078",3478,1.01,"Premium","H","SI2",60.9,59,3394,6.42,6.35,3.89
"4079",30969,0.38,"Premium","I","SI1",60.2,60,746,4.68,4.65,2.81
"4080",34168,0.33,"Ideal","G","VS1",62.1,54,854,4.47,4.42,2.76
"4081",4748,0.92,"Premium","F","SI1",62.6,59,3684,6.23,6.19,3.89
"4082",2898,0.92,"Fair","F","SI2",65.1,58,3282,6.12,6.07,3.97
"4083",40647,0.54,"Ideal","F","SI2",61.1,56,1154,5.22,5.26,3.2
"4084",13236,1.22,"Premium","I","SI1",62.1,59,5466,6.86,6.8,4.24
"4085",50349,0.9,"Very Good","E","I1",62.4,63,2245,6.13,6.01,3.79
"4086",39357,0.44,"Ideal","E","VS2",62.4,57,1073,4.9,4.88,3.05
"4087",27333,1.76,"Very Good","G","VVS2",61.1,59,17888,7.81,7.9,4.8
"4088",93,0.7,"Ideal","G","VS2",61.6,56,2757,5.7,5.67,3.5
"4089",37014,0.33,"Premium","G","VVS2",60.9,59,965,4.49,4.45,2.72
"4090",40202,0.41,"Very Good","F","VVS1",61.4,58,1122,4.76,4.78,2.93
"4091",13392,0.38,"Ideal","G","SI2",61.2,56,602,4.7,4.74,2.89
"4092",40187,0.52,"Very Good","E","SI2",61.8,54,1120,5.15,5.18,3.19
"4093",31628,0.3,"Ideal","H","SI1",62.2,57,450,4.26,4.29,2.66
"4094",26768,2.28,"Ideal","J","VS1",62.6,54.2,16592,8.37,8.41,5.25
"4095",6763,1.01,"Good","E","SI1",64.3,59,4106,6.28,6.31,4.05
"4096",2388,0.32,"Premium","G","VS2",60.7,58,561,4.38,4.42,2.67
"4097",22256,1.71,"Ideal","J","VS1",62.4,56,10309,7.59,7.63,4.75
"4098",25137,2.11,"Premium","I","SI2",62.3,56,13701,8.23,8.13,5.1
"4099",2992,1.08,"Fair","J","SI2",64.9,60,3302,6.46,6.32,4.15
"4100",1329,0.7,"Ideal","D","VS2",61.3,57,2960,5.72,5.76,3.52
"4101",33566,0.39,"Good","E","VS2",63.1,56,830,4.63,4.69,2.94
"4102",43114,0.54,"Ideal","F","SI1",61.6,55,1385,5.24,5.28,3.24
"4103",49016,0.5,"Premium","F","VVS2",61.9,58,2052,5.07,5.1,3.15
"4104",2565,0.9,"Good","F","SI2",64.3,57,3210,6.16,6.06,3.93
"4105",27321,2.01,"Premium","H","SI1",62.7,59,17849,8.08,8.03,5.05
"4106",34753,0.41,"Ideal","H","SI1",62.6,55,876,4.79,4.77,2.99
"4107",25983,1.2,"Ideal","E","VVS1",60.1,61,15185,6.83,6.91,4.13
"4108",24114,2.03,"Premium","J","SI2",62.7,59,12268,8.02,8.08,5.05
"4109",25103,1.21,"Very Good","D","VVS2",62.4,56,13630,6.76,6.83,4.24
"4110",8321,1,"Premium","E","SI2",62.2,59,4390,6.38,6.35,3.96
"4111",24404,1.51,"Premium","E","SI1",61.5,58,12644,7.38,7.33,4.52
"4112",18295,1.19,"Good","D","VS1",63.8,55,7437,6.68,6.64,4.25
"4113",17321,1.19,"Premium","H","VS2",61.1,58,6944,6.83,6.78,4.16
"4114",51079,0.54,"Ideal","F","VVS2",61.2,55,2333,5.27,5.25,3.22
"4115",32168,0.41,"Ideal","H","SI2",60.8,57,787,4.84,4.8,2.93
"4116",6631,1,"Good","H","SI1",56.8,65,4086,6.61,6.49,3.72
"4117",14780,1.2,"Premium","G","SI1",61.5,61,5947,6.84,6.78,4.19
"4118",13634,1.03,"Premium","H","VS2",61,58,5579,6.53,6.46,3.96
"4119",12330,1.1,"Very Good","D","SI2",61.6,57,5226,6.61,6.67,4.09
"4120",32107,0.4,"Very Good","I","VVS2",63.7,58,782,4.64,4.68,2.97
"4121",30320,0.36,"Very Good","G","VS1",59.7,56,726,4.64,4.67,2.78
"4122",40290,0.3,"Ideal","H","VS2",61.9,55,496,4.28,4.31,2.66
"4123",2782,0.9,"Very Good","H","SI2",64.1,59,3255,5.97,6.07,3.86
"4124",3780,1.06,"Ideal","F","SI2",62.7,56,3461,6.52,6.47,4.07
"4125",43100,0.53,"Ideal","I","VS1",61.6,57,1383,5.21,5.18,3.2
"4126",2953,0.9,"Very Good","H","SI2",62.1,56,3295,6.13,6.23,3.84
"4127",47275,0.58,"Good","E","SI1",61,62,1844,5.36,5.33,3.26
"4128",23925,2.01,"Ideal","J","SI1",62.1,56,12048,8.08,8.03,5
"4129",45466,0.53,"Ideal","E","VS2",61.5,56,1676,5.18,5.23,3.2
"4130",32096,0.33,"Premium","E","VS1",61.5,59,781,4.42,4.46,2.73
"4131",36045,0.34,"Ideal","D","VS2",62.1,55,923,4.49,4.46,2.78
"4132",12252,1.01,"Premium","G","SI1",60,58,5204,6.54,6.5,3.91
"4133",13973,1.2,"Premium","G","SI2",60.2,60,5689,6.9,6.83,4.13
"4134",28110,0.42,"Ideal","J","VS1",60.9,57,663,4.83,4.86,2.95
"4135",35797,0.34,"Ideal","H","IF",61.9,55,913,4.5,4.55,2.8
"4136",9762,1.11,"Premium","H","SI2",61.5,59,4662,6.67,6.63,4.09
"4137",17492,1.02,"Ideal","F","VS2",62,57,7026,6.46,6.44,4
"4138",43815,0.51,"Ideal","E","SI1",62.4,55,1443,5.14,5.09,3.19
"4139",10095,1.1,"Premium","G","SI1",59.6,60,4712,6.74,6.7,4
"4140",48654,0.36,"Good","G","SI1",63.3,56,537,4.5,4.53,2.86
"4141",19599,2.33,"Premium","H","I1",60.7,58,8220,8.64,8.56,5.22
"4142",47685,0.56,"Premium","E","VS1",60.1,61,1882,5.38,5.31,3.21
"4143",5719,0.25,"Very Good","E","VVS2",62.1,58,575,4.03,4.06,2.51
"4144",35185,0.31,"Ideal","G","IF",61.6,55,891,4.37,4.39,2.7
"4145",18673,1.08,"Ideal","G","VS1",61.8,58,7635,6.56,6.58,4.06
"4146",42872,0.43,"Ideal","F","VVS1",62.1,55,1358,4.81,4.85,3
"4147",3035,0.41,"Good","J","VS2",64,59,565,4.64,4.71,2.99
"4148",45155,0.5,"Ideal","D","SI1",60.9,57,1654,5.18,5.14,3.14
"4149",11971,1.2,"Very Good","J","VS2",59.9,60,5140,6.98,6.95,4.17
"4150",31384,0.33,"Premium","D","VS2",60.8,60,762,4.52,4.46,2.73
"4151",46460,0.54,"Ideal","F","VS1",61.1,57,1774,5.28,5.3,3.23
"4152",10240,1.13,"Premium","I","SI1",62.8,57,4746,6.68,6.64,4.18
"4153",13445,1,"Very Good","F","SI1",63.3,58,5521,6.34,6.36,4.02
"4154",44232,0.59,"Premium","D","SI2",61.2,60,1572,5.42,5.37,3.3
"4155",9299,1.06,"Premium","G","SI2",61.9,60,4571,6.53,6.52,4.04
"4156",52197,0.7,"Premium","G","VS2",61.8,58,2479,5.66,5.64,3.49
"4157",41707,0.53,"Premium","F","SI2",60.5,60,1242,5.23,5.19,3.15
"4158",1390,0.24,"Ideal","G","VVS1",62.2,56,559,4,4.04,2.5
"4159",47784,0.52,"Ideal","G","VVS2",61.3,56,1897,5.18,5.2,3.18
"4160",32295,0.3,"Ideal","I","VS1",61.5,58,454,4.28,4.31,2.64
"4161",1785,0.62,"Very Good","D","VVS2",58.1,63,3050,5.59,5.66,3.27
"4162",21592,1.51,"Ideal","H","SI1",62.7,56,9694,7.32,7.38,4.61
"4163",32318,0.36,"Premium","E","VS2",60.3,59,789,4.58,4.64,2.78
"4164",2074,0.76,"Premium","E","VS2",60.3,60,3107,5.97,5.94,3.59
"4165",20077,1,"Very Good","F","VVS2",60,62,8553,6.43,6.46,3.87
"4166",6986,1.01,"Very Good","G","SI2",63.5,58,4154,6.39,6.34,4.04
"4167",7157,0.85,"Ideal","E","SI1",60.7,57,4181,6.11,6.14,3.72
"4168",45550,0.51,"Ideal","D","SI1",61.6,56,1687,5.12,5.1,3.15
"4169",17363,1.02,"Ideal","G","VS1",62,55,6968,6.4,6.53,4.01
"4170",20919,1.49,"Ideal","H","SI1",62.4,56,9132,7.28,7.24,4.53
"4171",20756,1.53,"Premium","E","SI2",58.9,59,8996,7.63,7.55,4.47
"4172",38228,0.4,"Ideal","H","VVS1",62,54,1017,4.72,4.76,2.94
"4173",38265,0.27,"Ideal","H","SI1",61.3,55,383,4.17,4.21,2.57
"4174",9335,1.2,"Very Good","J","SI2",61.8,60,4580,6.76,6.83,4.2
"4175",6575,1.04,"Ideal","H","SI2",62.2,56,4077,6.51,6.48,4.04
"4176",25436,2.35,"Premium","I","SI1",61.8,58,14185,8.58,8.44,5.26
"4177",33217,0.4,"Premium","E","SI2",60.5,59,821,4.78,4.74,2.88
"4178",37625,0.44,"Premium","G","SI1",61.9,59,990,4.87,4.82,3
"4179",13128,0.91,"Ideal","E","SI1",62.3,55,5431,6.2,6.23,3.87
"4180",26729,0.32,"Very Good","F","VS2",60.8,58,645,4.41,4.44,2.69
"4181",30400,0.32,"Ideal","G","VVS2",62.2,56,730,4.34,4.38,2.71
"4182",14507,1,"Good","G","VS2",63.5,59,5860,6.23,6.33,3.99
"4183",5144,1,"Very Good","E","SI2",63.5,56,3763,6.37,6.3,4.02
"4184",47617,0.55,"Ideal","F","VS1",62,55,1881,5.26,5.29,3.27
"4185",24599,2,"Fair","I","VS1",66.3,54,12907,7.98,7.88,5.26
"4186",50292,0.31,"Premium","G","VS1",62.1,58,542,4.31,4.36,2.69
"4187",3099,1.02,"Ideal","G","I1",61.5,56,3321,6.46,6.49,3.98
"4188",45209,0.51,"Ideal","G","VS1",61,55,1656,5.11,5.21,3.15
"4189",44182,0.5,"Very Good","E","VS2",62.4,57,1568,5.01,5.03,3.13
"4190",35990,0.42,"Very Good","G","VS1",60.6,58,921,4.82,4.95,2.96
"4191",9354,1.07,"Premium","G","SI2",62.1,59,4584,6.54,6.48,4.04
"4192",2989,0.71,"Ideal","E","VS2",61.8,57,3301,5.69,5.74,3.53
"4193",45061,0.57,"Very Good","G","VS2",63.3,56,1641,5.3,5.25,3.34
"4194",6355,0.9,"Ideal","E","SI1",60.1,56,4034,6.3,6.35,3.8
"4195",37732,0.45,"Premium","F","SI2",62.6,57,996,4.94,4.87,3.07
"4196",14189,0.9,"Very Good","D","VS1",63,56,5757,6.13,6.18,3.88
"4197",32338,0.3,"Very Good","G","VVS1",61.9,59,789,4.28,4.31,2.66
"4198",37455,0.35,"Premium","E","VS2",60.4,60,984,4.55,4.52,2.74
"4199",22337,1.02,"Ideal","E","VVS2",61.5,57,10384,6.55,6.5,4.01
"4200",9513,1.22,"Good","J","SI1",63.8,57,4612,6.77,6.72,4.3
"4201",27671,2.03,"Premium","G","VS2",59.6,60,18680,8.27,8.21,4.91
"4202",12909,1.2,"Premium","I","VVS2",63,60,5376,6.71,6.63,4.2
"4203",26087,2.08,"Premium","I","SI2",61.2,58,15321,8.24,8.16,5.02
"4204",44554,0.58,"Good","G","VS2",58.4,59,1605,5.4,5.46,3.17
"4205",42081,0.53,"Ideal","G","SI1",63,54,1273,5.18,5.14,3.25
"4206",25843,1.72,"Premium","F","SI1",62,58,14892,7.68,7.65,4.75
"4207",39255,0.38,"Ideal","E","VS1",61.9,56,1069,4.67,4.63,2.88
"4208",25484,2.23,"Premium","J","SI1",62.4,59,14258,8.36,8.33,5.21
"4209",2084,1.01,"Good","H","SI2",64.1,56,3111,6.37,6.3,4.06
"4210",48170,0.79,"Good","F","SI2",64.3,60,1943,5.82,5.75,3.72
"4211",49246,0.51,"Ideal","F","VS1",60.9,56,2085,5.17,5.2,3.16
"4212",22155,1.09,"Ideal","F","VVS2",62,56,10196,6.63,6.6,4.1
"4213",32624,0.31,"Good","I","VS1",63.9,55,457,4.28,4.3,2.74
"4214",20865,1.06,"Premium","F","VVS2",61.8,58,9082,6.54,6.5,4.03
"4215",35644,0.31,"Ideal","G","VVS2",61.7,54,907,4.38,4.34,2.69
"4216",6453,1.14,"Very Good","F","I1",61.3,55.8,4050,6.74,6.76,4.13
"4217",10687,1,"Good","F","SI1",63.8,57,4844,6.21,6.29,3.99
"4218",29396,0.31,"Premium","I","VVS2",62.1,58,698,4.37,4.33,2.7
"4219",4233,1.1,"Very Good","I","SI1",63.5,57,3573,6.55,6.53,4.15
"4220",22852,2.01,"Fair","G","SI2",65.9,57,10887,7.85,7.78,5.15
"4221",3520,0.91,"Very Good","F","SI2",63,59,3405,6.12,6.17,3.87
"4222",43967,0.32,"Very Good","H","SI2",63.1,56,517,4.37,4.34,2.75
"4223",16762,1.01,"Premium","F","VS2",60.3,59,6674,6.52,6.45,3.91
"4224",1091,0.71,"Ideal","G","VS2",60.6,56,2911,5.76,5.8,3.5
"4225",19219,1.02,"Fair","F","VVS1",64.6,59,7960,6.31,6.26,4.06
"4226",14765,1,"Premium","G","VS1",62.9,55,5940,6.39,6.33,4
"4227",9384,0.32,"Very Good","D","SI1",58.9,60,589,4.47,4.49,2.64
"4228",32871,0.37,"Ideal","G","VS2",60.5,56,809,4.65,4.68,2.82
"4229",11937,1.24,"Premium","J","VS2",62,58,5128,6.87,6.91,4.27
"4230",30167,0.4,"Very Good","D","SI1",62.5,61,720,4.66,4.69,2.92
"4231",7949,1.16,"Premium","G","SI2",62,59,4320,6.74,6.62,4.14
"4232",14754,1,"Ideal","E","SI1",61.7,55,5938,6.44,6.49,3.99
"4233",39419,0.41,"Ideal","F","VS1",61.3,57,1076,4.79,4.77,2.93
"4234",48656,0.34,"Very Good","H","VS2",62.4,60,537,4.41,4.44,2.76
"4235",40097,0.33,"Ideal","G","VVS1",62,56,1114,4.48,4.45,2.77
"4236",38775,0.31,"Ideal","E","VVS2",61.6,57,1046,4.37,4.33,2.68
"4237",3750,0.36,"Very Good","I","VVS2",59.7,55,571,4.65,4.69,2.79
"4238",49957,0.3,"Very Good","H","SI1",63.4,57,540,4.31,4.27,2.72
"4239",26029,0.32,"Very Good","G","VS1",61.3,62,645,4.39,4.42,2.7
"4240",49308,0.3,"Ideal","I","VVS1",61.8,54,540,4.32,4.35,2.68
"4241",32041,0.32,"Ideal","E","VVS2",61.3,54,779,4.42,4.45,2.72
"4242",26858,1.75,"Ideal","G","VS2",62.6,56,16783,7.72,7.65,4.81
"4243",10126,1.01,"Very Good","D","SI2",61.5,56,4719,6.39,6.46,3.95
"4244",30751,0.47,"Ideal","J","SI1",61.9,55,740,5,5.05,3.11
"4245",51033,0.48,"Very Good","D","VVS2",59.5,57,2329,5.16,5.12,3.06
"4246",1605,0.7,"Ideal","F","VS2",61.4,58,3011,5.7,5.73,3.51
"4247",46761,0.5,"Very Good","E","VS1",60.9,58,1801,5.07,5.11,3.1
"4248",26140,2.3,"Ideal","G","SI2",61.6,57,15433,8.47,8.41,5.2
"4249",37443,0.51,"Good","J","VS2",63.1,56,984,5.1,5.13,3.23
"4250",2961,1.07,"Very Good","H","SI2",61.8,63,3296,6.57,6.47,4.03
"4251",13318,1.01,"Good","E","SI1",63.3,55,5499,6.37,6.42,4.05
"4252",4325,1.01,"Good","F","SI2",63.8,57,3597,6.36,6.31,4.04
"4253",25738,2.32,"Premium","J","SI2",62.5,58,14666,8.47,8.43,5.28
"4254",39001,0.41,"Ideal","G","VVS1",61.6,57,1055,4.75,4.77,2.93
"4255",47705,0.58,"Ideal","E","VS2",61.9,56,1884,5.35,5.38,3.32
"4256",43207,0.52,"Ideal","J","SI1",62.3,56,1395,5.12,5.16,3.2
"4257",20375,0.31,"Very Good","F","VS2",62.9,56,625,4.3,4.32,2.71
"4258",12409,1.02,"Ideal","D","SI2",62,58,5235,6.4,6.51,4
"4259",12487,1.05,"Very Good","D","SI1",61.6,61,5255,6.5,6.55,4.02
"4260",33311,0.35,"Very Good","D","SI1",63.3,57,827,4.53,4.51,2.86
"4261",26159,2.01,"Premium","I","VS1",61.5,62,15475,8.07,7.94,4.92
"4262",7221,1.21,"Good","J","SI2",63.7,55,4192,6.75,6.81,4.32
"4263",22578,1.51,"Good","H","VS2",63.5,60,10628,7.24,7.27,4.61
"4264",19329,1.53,"Ideal","H","SI2",62.4,58,8034,7.32,7.38,4.59
"4265",33562,0.41,"Premium","J","VS1",60.8,61,830,4.79,4.72,2.89
"4266",21587,1.03,"Ideal","G","VVS1",61.5,57,9691,6.47,6.52,3.99
"4267",2033,0.9,"Premium","H","SI2",59.6,59,3105,6.38,6.24,3.76
"4268",31976,0.26,"Very Good","F","VS2",58.7,59,453,4.14,4.27,2.47
"4269",30861,0.33,"Ideal","G","VS2",62,57,743,4.47,4.44,2.76
"4270",9971,1,"Good","H","SI1",63.7,60,4702,6.3,6.33,4.02
"4271",52151,0.79,"Premium","H","SI2",60.4,61,2471,5.99,5.96,3.61
"4272",12360,1.11,"Ideal","G","SI2",60.7,59,5231,6.72,6.76,4.09
"4273",33442,0.32,"Ideal","G","VS1",61.6,57,828,4.42,4.38,2.71
"4274",21235,1.54,"Premium","J","VVS1",62.4,59,9383,7.38,7.36,4.6
"4275",19775,1.06,"Ideal","F","VS1",61.7,57,8344,6.55,6.57,4.05
"4276",24651,1.63,"Ideal","G","SI1",60.6,57,12990,7.63,7.68,4.63
"4277",30113,0.32,"Premium","G","VS2",60.5,58,720,4.42,4.41,2.67
"4278",32479,0.35,"Ideal","F","VVS2",61.6,58,795,4.5,4.53,2.78
"4279",28516,0.32,"Ideal","I","IF",60.8,54,673,4.44,4.47,2.71
"4280",44441,0.59,"Premium","D","SI2",62.6,61,1590,5.33,5.27,3.32
"4281",91,0.7,"Ideal","E","SI1",62.5,57,2757,5.7,5.72,3.57
"4282",35541,0.33,"Ideal","E","VVS1",60.7,57,906,4.46,4.5,2.72
"4283",20169,1.03,"Premium","D","VVS2",61.7,59,8623,6.48,6.43,3.98
"4284",32310,0.26,"Ideal","G","VS1",62.1,54,456,4.1,4.14,2.56
"4285",18488,1.01,"Ideal","E","VS1",62.7,55,7528,6.4,6.45,4.03
"4286",50772,0.71,"Good","F","SI1",57.9,53,2300,5.84,5.8,3.37
"4287",31414,0.3,"Ideal","G","VVS1",62,58,764,4.28,4.3,2.66
"4288",8048,0.25,"Ideal","G","VVS1",62.6,56,582,4.01,4.05,2.52
"4289",27816,0.28,"Ideal","G","IF",60.9,57,650,4.24,4.27,2.59
"4290",21469,1.24,"Ideal","F","VS2",61.6,54,9569,6.95,6.91,4.27
"4291",52924,0.58,"Ideal","D","VS2",61.5,56,2590,5.37,5.4,3.31
"4292",33722,0.42,"Premium","E","SI2",60.1,58,838,4.91,4.87,2.94
"4293",11716,0.34,"Premium","G","VS2",62.4,59,596,4.41,4.47,2.77
"4294",34053,0.42,"Ideal","F","SI2",62.1,56,851,4.83,4.8,2.99
"4295",43271,0.3,"Good","I","SI1",63.8,57,506,4.27,4.19,2.7
"4296",22339,1.24,"Premium","E","VS1",59.9,61,10388,6.99,6.96,4.18
"4297",50174,0.51,"Very Good","D","VVS2",62.4,58,2220,5.1,5.13,3.19
"4298",11703,0.34,"Premium","G","VS2",61.1,60,596,4.51,4.53,2.76
"4299",5880,1.01,"Ideal","J","SI1",62.8,57,3926,6.4,6.44,4.03
"4300",17440,1.58,"Premium","F","SI2",60.7,60,6990,7.54,7.51,4.57
"4301",36743,0.38,"Ideal","F","VVS2",60.9,58,954,4.66,4.7,2.85
"4302",25643,2.15,"Ideal","I","SI1",62.5,57,14534,8.2,8.16,5.11
"4303",6425,0.9,"Premium","H","VS2",60.6,60,4044,6.24,6.3,3.8
"4304",19045,0.33,"Very Good","G","VS1",61.6,57,621,4.42,4.51,2.75
"4305",29363,0.31,"Premium","G","VS2",61.2,58,698,4.37,4.32,2.66
"4306",44614,0.53,"Premium","E","SI1",60,60,1607,5.27,5.24,3.21
"4307",30071,0.32,"Premium","G","VS2",62.3,60,720,4.4,4.37,2.73
"4308",45860,0.7,"Very Good","G","SI2",63.4,57,1715,5.62,5.58,3.55
"4309",6622,1.12,"Premium","G","SI2",61.2,58,4084,6.67,6.69,4.09
"4310",34548,0.36,"Premium","F","VS2",58.5,58,869,4.69,4.65,2.73
"4311",20998,1.13,"Ideal","G","VVS1",61.2,57,9214,6.72,6.65,4.09
"4312",32047,0.37,"Very Good","E","VVS2",61.2,55,779,4.63,4.68,2.85
"4313",44090,0.5,"Ideal","E","VS2",61.6,56,1554,5.1,5.13,3.15
"4314",12624,1.04,"Premium","D","SI2",62.4,56,5292,6.5,6.45,4.04
"4315",1932,0.72,"Very Good","E","SI2",61,59,3084,5.73,5.78,3.51
"4316",18681,1.55,"Premium","J","SI1",62.5,58,7638,7.4,7.36,4.61
"4317",26705,0.32,"Ideal","F","VS2",62.5,56,645,4.36,4.38,2.73
"4318",21611,1.52,"Fair","D","SI1",64.6,64,9704,7.18,7.16,4.63
"4319",44525,0.52,"Very Good","E","VS1",63.4,54,1601,5.08,5.11,3.23
"4320",52017,0.7,"Ideal","F","SI1",60.8,60,2445,5.74,5.78,3.5
"4321",3380,0.31,"Premium","I","SI1",61.3,58,408,4.34,4.37,2.67
"4322",7301,1,"Good","I","VS1",63.8,56,4202,6.35,6.32,4.04
"4323",39209,0.54,"Ideal","F","SI2",61.8,56,1065,5.26,5.29,3.26
"4324",41823,0.5,"Ideal","D","SI2",62.3,54,1250,5.11,5.06,3.17
"4325",2347,1.03,"Ideal","H","I1",61.5,57,3172,6.48,6.52,4
"4326",38364,0.4,"Premium","H","VS1",61.3,59,1021,4.79,4.74,2.92
"4327",42459,0.5,"Premium","E","SI1",62,59,1316,5.06,5.1,3.15
"4328",42322,0.41,"Ideal","F","VVS1",62,55,1295,4.74,4.78,2.95
"4329",16243,1.01,"Premium","G","VS1",62.6,59,6499,6.38,6.43,4.01
"4330",38632,0.31,"Ideal","H","VS2",62.1,55,489,4.32,4.35,2.69
"4331",45069,0.55,"Ideal","E","VS2",59.3,57,1643,5.39,5.43,3.21
"4332",9886,1.1,"Very Good","H","SI1",63.5,55,4682,6.55,6.49,4.14
"4333",47831,0.58,"Very Good","E","VS2",59.6,59,1906,5.4,5.44,3.23
"4334",33557,0.41,"Premium","J","VS1",62,55,830,4.77,4.74,2.95
"4335",28165,0.3,"Ideal","H","VVS1",62.2,55,665,4.3,4.32,2.68
"4336",48429,0.7,"Very Good","I","SI1",63.8,56,1973,5.58,5.62,3.57
"4337",37209,0.34,"Ideal","G","IF",61.3,56,974,4.52,4.55,2.78
"4338",52951,0.24,"Very Good","D","VVS2",60.6,59,552,4,4.02,2.43
"4339",26851,2.01,"Premium","I","VS2",62.6,59,16778,8.04,8.01,5.02
"4340",12055,0.34,"Very Good","G","VS2",60.3,54,596,4.53,4.56,2.74
"4341",49819,0.7,"Good","F","SI1",57.7,65,2167,5.78,5.72,3.32
"4342",50781,0.7,"Very Good","G","VS2",63.1,58,2302,5.69,5.66,3.58
"4343",41911,0.47,"Ideal","E","VS2",61.7,56,1261,5.01,4.98,3.08
"4344",19739,1.09,"Ideal","G","VS1",60.3,57,8305,6.68,6.73,4.04
"4345",20045,0.41,"Ideal","E","SI2",61.8,54,625,4.78,4.8,2.96
"4346",17586,1.14,"Premium","G","VS2",60.9,57,7079,6.79,6.73,4.12
"4347",6093,0.9,"Very Good","D","SI2",62.2,57,3975,6.11,6.15,3.81
"4348",17266,1.01,"Good","D","VS2",61.8,59,6912,6.28,6.35,3.9
"4349",20630,1,"Premium","F","VVS2",60.6,54,8924,6.56,6.52,3.96
"4350",14779,1.2,"Premium","D","SI2",61.4,60,5947,6.85,6.79,4.19
"4351",49672,0.7,"Good","I","SI1",63.6,61,2142,5.63,5.59,3.57
"4352",27182,2.01,"Premium","H","SI1",59.6,59,17458,8.27,8.19,4.9
"4353",32186,0.41,"Ideal","I","VVS2",61.6,55,788,4.78,4.8,2.95
"4354",36445,0.31,"Ideal","D","VS2",62.1,54,942,4.36,4.34,2.7
"4355",33213,0.32,"Ideal","H","VVS1",61.3,57,821,4.41,4.43,2.71
"4356",42108,0.58,"Ideal","G","SI2",61.5,55,1276,5.38,5.42,3.32
"4357",13567,1.05,"Good","H","VS1",63.3,57,5555,6.4,6.45,4.07
"4358",36582,0.33,"Ideal","G","IF",61.5,55,946,4.48,4.5,2.76
"4359",50290,0.3,"Ideal","H","VVS2",61.9,56,542,4.28,4.31,2.65
"4360",13435,1.2,"Very Good","G","SI2",61.7,59,5518,6.81,6.86,4.22
"4361",52739,0.73,"Ideal","E","SI2",60.9,57,2559,5.8,5.83,3.54
"4362",33995,0.42,"Premium","G","VS2",62,58,847,4.77,4.81,2.97
"4363",47839,0.53,"Very Good","D","VS1",59.4,59,1907,5.25,5.32,3.14
"4364",7519,1.01,"Premium","I","SI1",62.9,58,4242,6.37,6.34,4
"4365",2679,0.9,"Very Good","E","SI2",63.2,61,3239,6.06,5.99,3.81
"4366",33144,0.31,"Premium","G","VVS1",62.2,59,816,4.3,4.32,2.68
"4367",5033,0.63,"Ideal","F","IF",60.9,57,3749,5.53,5.57,3.38
"4368",36829,0.33,"Ideal","F","IF",62.2,53,957,4.46,4.48,2.78
"4369",820,0.71,"Ideal","E","VS2",61,55,2863,5.79,5.75,3.52
"4370",40713,0.53,"Premium","H","SI1",61.2,60,1159,5.22,5.1,3.16
"4371",4222,0.97,"Ideal","F","SI2",62.4,55,3569,6.38,6.34,3.97
"4372",39385,0.4,"Very Good","E","VVS2",63.7,59,1075,4.66,4.69,2.98
"4373",42979,0.41,"Ideal","E","VVS1",61.3,57,1367,4.77,4.79,2.93
"4374",15172,1.29,"Ideal","J","SI1",61.5,57,6097,7,7.06,4.32
"4375",40675,0.5,"Premium","E","SI1",61.4,58,1155,5.17,5.09,3.15
"4376",14638,1.01,"Very Good","H","VS2",59.7,64,5911,6.45,6.48,3.86
"4377",10701,0.72,"Very Good","E","VVS1",61.2,57,4847,5.73,5.78,3.53
"4378",5808,0.9,"Very Good","G","VS2",59,58,3910,6.25,6.29,3.7
"4379",45193,0.51,"Ideal","E","VS2",60.4,57,1656,5.15,5.18,3.12
"4380",18764,1,"Good","D","VS1",62.7,62,7672,6.21,6.23,3.9
"4381",4835,0.77,"Ideal","H","VVS2",61.3,56,3707,5.91,5.94,3.63
"4382",41859,0.46,"Very Good","E","VS1",62.9,52,1257,4.9,4.95,3.1
"4383",46630,0.3,"Very Good","E","SI1",60.6,56,526,4.35,4.37,2.64
"4384",40659,0.5,"Premium","E","SI2",59.5,59,1154,5.16,5.19,3.08
"4385",32997,0.38,"Premium","H","SI1",61.2,62,812,4.66,4.62,2.84
"4386",35272,0.3,"Ideal","G","IF",61.4,57,895,4.33,4.37,2.67
"4387",2454,0.74,"Ideal","E","VS2",59.5,57,3189,5.92,5.94,3.53
"4388",1433,0.7,"Ideal","E","VS1",60.5,56,2973,5.74,5.79,3.49
"4389",20992,1.03,"Premium","E","VVS2",59.7,56,9205,6.64,6.56,3.94
"4390",26969,1.71,"Ideal","G","VS1",61.4,57,17049,7.65,7.72,4.72
"4391",14425,1.01,"Good","E","SI1",64,60,5823,6.38,6.28,4.05
"4392",47249,0.54,"Ideal","D","VS2",61.2,56,1842,5.23,5.29,3.22
"4393",361,0.82,"Good","G","VS2",64,57,2805,5.92,5.89,3.78
"4394",41193,0.48,"Ideal","I","IF",61.4,55,1202,5.05,5.08,3.11
"4395",25276,2.28,"Premium","H","SI1",59.3,58,13919,8.6,8.56,5.09
"4396",39654,0.42,"Premium","G","VS2",59.8,58,1087,4.9,4.86,2.92
"4397",48970,0.34,"Very Good","H","VS2",61.9,60,537,4.42,4.46,2.75
"4398",25238,2.52,"Fair","H","SI2",65.4,59,13846,8.49,8.42,5.53
"4399",19915,1.51,"Very Good","F","SI2",63.2,60,8462,7.2,7.27,4.57
"4400",26280,2.02,"Good","I","VS1",65.5,57,15765,7.88,7.96,5.19
"4401",43854,0.55,"Ideal","E","SI1",60.9,56,1448,5.28,5.32,3.23
"4402",42290,0.32,"Premium","H","VS2",61.9,58,505,4.37,4.39,2.71
"4403",10407,0.31,"Good","G","SI1",63.6,57,593,4.33,4.29,2.74
"4404",23140,1.64,"Premium","H","SI1",59.3,61,11159,7.68,7.64,4.54
"4405",52952,0.24,"Very Good","D","VVS2",62.9,58,552,3.96,3.99,2.5
"4406",36570,0.42,"Good","E","SI1",63.6,61,945,4.73,4.7,3
"4407",35455,0.32,"Ideal","E","VS2",62.8,54,900,4.38,4.35,2.74
"4408",14236,1.02,"Ideal","I","VVS2",62.1,54,5767,6.47,6.51,4.03
"4409",39184,0.35,"Ideal","D","VS2",62.4,55,1063,4.52,4.48,2.81
"4410",17861,1.04,"Very Good","F","VS1",63,56,7207,6.45,6.5,4.08
"4411",24648,2,"Premium","E","SI2",60.3,58,12987,8.15,8.08,4.89
"4412",677,0.75,"Fair","D","SI2",64.6,57,2848,5.74,5.72,3.7
"4413",48323,0.23,"Ideal","G","IF",61.8,56,536,3.92,3.94,2.43
"4414",50476,0.71,"Very Good","F","SI2",63.4,57,2266,5.7,5.63,3.59
"4415",33785,0.4,"Ideal","F","VS2",62.7,56,842,4.73,4.77,2.98
"4416",21346,1.27,"Ideal","G","VS2",61.9,57,9489,6.9,6.93,4.28
"4417",4298,0.95,"Very Good","E","SI2",58.7,63,3590,6.37,6.43,3.76
"4418",34727,0.41,"Ideal","E","VS2",62.3,54,875,4.74,4.8,2.97
"4419",29700,0.31,"Ideal","G","VVS2",61.7,54,707,4.34,4.38,2.69
"4420",49750,0.62,"Ideal","E","SI1",60.7,56,2156,5.54,5.57,3.37
"4421",9502,0.93,"Good","E","SI1",63.1,57,4611,6.17,6.19,3.9
"4422",14550,0.93,"Ideal","G","IF",62.2,58,5879,6.25,6.22,3.88
"4423",3854,0.72,"Ideal","G","VS1",61.6,56,3478,5.75,5.78,3.55
"4424",1879,0.62,"Premium","E","VVS1",61.9,59,3073,5.62,5.5,3.44
"4425",28001,0.3,"Very Good","E","VS2",62.3,57,658,4.27,4.3,2.67
"4426",31791,0.42,"Premium","E","SI1",62.7,59,773,4.78,4.79,3
"4427",24145,1.51,"Very Good","D","VS2",63.2,57,12311,7.27,7.25,4.59
"4428",7849,0.9,"Ideal","D","SI1",60.7,57,4304,6.23,6.16,3.76
"4429",25819,2.37,"Premium","I","VS2",61.6,56,14837,8.7,8.6,5.33
"4430",51783,0.8,"Very Good","I","VS2",63.3,55,2414,5.88,5.93,3.74
"4431",16097,1.23,"Ideal","I","VS1",61.5,56,6435,6.86,6.89,4.23
"4432",51736,0.73,"Very Good","G","SI1",61.5,59,2402,5.76,5.81,3.56
"4433",12519,1.01,"Premium","H","VS2",60.6,60,5260,6.51,6.49,3.94
"4434",45462,0.52,"Ideal","G","SI1",61.4,56,1675,5.18,5.21,3.19
"4435",23091,1.62,"Ideal","H","VS2",62.4,57,11114,7.48,7.53,4.68
"4436",16005,1.27,"Ideal","H","SI2",61.8,57,6403,6.93,6.96,4.29
"4437",28611,0.3,"Ideal","E","SI1",62.9,57,675,4.3,4.25,2.69
"4438",28911,0.3,"Premium","G","VVS2",62.6,58,684,4.27,4.29,2.68
"4439",38732,0.4,"Ideal","G","VVS1",62.4,54,1043,4.73,4.75,2.96
"4440",11046,0.25,"Ideal","F","VS1",61.8,56,595,4.07,4.09,2.52
"4441",15211,1.01,"Ideal","G","VS2",62.7,56,6108,6.43,6.39,4.02
"4442",10318,1.03,"Premium","D","SI2",61.3,61,4764,6.49,6.46,3.97
"4443",26687,0.32,"Ideal","E","SI2",61.6,56,427,4.4,4.43,2.72
"4444",50161,0.71,"Very Good","J","VVS1",59.7,58,2218,5.8,5.83,3.47
"4445",18859,1.53,"Very Good","J","SI1",61.7,58,7730,7.43,7.47,4.6
"4446",40026,0.51,"Fair","D","SI2",66.5,58,1109,4.95,4.89,3.27
"4447",44786,0.5,"Ideal","D","SI1",61.7,56,1623,5.16,5.11,3.17
"4448",41046,0.31,"Ideal","E","IF",60.4,56,1188,4.43,4.38,2.66
"4449",29945,0.27,"Very Good","H","VVS2",61.2,58,445,4.16,4.2,2.56
"4450",7560,1.12,"Premium","H","SI2",62.4,58,4250,6.63,6.58,4.12
"4451",29739,0.32,"Ideal","G","VVS2",62.1,54,708,4.4,4.42,2.74
"4452",46176,0.5,"Premium","E","VS2",61.8,58,1746,5.11,5.05,3.14
"4453",5285,1,"Good","F","SI2",64.1,58,3799,6.35,6.26,4.04
"4454",31522,0.34,"Ideal","E","SI1",62.9,55,765,4.5,4.47,2.82
"4455",27259,2,"Premium","D","SI2",61.6,59,17674,8.09,8.2,5.02
"4456",24660,1.52,"Very Good","E","VS2",60.3,59,13001,7.43,7.52,4.51
"4457",21703,0.35,"Ideal","I","VVS1",61.8,55,627,4.53,4.56,2.81
"4458",44871,0.63,"Ideal","G","SI1",62,55,1628,5.49,5.54,3.42
"4459",51626,0.7,"Premium","E","SI1",61.2,62,2396,6.65,5.73,3.48
"4460",29014,0.34,"Very Good","G","VS1",60.4,61,686,4.48,4.53,2.72
"4461",1678,1.02,"Premium","G","SI2",61.7,58,3027,6.46,6.41,3.97
"4462",18259,1.28,"Ideal","G","SI1",62.4,58,7415,6.89,6.95,4.32
"4463",3944,0.72,"Ideal","G","VVS1",62.2,57,3502,5.72,5.75,3.57
"4464",390,0.7,"Very Good","F","VS2",61.7,58,2812,5.63,5.69,3.49
"4465",8802,1,"Good","E","SI1",63.8,55,4474,6.34,6.31,4.03
"4466",4033,0.95,"Very Good","E","SI2",58.7,63,3527,6.43,6.37,3.76
"4467",48100,0.62,"Ideal","D","SI1",61.6,55,1934,5.49,5.51,3.39
"4468",35352,0.42,"Premium","H","SI1",59.5,57,898,5.11,4.78,2.94
"4469",37086,0.41,"Premium","E","SI1",61.4,56,969,4.81,4.77,2.94
"4470",46762,0.54,"Ideal","G","VVS2",62.6,57,1801,5.19,5.23,3.26
"4471",29400,0.34,"Ideal","E","VS1",59.1,57,698,4.55,4.58,2.7
"4472",11277,1.2,"Premium","H","SI2",62.8,61,4973,6.7,6.62,4.18
"4473",2221,0.9,"Premium","I","VS1",60.7,58,3145,6.3,6.19,3.79
"4474",33021,0.33,"Ideal","E","VVS2",61.2,56,814,4.44,4.48,2.73
"4475",38182,0.41,"Premium","D","SI1",59.6,59,1015,4.85,4.82,2.88
"4476",11128,0.9,"Very Good","H","VS1",63,55,4939,6.18,6.13,3.88
"4477",3203,0.77,"Ideal","D","SI1",62.5,56,3345,5.86,5.91,3.68
"4478",20887,1.21,"Premium","F","VS1",61.6,59,9107,6.84,6.77,4.19
"4479",24614,1.81,"Premium","I","VS2",62.7,58,12939,7.77,7.68,4.84
"4480",52515,0.73,"Premium","F","SI1",61.9,60,2527,5.81,5.78,3.59
"4481",46089,0.53,"Ideal","E","VS2",61.3,55,1739,5.22,5.25,3.21
"4482",4585,0.95,"Premium","H","SI2",58.8,60,3652,6.45,6.38,3.77
"4483",51404,0.7,"Fair","F","VS2",65.5,57,2369,5.55,5.41,3.59
"4484",52255,1.01,"Premium","J","I1",60.7,59,2488,6.39,6.42,3.89
"4485",8732,1.18,"Premium","I","SI2",61.2,59,4460,6.85,6.78,4.17
"4486",10990,1.02,"Ideal","E","SI2",61.6,55,4912,6.52,6.46,4
"4487",3368,0.27,"Very Good","E","VS1",63.8,60,407,4.03,4.09,2.59
"4488",14515,1.14,"Ideal","I","VS1",61.7,53,5863,6.75,6.77,4.17
"4489",11676,1,"Premium","F","SI1",59.8,59,5058,6.49,6.55,3.9
"4490",44948,0.5,"Good","D","VS2",63.4,56,1635,5.05,5.1,3.22
"4491",9326,0.9,"Premium","G","VS1",62.7,58,4579,6.15,6.06,3.83
"4492",51245,0.71,"Good","H","SI1",57.9,62,2354,5.82,5.86,3.38
"4493",35067,0.42,"Ideal","H","SI1",61.7,55,885,4.84,4.85,2.99
"4494",18913,1.1,"Premium","F","VS1",60.9,61,7762,6.7,6.64,4.06
"4495",41700,0.41,"Premium","E","VVS1",61.2,62,1241,4.78,4.76,2.92
"4496",19443,1.06,"Ideal","G","VS1",61.3,57,8093,6.53,6.56,4.01
"4497",6710,0.27,"Ideal","I","VVS2",62,54.5,412,4.15,4.19,2.58
"4498",14572,1.01,"Premium","E","VS2",59.5,60,5882,6.3,6.24,3.73
"4499",1260,0.74,"Ideal","I","VS1",62,56,2947,5.79,5.82,3.6
"4500",39231,0.38,"Ideal","D","VS1",62.2,57,1067,4.63,4.66,2.89
"4501",44153,0.54,"Good","F","VS2",60.6,61,1563,5.22,5.3,3.19
"4502",39288,0.3,"Ideal","H","VS2",61.8,58,491,4.26,4.28,2.64
"4503",2477,1,"Fair","H","SI2",64.4,57,3192,6.35,6.29,4.07
"4504",19124,1.5,"Very Good","H","SI2",63,58,7888,7.2,7.25,4.55
"4505",36331,0.32,"Premium","G","VVS2",61.2,59,936,4.44,4.39,2.7
"4506",39149,0.43,"Ideal","E","VVS2",60.8,57,1062,4.87,4.9,2.97
"4507",23762,1.51,"Premium","F","SI1",61.4,58,11817,7.43,7.35,4.54
"4508",12239,1.04,"Ideal","I","VS1",62.4,57,5199,6.44,6.48,4.03
"4509",24628,2.34,"Good","J","VS2",63.9,62,12961,8.4,8.34,5.35
"4510",6031,0.25,"Very Good","E","VVS1",60,56,575,4.1,4.14,2.47
"4511",47410,0.62,"Good","G","VS2",61,62,1850,5.41,5.5,3.33
"4512",34201,0.33,"Ideal","F","VS2",61.9,57,854,4.42,4.4,2.73
"4513",6970,1.01,"Good","G","SI2",62.4,60,4150,6.32,6.38,3.96
"4514",12307,1.09,"Ideal","H","SI1",62.5,56,5219,6.58,6.53,4.1
"4515",11931,1.05,"Ideal","G","SI2",62.7,57,5127,6.45,6.51,4.06
"4516",28327,0.33,"Premium","G","VS1",61.9,58,666,4.43,4.46,2.75
"4517",21479,1.52,"Ideal","E","SI2",60.1,57,9576,7.53,7.49,4.51
"4518",44251,0.51,"Ideal","D","SI1",61.8,55,1574,5.15,5.11,3.17
"4519",44037,0.42,"Ideal","D","VVS1",61.8,56,1547,4.79,4.82,2.97
"4520",19260,1.23,"Ideal","G","VS2",61.5,54,7988,6.89,6.92,4.25
"4521",6621,1.1,"Very Good","I","SI2",62.8,57,4083,6.56,6.63,4.14
"4522",13097,1.21,"Premium","I","SI1",59.3,59,5421,6.98,6.95,4.13
"4523",1415,1.06,"Premium","I","SI2",61.5,57,2968,6.57,6.49,4.02
"4524",13246,1.2,"Very Good","G","SI2",60.2,63,5474,6.81,6.84,4.11
"4525",40544,0.61,"Very Good","J","SI1",60.8,58,1149,5.46,5.49,3.33
"4526",15878,1.05,"Ideal","G","VS2",61.7,56,6350,6.54,6.52,4.03
"4527",52356,0.72,"Ideal","G","SI2",61.8,56,2501,5.72,5.76,3.55
"4528",47317,0.23,"Very Good","E","VVS2",61.2,58,530,3.93,3.98,2.42
"4529",33832,0.42,"Ideal","F","SI1",60.8,54,843,4.83,4.94,2.97
"4530",33954,0.23,"Very Good","E","VVS2",58,60,465,4.04,4.07,2.35
"4531",49716,0.76,"Premium","J","VS1",61.1,58,2148,5.85,5.91,3.59
"4532",23344,0.3,"Ideal","G","SI2",61.8,57,422,4.31,4.33,2.67
"4533",42970,0.46,"Premium","F","VS1",60.5,58,1367,4.97,5.02,3.02
"4534",1758,0.83,"Ideal","G","SI1",62.1,57,3044,6.03,5.95,3.72
"4535",7864,1.07,"Very Good","I","SI1",61.8,60,4307,6.52,6.56,4.04
"4536",45640,0.23,"Very Good","F","VVS1",60.7,55,525,3.98,4,2.42
"4537",2359,0.71,"Very Good","F","VS1",62.9,55,3175,5.68,5.71,3.58
"4538",884,0.9,"Fair","I","SI1",65.3,61,2873,5.98,5.94,3.89
"4539",16471,1,"Ideal","F","VS2",61.7,54,6580,6.42,6.39,3.95
"4540",16587,1.24,"Very Good","H","SI1",62.4,58,6625,6.93,6.82,4.29
"4541",13493,1.01,"Fair","G","VS2",64.5,57,5538,6.26,6.2,4.02
"4542",30431,0.32,"Very Good","H","VVS1",62.9,58,730,4.34,4.37,2.74
"4543",31598,0.2,"Ideal","D","VS2",61.5,57,367,3.81,3.77,2.33
"4544",28123,0.36,"Very Good","D","SI1",60.1,57,663,4.62,4.66,2.79
"4545",11051,0.28,"Very Good","F","VVS2",61.8,60,596,4.16,4.19,2.58
"4546",17399,0.32,"Ideal","G","SI1",61.4,57,612,4.41,4.38,2.7
"4547",8882,0.9,"Good","G","VVS2",62.6,63,4485,6.1,6.14,3.83
"4548",6819,1.01,"Ideal","I","VS1",62.9,56,4118,6.43,6.38,4.03
"4549",17635,1.02,"Premium","D","VS2",62.7,58,7101,6.44,6.35,4.01
"4550",51845,0.71,"Ideal","G","SI1",61.4,55,2423,5.75,5.79,3.54
"4551",52085,0.77,"Premium","H","SI1",60.9,60,2457,5.89,5.87,3.58
"4552",1652,0.7,"Premium","F","VVS2",62.2,56,3018,5.72,5.63,3.53
"4553",20675,1.02,"Ideal","G","IF",62.3,57,8955,6.43,6.5,4.03
"4554",39739,0.7,"Fair","G","I1",68.6,59,1092,5.45,5.31,3.7
"4555",46739,0.5,"Very Good","H","IF",61,60,1799,5.08,5.12,3.11
"4556",40960,0.45,"Very Good","F","VS1",62.1,59,1179,4.85,4.81,3
"4557",32037,0.32,"Ideal","E","VVS2",60.4,59,779,4.45,4.49,2.7
"4558",13438,1.16,"Ideal","J","IF",60.6,56,5519,6.79,6.86,4.14
"4559",18662,1.06,"Premium","G","VVS2",62.4,55,7627,6.54,6.5,4.07
"4560",28889,0.36,"Premium","E","VS2",62.5,58,684,4.52,4.57,2.84
"4561",40421,0.5,"Fair","H","VS1",67.1,58,1134,4.94,4.89,3.3
"4562",45693,0.51,"Ideal","E","VS1",61.8,55,1697,5.15,5.18,3.19
"4563",47162,0.51,"Premium","G","VS1",59.6,58,1833,5.22,5.21,3.11
"4564",14574,1.03,"Premium","H","VS1",62.4,60,5883,6.48,6.43,4.03
"4565",41842,0.4,"Good","D","VS1",56.3,59,1254,4.94,4.97,2.79
"4566",7742,1.07,"Premium","G","SI2",58.5,61,4278,6.71,6.59,3.89
"4567",44808,0.5,"Premium","G","VS1",59.9,59,1624,5.12,5.16,3.08
"4568",21209,1.52,"Ideal","I","VS2",62.4,55,9352,7.35,7.4,4.6
"4569",9164,1.02,"Ideal","F","SI2",60.7,56,4541,6.53,6.5,3.95
"4570",13937,0.9,"Very Good","G","IF",63.1,58,5670,6.18,6.09,3.87
"4571",763,0.7,"Premium","E","VS2",61.4,59,2858,5.73,5.7,3.51
"4572",469,0.7,"Ideal","E","VS1",62.9,57,2818,5.66,5.61,3.54
"4573",12855,0.92,"Premium","E","VS1",60.9,61,5358,6.25,6.22,3.8
"4574",708,0.7,"Premium","E","VS1",58.4,59,2854,5.91,5.83,3.43
"4575",38030,0.38,"Ideal","F","VVS2",61.3,56.2,1010,4.69,4.71,2.88
"4576",18666,1.54,"Premium","I","SI2",61.2,58,7631,7.51,7.43,4.57
"4577",39317,0.38,"Ideal","D","VVS2",61.4,57,1070,4.66,4.72,2.88
"4578",46379,0.72,"Fair","J","SI2",66.1,55,1762,5.51,5.56,3.66
"4579",9550,1,"Very Good","E","SI2",62.4,57,4620,6.33,6.4,3.97
"4580",52531,0.7,"Ideal","I","VVS2",61.8,56,2530,5.69,5.75,3.54
"4581",34125,0.35,"Ideal","F","VS1",62.4,55,853,4.52,4.49,2.81
"4582",24232,2.02,"Premium","J","SI1",61.6,58,12431,8.14,8.1,5
"4583",16362,0.33,"Premium","D","SI1",60.1,59,608,4.46,4.49,2.69
"4584",11235,1.08,"Ideal","H","SI1",62.8,57,4964,6.55,6.51,4.1
"4585",27329,2,"Ideal","F","SI2",62,57,17871,8.1,8.03,5
"4586",43939,0.3,"Good","D","SI1",63.4,54,515,4.27,4.31,2.72
"4587",48501,0.71,"Very Good","J","VS1",63.3,55,1981,5.66,5.62,3.57
"4588",40457,0.5,"Ideal","H","SI1",62.4,56,1140,5.07,5.09,3.17
"4589",42945,0.3,"Premium","F","SI2",62.6,61,506,4.24,4.2,2.64
"4590",46360,0.51,"Good","E","VS1",57.9,63,1760,5.24,5.39,3.08
"4591",35350,0.42,"Premium","H","SI1",62,59,898,4.79,4.76,2.96
"4592",41340,0.42,"Ideal","E","VVS2",61.8,56,1216,4.78,4.8,2.96
"4593",16961,1.2,"Ideal","I","VS1",62.8,55,6774,6.79,6.75,4.25
"4594",18554,1.07,"Ideal","F","VS2",61,54,7564,6.59,6.62,4.03
"4595",10331,1.12,"Good","I","VS2",63.8,55,4766,6.57,6.63,4.21
"4596",17972,1.1,"Ideal","H","VVS2",62,56,7267,6.59,6.63,4.1
"4597",36982,0.38,"Ideal","F","VVS2",60.8,58,963,4.69,4.72,2.86
"4598",8820,1.01,"Very Good","H","VS2",61.9,62,4477,6.37,6.45,3.97
"4599",27634,2.4,"Good","I","SI1",56.9,62,18541,8.87,8.81,5.03
"4600",34113,0.31,"Ideal","D","VVS2",61,56,853,4.37,4.39,2.67
"4601",41293,0.73,"Good","G","I1",63.9,55,1210,5.76,5.69,3.65
"4602",4530,0.91,"Very Good","E","SI2",60.3,59,3638,6.28,6.25,3.78
"4603",38812,0.31,"Premium","G","VVS1",62.5,57,1046,4.4,4.3,2.72
"4604",48138,0.7,"Very Good","F","SI2",60.9,58,1940,5.7,5.77,3.49
"4605",32053,0.35,"Ideal","D","SI1",61.5,56,780,4.54,4.57,2.8
"4606",29431,0.42,"Premium","D","SI2",62.1,59,700,4.78,4.82,2.98
"4607",31492,0.34,"Premium","G","VS2",60.3,58,765,4.53,4.49,2.72
"4608",17673,1.51,"Very Good","J","SI1",60.6,57,7125,7.38,7.46,4.5
"4609",7119,1.01,"Good","E","SI2",57.5,63,4171,6.56,6.58,3.78
"4610",13075,1.26,"Ideal","D","SI2",61.6,56,5412,6.99,6.95,4.3
"4611",20781,1.52,"Premium","J","VS1",62.5,58,9014,7.37,7.34,4.6
"4612",672,0.84,"Very Good","H","SI1",61.2,57,2847,6.1,6.12,3.74
"4613",12637,1,"Premium","F","SI1",61.2,58,5292,6.44,6.4,3.93
"4614",2078,0.75,"Premium","E","VS2",59.9,61,3108,5.97,5.91,3.56
"4615",28575,0.3,"Premium","H","VS1",62.2,60,675,4.29,4.23,2.65
"4616",39500,0.5,"Ideal","F","SI2",61.6,54,1079,5.09,5.14,3.15
"4617",11943,1.01,"Fair","F","SI1",65,61,5131,6.29,6.23,4.07
"4618",24975,2.04,"Premium","J","VS2",61.4,59,13477,8.04,8.14,4.97
"4619",17386,0.34,"Ideal","E","SI2",62.9,56,612,4.48,4.45,2.81
"4620",31758,0.4,"Premium","D","SI1",61.7,58,772,4.7,4.74,2.91
"4621",16030,0.3,"Ideal","I","VS1",62.5,54,608,4.32,4.29,2.69
"4622",36632,0.53,"Ideal","I","SI2",61.8,54,947,5.22,5.24,3.23
"4623",26299,1.7,"Premium","G","VS2",59,58,15797,7.8,7.85,4.62
"4624",51254,0.7,"Ideal","I","VS1",62.2,57,2355,5.69,5.66,3.53
"4625",35117,0.3,"Ideal","F","IF",62.3,55,886,4.29,4.31,2.68
"4626",47951,0.5,"Good","E","VVS2",64.8,58,1917,4.97,5,3.23
"4627",30133,0.32,"Very Good","G","VS2",63.3,54,720,4.39,4.36,2.77
"4628",21294,1.21,"Ideal","E","VS2",60.3,60,9449,6.92,6.88,4.16
"4629",24523,1.57,"Ideal","H","VS1",62.2,55,12810,7.44,7.49,4.64
"4630",26445,4,"Very Good","I","I1",63.3,58,15984,10.01,9.94,6.31
"4631",52412,0.7,"Very Good","G","VS1",60.8,56,2512,5.72,5.76,3.49
"4632",29666,0.35,"Ideal","F","VS2",61.9,54,706,4.5,4.54,2.8
"4633",44249,0.51,"Good","F","VS2",63.7,56,1574,5.05,5.03,3.21
"4634",23951,1.6,"Premium","H","VS1",62.5,58,12084,7.47,7.37,4.64
"4635",10768,1.11,"Ideal","J","VS1",61.7,57,4854,6.67,6.72,4.13
"4636",10292,1,"Premium","D","SI2",61.6,60,4758,6.37,6.33,3.91
"4637",35727,0.3,"Ideal","D","VS2",62.2,55,911,4.33,4.29,2.68
"4638",27611,2.16,"Premium","I","VS2",58.7,60,18481,8.54,8.5,5
"4639",29124,0.42,"Ideal","I","SI1",61.6,55,690,4.83,4.85,2.98
"4640",41617,0.29,"Very Good","F","VS1",63,55,504,4.24,4.27,2.68
"4641",49552,0.55,"Ideal","G","VVS2",62,57,2129,5.26,5.22,3.25
"4642",39719,0.51,"Very Good","F","SI2",58.9,60,1090,5.19,5.24,3.07
"4643",12306,1.09,"Ideal","H","SI1",61.1,57,5219,6.69,6.6,4.1
"4644",3519,0.81,"Ideal","E","SI1",62.3,57,3404,5.95,5.99,3.72
"4645",16396,1.25,"Premium","I","VS1",60.4,59,6545,6.94,7.01,4.21
"4646",4500,0.9,"Premium","H","SI1",61.9,58,3629,6.2,6.15,3.82
"4647",3924,0.81,"Ideal","H","VVS2",62,57,3497,5.93,5.97,3.69
"4648",30087,0.32,"Ideal","H","VS1",61.1,56,720,4.46,4.44,2.72
"4649",49310,0.4,"Ideal","H","SI2",62.6,55,540,4.7,4.72,2.95
"4650",24211,2.14,"Ideal","H","SI2",61.9,57,12400,8.34,8.28,5.14
"4651",13703,1.04,"Good","G","VS2",61.4,65,5601,6.53,6.47,3.99
"4652",30824,0.33,"Ideal","I","VVS2",62.4,56,743,4.43,4.41,2.76
"4653",37717,0.34,"Premium","H","VVS1",61.5,60,995,4.49,4.45,2.75
"4654",28823,0.41,"Good","H","SI1",63.8,56,683,4.69,4.74,3.01
"4655",41520,0.32,"Premium","F","VVS1",60.7,58,1235,4.4,4.43,2.68
"4656",25630,2.01,"Premium","H","SI1",60.2,58,14502,8.06,8.03,4.84
"4657",3485,0.9,"Premium","I","VS2",61.9,58,3398,6.18,6.23,3.84
"4658",46939,0.52,"Premium","E","VS2",60.7,58,1815,5.21,5.17,3.15
"4659",200,0.72,"Premium","F","SI1",61.8,61,2777,5.82,5.71,3.56
"4660",5799,1,"Good","G","SI2",64.2,57,3906,6.25,6.27,4.02
"4661",45012,0.62,"Ideal","F","SI1",62.7,54,1637,5.47,5.53,3.45
"4662",53729,0.82,"Premium","H","SI1",59.9,57,2721,6.11,6.07,3.65
"4663",8356,1.02,"Ideal","F","SI2",62.4,57,4398,6.43,6.4,4
"4664",3629,0.76,"Ideal","E","VS2",62.1,56,3431,5.83,5.87,3.63
"4665",30997,0.41,"Ideal","I","VS2",61.5,55,747,4.8,4.82,2.96
"4666",44410,0.53,"Ideal","E","SI1",61.9,55,1585,5.2,5.24,3.23
"4667",16350,1.01,"Very Good","F","VS2",63.2,59,6540,6.3,6.36,4
"4668",48721,0.52,"Premium","G","VVS2",61.5,62,2012,5.17,5.14,3.17
"4669",16237,1.51,"Premium","E","I1",59,62,6494,7.41,7.36,4.36
"4670",1578,0.71,"Ideal","G","SI1",61.6,55,3007,5.72,5.78,3.54
"4671",2583,0.92,"Ideal","J","VS2",61.1,57,3215,6.31,6.22,3.83
"4672",31610,0.23,"Very Good","G","VS2",62.8,53,369,3.91,3.93,2.46
"4673",17340,1.23,"Premium","H","VS2",62.4,61,6957,6.85,6.8,4.26
"4674",27638,1.72,"Very Good","E","VS2",63.4,56,18557,7.65,7.55,4.82
"4675",14829,1.01,"Very Good","E","SI1",63.1,57,5973,6.4,6.37,4.03
"4676",17839,1.01,"Very Good","E","VS2",60.6,59,7195,6.43,6.47,3.91
"4677",24602,2.02,"Very Good","J","SI1",63.5,60,12915,7.98,7.93,5.05
"4678",43094,0.46,"Ideal","H","IF",62.3,54,1382,4.94,4.98,3.09
"4679",50229,0.71,"Premium","H","SI2",62.7,57,2231,5.71,5.64,3.56
"4680",43389,0.5,"Ideal","E","SI1",62.2,57,1410,5.06,5.1,3.16
"4681",52304,0.23,"Ideal","F","VS1",61.4,55,548,3.96,3.99,2.44
"4682",28371,0.37,"Ideal","G","VS2",62.5,53,668,4.6,4.61,2.88
"4683",37811,0.35,"Ideal","G","IF",61.9,54,1001,4.56,4.58,2.83
"4684",46068,0.54,"Ideal","G","SI1",61.9,55,1736,5.24,5.26,3.25
"4685",45756,0.49,"Fair","E","VVS2",65.5,58,1705,4.91,4.86,3.2
"4686",42725,0.6,"Premium","H","SI1",58.9,61,1341,5.54,5.5,3.25
"4687",16185,1,"Premium","F","VS2",62.6,60,6468,6.37,6.29,3.96
"4688",9462,0.9,"Very Good","G","VS2",62.5,57,4600,6.12,6.14,3.83
"4689",3512,0.7,"Premium","E","IF",62.9,59,3403,5.66,5.59,3.4
"4690",49404,0.52,"Ideal","E","VS1",61.9,55,2105,5.16,5.18,3.2
"4691",11949,1.01,"Very Good","E","SI1",58.2,59,5132,6.54,6.59,3.82
"4692",47674,0.51,"Ideal","D","VS2",62.4,55,1882,5.14,5.11,3.2
"4693",8737,1.02,"Fair","H","VS2",64.6,61,4462,6.32,6.24,4.06
"4694",17002,1.01,"Ideal","F","VS2",61.9,55,6787,6.47,6.45,4
"4695",37296,0.45,"Ideal","J","VVS1",61.9,56,978,4.93,4.95,3.06
"4696",53074,0.71,"Ideal","F","SI1",61.5,56,2610,5.69,5.76,3.52
"4697",9714,0.38,"Very Good","E","SI2",62.5,61,590,4.59,4.63,2.88
"4698",53901,0.73,"Ideal","H","VS2",62.5,58,2752,5.71,5.75,3.58
"4699",12884,1.22,"Premium","I","SI1",62.1,59,5368,6.8,6.86,4.24
"4700",32678,0.31,"Premium","G","VS1",62.2,56,802,4.36,4.32,2.7
"4701",10826,1.01,"Very Good","F","SI1",60.8,59,4869,6.49,6.53,3.96
"4702",4623,0.91,"Ideal","E","SI1",60.7,56,3665,6.26,6.22,3.79
"4703",23180,1.5,"Premium","H","VS1",59.9,60,11189,7.44,7.39,4.44
"4704",27608,2.19,"Ideal","H","SI1",60.6,57,18475,8.39,8.35,5.07
"4705",47135,0.53,"Ideal","F","VS1",61.2,56,1830,5.22,5.24,3.2
"4706",40024,0.51,"Premium","D","SI2",60.2,58,1109,5.24,5.2,3.14
"4707",34431,0.3,"Ideal","G","IF",62.1,53,863,4.3,4.33,2.68
"4708",40527,0.5,"Good","E","SI1",64,56,1147,5.03,4.9,3.18
"4709",43497,0.54,"Premium","E","SI1",61.4,60,1422,5.21,5.25,3.21
"4710",37348,0.4,"Very Good","F","VVS2",60.5,57,982,4.76,4.79,2.89
"4711",32933,0.41,"Very Good","I","VVS2",61.3,60,811,4.77,4.82,2.94
"4712",10005,0.91,"Ideal","E","SI1",61,57,4706,6.27,6.32,3.84
"4713",4549,0.85,"Ideal","F","VS2",62.4,57,3641,6.13,6.01,3.79
"4714",50221,0.7,"Very Good","F","SI1",61.7,61,2230,5.67,5.7,3.51
"4715",11304,1.2,"Premium","H","SI1",62.8,56,4980,6.76,6.68,4.22
"4716",18198,1.57,"Ideal","I","SI2",62.8,57,7385,7.39,7.36,4.63
"4717",13521,1.2,"Good","E","SI2",63.3,55,5544,6.73,6.77,4.27
"4718",53900,0.72,"Ideal","H","VVS2",62.3,56,2752,5.74,5.81,3.6
"4719",23393,0.4,"Ideal","J","VS1",62.6,55,631,4.71,4.75,2.96
"4720",34575,0.31,"Ideal","G","IF",61.5,54,871,4.4,4.41,2.71
"4721",35401,0.41,"Ideal","G","VS2",61.6,54,900,4.81,4.84,2.97
"4722",43955,0.31,"Very Good","F","SI1",60.7,58,516,4.35,4.38,2.65
"4723",22929,1.02,"Very Good","F","IF",62.5,58,10967,6.39,6.54,4.04
"4724",49048,0.7,"Ideal","I","VS2",62.4,56,2056,5.71,5.66,3.55
"4725",8837,1.02,"Very Good","E","SI2",63.3,59,4478,6.42,6.32,4.03
"4726",47660,0.23,"Very Good","E","VVS1",61.1,60,530,3.95,4.01,2.43
"4727",50719,0.7,"Very Good","I","VS1",61.4,57,2294,5.72,5.74,3.52
"4728",10073,0.35,"Premium","J","VS1",62.2,58,591,4.54,4.49,2.81
"4729",33875,0.3,"Ideal","E","VS2",62,55,844,4.35,4.3,2.68
"4730",21916,1.5,"Very Good","H","SI1",61,55,9987,7.35,7.44,4.51
"4731",46473,0.53,"Very Good","E","VS1",63,56,1776,5.13,5.16,3.24
"4732",23923,2.01,"Premium","J","SI1",60.9,58,12048,8.15,8.07,4.94
"4733",32762,0.34,"Premium","D","SI1",59.7,59,803,4.57,4.54,2.72
"4734",6917,0.9,"Premium","G","VS2",62,60,4137,6.19,6.14,3.82
"4735",52486,0.56,"Ideal","F","VVS2",61.1,56,2522,5.35,5.37,3.27
"4736",1051,0.33,"Ideal","G","SI2",62.9,55,557,4.46,4.41,2.79
"4737",30123,0.32,"Ideal","G","VS2",62.5,56,720,4.42,4.38,2.75
"4738",26939,1.5,"Very Good","E","VS1",59.5,61,16988,7.43,7.46,4.43
"4739",34375,0.41,"Ideal","F","VS2",61.9,56,863,4.74,4.76,2.94
"4740",52891,0.55,"Very Good","D","VVS2",61.3,57,2585,5.26,5.28,3.23
"4741",10784,0.79,"Ideal","F","VVS1",61.5,55,4858,5.98,5.95,3.67
"4742",11789,1.03,"Premium","F","SI1",61.5,59,5087,6.49,6.42,3.97
"4743",47534,0.51,"Ideal","F","VS1",61.6,55,1870,5.14,5.18,3.18
"4744",22487,1.5,"Premium","D","SI2",59.9,62,10517,7.4,7.37,4.42
"4745",23142,1.51,"Very Good","H","VS1",61.8,59,11161,7.27,7.32,4.51
"4746",18762,1.14,"Ideal","G","VS2",61.4,56,7667,6.74,6.77,4.15
"4747",25239,2.01,"Very Good","I","SI1",60.8,60,13849,8.12,8.15,4.95
"4748",43910,0.23,"Ideal","H","VS2",62.3,53,512,3.96,3.99,2.48
"4749",19805,1.73,"Good","E","I1",63.6,59,8370,7.6,7.56,4.82
"4750",48293,0.54,"Ideal","G","VS1",60.6,56,1957,5.28,5.31,3.21
"4751",16496,1.09,"Premium","G","VS2",59.7,58,6592,6.74,6.7,4.01
"4752",40231,0.4,"Premium","D","VS1",59.2,59,1123,4.79,4.81,2.84
"4753",17000,1.01,"Premium","E","VS2",62.9,58,6787,6.39,6.36,4.01
"4754",52006,0.7,"Premium","E","SI1",61.2,60,2444,5.71,5.69,3.49
"4755",34583,0.36,"Very Good","F","VVS2",61.6,55,872,4.58,4.6,2.83
"4756",14372,0.3,"Good","H","VVS2",63.6,55,605,4.24,4.28,2.71
"4757",22363,0.31,"Premium","H","VS2",61.3,60,628,4.36,4.32,2.66
"4758",36964,0.41,"Premium","G","VS1",62.1,60,961,4.78,4.72,2.95
"4759",31337,0.44,"Premium","H","SI2",58.4,60,759,5.05,4.99,2.93
"4760",26660,2.46,"Ideal","J","SI2",62.3,57,16466,8.66,8.57,5.37
"4761",46742,0.54,"Ideal","F","VS1",62.2,55,1799,5.23,5.25,3.26
"4762",5345,0.74,"Ideal","D","VS1",61.3,57,3812,5.8,5.84,3.57
"4763",34274,0.28,"Ideal","H","VS2",62.5,54,467,4.2,4.22,2.63
"4764",52046,0.55,"Very Good","G","VVS1",61.5,55.1,2451,5.26,5.28,3.24
"4765",17313,1,"Very Good","D","VS2",61.2,60,6937,6.4,6.42,3.92
"4766",30191,0.42,"Very Good","F","SI1",60.6,61,722,4.83,4.87,2.94
"4767",24142,2.1,"Premium","J","SI2",62,62,12308,8.23,8.17,5.08
"4768",38359,0.33,"Ideal","F","VVS1",61.7,57,1021,4.47,4.44,2.75
"4769",19344,1.06,"Ideal","G","VVS2",61,57,8044,6.57,6.55,4
"4770",37906,0.41,"Ideal","D","VS2",61.9,56,1007,4.77,4.8,2.96
"4771",39000,0.47,"Premium","G","SI1",58.5,60,1055,5.09,5.06,2.97
"4772",46962,0.37,"Fair","F","SI1",65.3,56,527,4.53,4.47,2.94
"4773",50506,0.78,"Very Good","I","SI2",60.6,58,2271,5.92,5.97,3.6
"4774",43065,0.45,"Ideal","G","IF",61,57,1377,4.96,5,3.04
"4775",22306,1.54,"Good","I","VS1",63.6,60,10349,7.33,7.3,4.65
"4776",18991,1.03,"Premium","E","VS1",59.6,59,7817,6.59,6.57,3.92
"4777",17299,1.3,"Ideal","I","VS1",62.1,57,6931,7.04,6.98,4.35
"4778",41575,0.55,"Ideal","I","VS1",62.2,55,1238,5.26,5.29,3.28
"4779",52524,0.71,"Premium","F","SI1",59,61,2528,5.88,5.84,3.46
"4780",30445,0.29,"Very Good","F","VVS1",62.1,55,731,4.26,4.28,2.65
"4781",9476,1.03,"Premium","H","SI1",60,60,4603,6.41,6.4,4.02
"4782",53818,0.71,"Very Good","E","SI1",61.3,59,2735,5.69,5.73,3.5
"4783",31428,0.3,"Ideal","H","IF",62.2,54,764,4.34,4.37,2.71
"4784",34439,0.36,"Ideal","E","VS2",61.1,57,864,4.61,4.56,2.8
"4785",24169,1.5,"Very Good","D","SI1",62.8,58,12342,7.28,7.31,4.58
"4786",7308,0.84,"Very Good","D","SI1",59.9,54,4205,6.2,6.23,3.72
"4787",49621,0.32,"Ideal","F","SI2",62.6,56,540,4.41,4.37,2.75
"4788",18183,1.14,"Ideal","G","VS2",62,55,7371,6.68,6.77,4.17
"4789",46831,0.53,"Ideal","D","VS2",62.2,56,1809,5.17,5.18,3.22
"4790",41963,0.23,"Very Good","E","VVS2",61.6,57,505,3.95,3.97,2.44
"4791",7489,1.06,"Ideal","G","SI2",62.5,55,4238,6.55,6.51,4.08
"4792",20296,1.51,"Ideal","H","SI2",62.1,57,8710,7.38,7.34,4.57
"4793",19533,1.5,"Good","H","VS2",63.9,59,8165,7.25,7.18,4.61
"4794",22395,1.43,"Very Good","G","VS2",62.2,58,10419,7.15,7.18,4.46
"4795",31225,0.32,"Good","D","SI1",63.7,55,756,4.38,4.35,2.78
"4796",9208,1.07,"Very Good","F","SI2",59.4,60,4552,6.68,6.75,3.99
"4797",13380,0.32,"Ideal","H","SI2",61.9,54,420,4.42,4.46,2.75
"4798",11873,1.2,"Ideal","I","SI1",62.5,57,5107,6.77,6.71,4.21
"4799",31236,0.42,"Very Good","D","SI1",61.5,58,756,4.8,4.83,2.96
"4800",40230,0.4,"Ideal","G","VVS1",61.2,56,1123,4.75,4.79,2.92
"4801",19027,0.32,"Ideal","H","VS1",62.5,55,620,4.36,4.38,2.73
"4802",52204,0.7,"Ideal","G","SI2",61.8,53,2480,5.73,5.69,3.53
"4803",24006,1.54,"Ideal","H","VVS2",62.6,56,12171,7.42,7.35,4.62
"4804",7277,1,"Good","H","SI1",63.7,55,4200,6.33,6.29,4.02
"4805",16776,1.12,"Premium","G","VS2",62.3,59,6683,6.71,6.61,4.15
"4806",11222,1.1,"Ideal","I","VS2",61.8,56,4962,6.65,6.6,4.1
"4807",35071,0.32,"Very Good","F","VVS1",61.5,57,886,4.38,4.41,2.7
"4808",6661,1,"Premium","G","SI2",62.7,59,4095,6.3,6.36,3.97
"4809",4902,0.72,"Ideal","D","SI1",61.2,56,3722,5.77,5.79,3.54
"4810",43848,0.52,"Premium","G","VS2",60.9,58,1447,5.19,5.22,3.17
"4811",35531,0.32,"Ideal","G","IF",61.5,55,905,4.4,4.42,2.71
"4812",6953,0.9,"Very Good","E","SI1",62,62,4144,6.11,6.21,3.82
"4813",2536,0.9,"Fair","D","SI2",64.7,54,3205,6.1,6.04,3.93
"4814",1868,0.8,"Very Good","G","SI1",62.9,56,3070,5.88,5.95,3.72
"4815",22342,1.27,"Premium","G","VVS2",61,58,10389,7.01,6.96,4.26
"4816",52353,0.51,"Very Good","E","VVS1",59.9,57,2501,5.22,5.24,3.14
"4817",53226,0.9,"Fair","E","SI2",64.4,58,2639,6.07,6.01,3.89
"4818",12021,1,"Premium","F","SI1",62.5,59,5152,6.39,6.34,3.98
"4819",49291,0.26,"Very Good","E","VVS1",61.8,59,539,4.11,4.14,2.55
"4820",27758,0.32,"Ideal","I","VS1",62.4,56,648,4.37,4.31,2.71
"4821",19348,1.56,"Good","I","SI2",58.5,61,8048,7.58,7.63,4.45
"4822",22347,1.56,"Ideal","F","SI2",61.6,56,10396,7.45,7.41,4.58
"4823",29905,0.41,"Ideal","F","SI1",61.8,56,711,4.75,4.79,2.95
"4824",24229,2.01,"Very Good","H","SI2",62.2,63,12423,8.01,7.93,4.96
"4825",17956,1.02,"Very Good","F","VS1",61.9,59,7257,6.38,6.44,3.97
"4826",31798,0.42,"Premium","F","SI1",61.5,58,773,4.8,4.83,2.96
"4827",7597,0.91,"Ideal","G","VS2",62.3,57,4257,6.18,6.24,3.87
"4828",21672,1.46,"Very Good","F","SI1",62.8,59,9770,7.13,7.18,4.49
"4829",42806,0.59,"Ideal","J","VS2",60.8,57,1352,5.47,5.42,3.31
"4830",32194,0.35,"Premium","H","VS1",61.7,59,788,4.53,4.51,2.79
"4831",5802,0.9,"Ideal","I","SI1",61.6,55,3908,6.2,6.22,3.82
"4832",20988,1.22,"Ideal","F","VS2",61.3,56,9203,6.87,6.92,4.23
"4833",23821,1.17,"Ideal","F","VVS1",62.1,57,11886,6.82,6.73,4.21
"4834",39521,0.51,"Premium","J","VS2",61.9,61,1080,5.12,5.09,3.16
"4835",24021,1.4,"Very Good","E","VS1",59.1,57,12196,7.28,7.38,4.33
"4836",17162,1.06,"Premium","G","VS1",62.2,55,6853,6.58,6.51,4.07
"4837",18173,1.01,"Very Good","E","VS1",63.4,58,7366,6.38,6.36,4.04
"4838",41322,0.52,"Ideal","I","VS2",61.5,56,1214,5.19,5.21,3.2
"4839",43763,0.53,"Ideal","G","SI1",61,55,1439,5.23,5.26,3.2
"4840",23853,1.56,"Ideal","F","SI1",62.7,57,11943,7.34,7.39,4.62
"4841",15594,1.53,"Ideal","I","SI2",61.8,56,6255,7.4,7.35,4.56
"4842",883,0.9,"Good","J","SI1",64,61,2873,6,5.96,3.83
"4843",5597,1.01,"Premium","H","SI1",62.1,57,3869,6.47,6.37,3.99
"4844",9318,1.11,"Premium","H","SI2",61.6,60,4578,6.6,6.67,4.09
"4845",18850,1.54,"Fair","I","SI2",64.6,56,7727,7.3,7.26,4.7
"4846",52986,0.72,"Ideal","I","VVS2",62.8,57,2594,5.69,5.74,3.59
"4847",12446,1.17,"Ideal","J","VS1",62.5,57,5242,6.68,6.63,4.16
"4848",42984,0.41,"Ideal","G","IF",61.7,56,1367,4.77,4.8,2.95
"4849",9445,0.9,"Ideal","F","SI2",61.8,56,4593,6.18,6.21,3.83
"4850",11383,0.34,"Premium","G","VS2",60.2,58,596,4.51,4.56,2.73
"4851",51820,0.51,"Premium","E","VVS2",59.3,59,2419,5.25,5.17,3.09
"4852",12332,1.01,"Good","E","SI1",63.6,60,5226,6.38,6.32,4.04
"4853",44620,0.57,"Ideal","G","VS2",61.8,56,1608,5.3,5.35,3.29
"4854",16384,1.22,"Ideal","H","SI1",62.2,56,6541,6.84,6.89,4.27
"4855",3614,0.77,"Good","D","VS2",64.3,56,3428,5.84,5.77,3.73
"4856",32336,0.36,"Ideal","E","VS2",61.1,56,789,4.6,4.63,2.82
"4857",35266,0.3,"Ideal","G","IF",61.7,55,895,4.31,4.34,2.67
"4858",36163,0.38,"Ideal","G","VVS2",62.2,54.3,929,4.63,4.66,2.89
"4859",1784,0.83,"Ideal","E","SI2",61.9,53,3049,6.08,6.04,3.75
"4860",48377,0.63,"Ideal","D","SI1",61.5,56,1964,5.52,5.53,3.4
"4861",16418,1.2,"Very Good","I","VVS2",59.9,55,6558,6.88,6.94,4.14
"4862",52726,0.74,"Ideal","I","VS1",60.8,57,2557,5.86,5.88,3.57
"4863",12432,1,"Good","G","VS2",63.8,58,5242,6.37,6.29,4.04
"4864",34443,0.31,"Ideal","E","VVS2",61.3,55,864,4.34,4.37,2.67
"4865",35237,0.39,"Ideal","F","VS1",60.9,56,894,4.68,4.75,2.87
"4866",21289,1.6,"Ideal","H","SI2",62.1,56,9444,7.51,7.43,4.64
"4867",35570,0.35,"Ideal","F","VS2",61.4,54,906,4.58,4.54,2.8
"4868",6728,0.27,"Ideal","E","VS1",60.5,56,577,4.21,4.22,2.55
"4869",46396,0.72,"Premium","G","SI2",62.7,57,1764,5.74,5.7,3.59
"4870",1321,0.56,"Very Good","D","VVS1",60.1,58,2959,5.36,5.42,3.24
"4871",50003,0.74,"Premium","I","VS1",62.9,57,2193,5.79,5.76,3.63
"4872",21320,1.23,"Premium","F","VS1",60.8,58,9471,6.94,6.9,4.21
"4873",2630,0.65,"Ideal","D","VVS2",61.4,60,3228,5.54,5.57,3.41
"4874",46075,0.5,"Premium","F","VS2",61.4,59,1736,5.12,5.1,3.14
"4875",34656,0.31,"Ideal","E","VS2",62.8,57,872,4.37,4.33,2.73
"4876",47083,0.69,"Premium","H","SI1",62.8,58,1822,5.65,5.62,3.54
"4877",42236,0.54,"Ideal","H","SI1",60.6,57,1291,5.28,5.32,3.21
"4878",24255,1.5,"Ideal","F","SI1",62,60,12466,7.32,7.29,4.53
"4879",40787,0.4,"Ideal","F","VVS1",62.3,54,1168,4.75,4.78,2.97
"4880",3414,0.39,"Ideal","J","SI1",61,56,568,4.71,4.73,2.88
"4881",30080,0.32,"Premium","I","VVS2",61.9,59,720,4.38,4.35,2.7
"4882",9330,0.9,"Very Good","E","VS2",59.1,62,4580,6.24,6.28,3.7
"4883",24107,1.46,"Premium","G","VS1",62.3,58,12261,7.25,7.2,4.5
"4884",29545,0.43,"Good","G","SI1",63.6,55,704,4.79,4.83,3.06
"4885",805,0.71,"Ideal","D","SI1",60.8,56,2863,5.8,5.77,3.52
"4886",43424,0.7,"Premium","I","SI2",62.3,59,1415,5.64,5.59,3.5
"4887",37497,0.53,"Premium","E","SI2",59.9,58,984,5.31,5.27,3.17
"4888",36872,0.42,"Premium","E","VS2",61,59,958,4.82,4.85,2.95
"4889",10081,1.07,"Good","D","SI2",61,62,4710,6.6,6.68,4.05
"4890",30515,0.31,"Ideal","D","SI1",62.9,57,732,4.32,4.27,2.7
"4891",30276,0.26,"Ideal","F","SI1",61.8,55,447,4.12,4.14,2.55
"4892",2330,0.76,"Very Good","G","VS2",61.1,57,3170,5.84,5.95,3.6
"4893",36450,0.31,"Ideal","D","VS2",62.2,56,942,4.36,4.32,2.7
"4894",24736,1.72,"Premium","H","SI1",62.9,58,13078,7.63,7.59,4.79
"4895",12033,0.34,"Ideal","G","VS2",61,57,596,4.48,4.5,2.74
"4896",7403,0.33,"Very Good","G","VS2",62.8,54,579,4.4,4.42,2.77
"4897",3365,0.3,"Very Good","I","VS2",60.7,56,407,4.32,4.34,2.63
"4898",16072,1.02,"Ideal","G","VS2",62.5,55,6418,6.43,6.49,4.04
"4899",37211,0.34,"Ideal","G","IF",60.9,56,974,4.5,4.53,2.75
"4900",48271,0.53,"Ideal","D","VS2",60.6,57,1956,5.28,5.24,3.19
"4901",1828,0.81,"Very Good","E","SI2",62.9,56,3059,5.87,5.9,3.7
"4902",27647,2.01,"Fair","G","SI1",70.6,64,18574,7.43,6.64,4.69
"4903",4456,1.01,"Very Good","J","VS2",63.3,54,3620,6.42,6.34,4.04
"4904",19262,1.19,"Very Good","G","VS1",59.1,58,7989,6.96,7.05,4.14
"4905",24828,1.51,"Premium","F","VS2",61.8,56,13221,7.39,7.28,4.53
"4906",46812,0.51,"Premium","D","VS2",62.7,59,1807,5.09,5.05,3.18
"4907",24732,2.11,"Premium","G","SI2",61.4,62,13069,8.25,8.21,5.05
"4908",1367,0.71,"Ideal","I","VS1",61.6,56,2965,5.71,5.75,3.53
"4909",11858,1.03,"Premium","I","VS1",60.4,59,5104,6.57,6.51,3.95
"4910",32092,0.33,"Ideal","D","VS2",62.5,55,781,4.41,4.45,2.77
"4911",30803,0.31,"Good","F","VVS1",63.6,61,742,4.21,4.25,2.69
"4912",44616,0.53,"Premium","G","VS2",60.7,59,1607,5.24,5.18,3.16
"4913",25384,2.05,"Very Good","I","SI2",62.8,56,14071,8.1,8.12,5.09
"4914",43372,0.53,"Ideal","E","SI1",62.1,53,1408,5.2,5.23,3.24
"4915",53075,0.71,"Ideal","D","SI2",61.5,56,2610,5.74,5.78,3.54
"4916",13499,0.7,"Ideal","D","VVS2",61.3,56,5539,5.72,5.76,3.52
"4917",46014,0.53,"Ideal","G","VS1",61.6,57,1727,5.24,5.21,3.22
"4918",29385,0.31,"Premium","E","SI1",62.9,58,698,4.33,4.29,2.71
"4919",43656,0.62,"Fair","E","SI2",58.2,60,1435,5.7,5.51,3.26
"4920",51942,0.7,"Good","F","VS1",64,57,2441,5.62,5.54,3.57
"4921",44106,0.55,"Premium","G","VS2",59.6,59,1556,5.36,5.32,3.18
"4922",47825,0.53,"Premium","D","VS2",60.2,58,1904,5.26,5.23,3.16
"4923",50293,0.31,"Ideal","G","VS1",62.7,57,542,4.31,4.34,2.71
"4924",9423,1.01,"Good","G","SI1",63.9,57,4588,6.3,6.37,4.05
"4925",42277,0.23,"Very Good","D","VVS2",61.9,60,505,3.9,3.95,2.43
"4926",23425,1.86,"Very Good","H","SI2",62.3,57,11416,7.82,7.85,4.88
"4927",15415,1.05,"Good","D","SI1",63.7,59,6174,6.42,6.38,4.08
"4928",15767,1,"Premium","D","VS2",61.2,61,6303,6.39,6.35,3.9
"4929",12506,0.91,"Very Good","E","VS1",61.9,59,5259,6.17,6.23,3.84
"4930",25662,1.52,"Premium","E","VS2",61.8,59,14577,7.38,7.31,4.54
"4931",25864,2.08,"Premium","I","SI2",62.3,58,14947,8.18,8.13,5.08
"4932",47500,0.47,"Ideal","H","IF",62.4,57,1865,4.97,5,3.11
"4933",26590,2.03,"Premium","I","VS2",60.5,62,16309,8.22,8.17,4.96
"4934",22579,2.63,"Premium","J","I1",62.3,61,10628,8.81,8.76,5.47
"4935",31468,0.34,"Premium","I","VVS2",61.3,57,765,4.52,4.49,2.76
"4936",2176,0.81,"Premium","D","SI1",60.7,58,3135,6.07,5.99,3.66
"4937",21283,1.61,"Ideal","I","SI1",62.7,55,9439,7.48,7.54,4.71
"4938",8689,1.07,"Ideal","H","VS2",62.1,57,4458,6.53,6.49,4.04
"4939",33648,0.32,"Very Good","F","VVS1",62.8,60,834,4.32,4.34,2.72
"4940",24644,1.53,"Ideal","D","SI1",61.4,58,12981,7.35,7.44,4.54
"4941",38855,0.4,"Premium","G","VVS2",62.5,60,1050,4.7,4.65,2.92
"4942",36926,0.41,"Premium","G","VS1",61.9,58,961,4.78,4.75,2.95
"4943",35910,0.4,"Ideal","H","VS2",60.9,56,919,4.79,4.83,2.93
"4944",19954,1.15,"Premium","G","VVS2",58.4,59,8501,6.92,6.84,4.02
"4945",44919,0.53,"Premium","F","VS2",61.4,60,1631,5.18,5.21,3.19
"4946",30940,0.24,"Very Good","H","VVS1",61.3,56,449,4.01,4.04,2.46
"4947",41412,0.47,"Very Good","F","VS2",59.6,58.1,1226,5.07,5.11,3.03
"4948",9021,1,"Premium","H","VS2",58.9,56,4514,6.53,6.51,3.84
"4949",18845,1,"Very Good","G","VVS1",57.8,59,7725,6.59,6.63,3.82
"4950",39947,0.24,"Good","F","VVS1",64.8,57,492,3.9,3.94,2.54
"4951",18686,1.53,"Good","E","SI2",57.1,56,7643,7.69,7.65,4.38
"4952",53524,0.77,"Ideal","E","SI2",62.3,57,2689,5.88,5.91,3.67
"4953",37652,0.48,"Good","J","SI1",64.4,58,991,4.87,4.92,3.15
"4954",24560,1.51,"Ideal","G","VS2",59.8,60,12846,7.45,7.5,4.47
"4955",27273,2.31,"Very Good","I","SI1",62.5,55,17715,8.39,8.44,5.26
"4956",17403,1.09,"Ideal","H","SI1",61.4,56,6970,6.61,6.64,4.07
"4957",36285,0.34,"Ideal","E","SI2",62,56,477,4.45,4.48,2.77
"4958",47077,0.52,"Ideal","D","VS2",61.8,56,1822,5.15,5.17,3.19
"4959",46319,0.3,"Very Good","E","SI1",61.8,60,526,4.23,4.28,2.63
"4960",40213,0.41,"Ideal","D","SI1",61.8,56,1122,4.78,4.73,2.94
"4961",18369,0.3,"Good","D","VS2",63.5,53,616,4.3,4.33,2.74
"4962",10606,1.17,"Good","H","SI2",63.8,58,4826,6.57,6.73,4.24
"4963",36511,0.35,"Ideal","F","VVS1",61.8,55,945,4.53,4.57,2.81
"4964",7646,1.21,"Premium","J","VS2",62.4,58,4268,6.83,6.79,4.25
"4965",9725,1.06,"Premium","E","SI2",61.7,62,4654,6.54,6.5,4.02
"4966",26386,1.23,"Very Good","E","VVS1",61.2,59,15878,6.9,6.98,4.25
"4967",48204,0.53,"Ideal","G","VVS2",61.7,56,1948,5.2,5.23,3.22
"4968",20670,1.06,"Ideal","F","VVS2",62.1,57,8954,6.5,6.54,4.05
"4969",13100,1.01,"Very Good","D","SI1",60.7,58,5422,6.49,6.45,3.93
"4970",2748,0.76,"Ideal","E","VS2",61.5,56,3249,5.89,5.92,3.63
"4971",34655,0.31,"Premium","E","VS2",61,59,872,4.39,4.33,2.66
"4972",8892,1.17,"Ideal","I","SI2",62.2,56,4488,6.72,6.79,4.2
"4973",26640,2.03,"Very Good","E","SI2",63.7,58,16412,7.91,7.94,5.05
"4974",41384,0.42,"Premium","F","VVS2",59.6,59,1221,4.86,4.83,2.89
"4975",40814,0.52,"Good","F","SI2",61.5,60.5,1170,5.11,5.16,3.16
"4976",33178,0.41,"Premium","E","SI2",62.8,58,818,4.73,4.69,2.96
"4977",5455,0.71,"Premium","E","VVS1",62.5,57,3831,5.67,5.62,3.53
"4978",22335,1.5,"Very Good","H","SI1",60.6,60,10380,7.45,7.36,4.49
"4979",12846,1.02,"Premium","H","VS2",62.4,58,5356,6.39,6.43,4
"4980",48547,0.61,"Very Good","F","VS2",61.8,56,1989,5.42,5.46,3.36
"4981",53325,0.78,"Ideal","I","VS2",59.8,58,2652,5.98,6.02,3.59
"4982",41333,0.5,"Good","F","SI1",59.6,61,1214,5.12,5.19,3.07
"4983",18090,1.02,"Premium","E","VS2",60,59,7311,6.56,6.54,3.93
"4984",23966,2.18,"Very Good","F","SI2",63.4,60,12099,8.2,8.17,5.19
"4985",12928,1.01,"Good","E","SI1",64.3,59,5379,6.23,6.28,4.02
"4986",1713,0.4,"Good","H","SI2",63.7,59,561,4.64,4.69,2.97
"4987",18330,1.04,"Ideal","G","VS1",62.3,56,7457,6.45,6.49,4.03
"4988",6187,1.06,"Very Good","H","SI2",62.6,60,3996,6.43,6.47,4.04
"4989",9438,1,"Good","H","VVS2",59.5,64,4592,6.44,6.41,3.82
"4990",9007,1.01,"Premium","H","SI1",62.3,61,4513,6.39,6.32,3.96
"4991",49122,0.7,"Very Good","H","SI1",62.4,59,2066,5.63,5.75,3.55
"4992",340,0.78,"Premium","G","VS2",60.8,58,2803,6.03,5.95,3.64
"4993",4597,0.7,"Ideal","H","VS2",60.8,56,3656,5.74,5.77,3.5
"4994",9904,0.9,"Premium","E","VS2",62.6,59,4687,6.14,6.06,3.82
"4995",1289,0.72,"Ideal","G","VS2",61.5,55,2952,5.76,5.79,3.55
"4996",13427,1.01,"Premium","H","VS1",61.1,58,5515,6.48,6.45,3.95
"4997",50741,0.64,"Very Good","D","VS2",62.2,58,2297,5.49,5.54,3.43
"4998",11271,0.94,"Ideal","E","SI2",61.6,57,4972,6.29,6.31,3.88
"4999",37198,0.39,"Ideal","G","VVS2",61.1,56,974,4.7,4.72,2.88
"5000",49056,0.59,"Ideal","G","VS2",61.9,56,2057,5.38,5.42,3.34
"5001",44350,0.56,"Ideal","G","VS2",61.7,56,1580,5.3,5.34,3.28
"5002",40799,0.43,"Premium","F","VVS2",61.6,60,1169,4.82,4.86,2.98
"5003",1083,0.7,"Premium","D","VS2",61,60,2909,5.75,5.7,3.49
"5004",11754,1.08,"Premium","H","SI1",62.6,58,5078,6.53,6.56,4.1
"5005",22099,1.5,"Ideal","D","SI2",63,56,10122,7.3,7.25,4.58
"5006",44140,0.59,"Ideal","F","SI1",62,57,1561,5.41,5.34,3.33
"5007",28075,0.3,"Very Good","D","VS1",59.4,60,661,4.34,4.38,2.59
"5008",20421,1.52,"Good","I","VS2",63.3,61,8778,7.23,7.27,4.59
"5009",16898,1.21,"Very Good","H","VS2",62.1,60,6745,6.77,6.83,4.22
"5010",25022,0.3,"Ideal","E","SI1",61.7,57,640,4.29,4.33,2.66
"5011",27531,1.07,"Premium","D","IF",60.9,58,18279,6.67,6.57,4.03
"5012",43286,0.3,"Ideal","I","VVS2",62.8,57,507,4.26,4.28,2.68
"5013",14851,0.94,"Premium","D","VS1",62.3,58,5980,6.34,6.28,3.93
"5014",31949,0.3,"Premium","F","VS2",61.6,58,776,4.31,4.29,2.65
"5015",29656,0.35,"Very Good","F","VS2",61.1,62,706,4.5,4.54,2.76
"5016",19175,1.43,"Fair","E","SI1",65.1,56,7928,7.1,7.03,4.61
"5017",45840,0.56,"Premium","F","SI2",60.2,58,1715,5.36,5.33,3.22
"5018",18716,0.27,"Very Good","E","VVS1",62.6,58,620,4.11,4.16,2.59
"5019",27688,1.7,"Premium","G","VVS2",59.8,59,18718,7.7,7.75,4.62
"5020",14548,1.06,"Ideal","E","SI1",58.8,57,5877,6.71,6.66,3.93
"5021",50737,0.79,"Very Good","I","SI1",61.8,60,2296,5.92,5.96,3.67
"5022",30544,0.31,"Ideal","D","VS2",62.5,56,734,4.29,4.32,2.69
"5023",47262,0.71,"Premium","J","VVS2",60.3,59,1843,5.79,5.82,3.5
"5024",21473,1.32,"Ideal","H","VVS2",62,54,9571,7.05,7.06,4.37
"5025",12010,1.14,"Premium","I","VS1",60.3,57,5148,6.83,6.81,4.11
"5026",44720,0.5,"Good","F","VS2",62.9,54.9,1615,5.08,5.12,3.21
"5027",52404,0.72,"Ideal","I","VS2",62.2,56,2511,5.69,5.75,3.56
"5028",38058,0.54,"Premium","F","SI2",61.2,60,1013,5.26,5.16,3.19
"5029",19091,1.56,"Good","H","SI1",63.7,57,7862,7.34,7.25,4.65
"5030",26342,0.32,"Ideal","G","VS1",62.1,55,645,4.4,4.42,2.74
"5031",48149,0.55,"Very Good","E","VS1",62.8,56,1941,5.2,5.24,3.28
"5032",34283,0.39,"Premium","H","SI2",61.2,58,468,4.51,6.02,4.44
"5033",9854,1.07,"Ideal","F","SI2",61.5,57,4678,6.57,6.6,4.05
"5034",15236,1.12,"Premium","H","VS1",61.6,58,6115,6.64,4.11,3.7
"5035",39337,0.57,"Very Good","J","VS2",60.2,62,1072,5.33,5.4,3.23
"5036",13389,0.35,"Premium","D","SI1",61.5,58,601,4.53,4.55,2.79
"5037",19745,1.47,"Premium","F","SI2",61.6,60,8314,7.38,7.33,4.53
"5038",26360,0.32,"Premium","G","VS1",60.6,60,645,4.4,4.44,2.68
"5039",4912,0.9,"Good","F","SI1",63.1,57,3724,6.12,6.15,3.87
"5040",41212,0.53,"Premium","G","SI1",62.1,62,1206,5.15,5.13,3.19
"5041",19723,1.21,"Premium","H","IF",62.2,58,8294,6.8,6.83,4.24
"5042",3067,0.81,"Premium","G","VS1",62.1,58,3311,5.96,5.92,3.69
"5043",9990,1.5,"Fair","I","SI2",64.9,61,4704,7.14,7.09,4.62
"5044",32626,0.23,"Very Good","E","VVS2",61.4,55,458,3.92,3.99,2.43
"5045",22928,1.57,"Ideal","I","VS2",60.4,58,10964,7.55,7.59,4.57
"5046",38781,0.31,"Ideal","H","IF",60,57,1046,4.41,4.39,2.64
"5047",47796,0.58,"Ideal","G","VS1",60.6,56,1899,5.43,5.48,3.3
"5048",28203,0.4,"Very Good","H","SI1",62.6,58,666,4.68,4.72,2.94
"5049",42916,0.53,"Good","G","SI1",63.8,56,1363,5.18,5.14,3.29
"5050",17500,1.51,"Premium","J","SI1",62.3,58,7034,7.3,7.33,4.56
"5051",18849,1.54,"Premium","I","SI2",60.1,61,7727,7.46,7.41,4.47
"5052",32847,0.4,"Very Good","G","VS2",62.9,56,807,4.69,4.72,2.96
"5053",33706,0.3,"Ideal","E","VVS1",62.8,54,838,4.27,4.3,2.69
"5054",43408,0.53,"Ideal","D","SI2",62.9,54,1412,5.17,5.13,3.24
"5055",38631,0.31,"Premium","I","VS1",62.3,59,489,4.29,4.35,2.69
"5056",5623,0.91,"Very Good","E","SI2",62.8,59,3876,6.1,6.16,3.85
"5057",22740,1.73,"Very Good","I","SI1",61.2,60,10761,7.65,7.67,4.69
"5058",43049,0.54,"Very Good","F","SI1",59.3,60,1376,5.32,5.37,3.17
"5059",18321,1,"Very Good","G","VVS2",59.5,61,7453,6.42,6.46,3.83
"5060",39008,0.4,"Premium","E","VVS2",60.8,59,1056,4.77,4.73,2.89
"5061",51567,0.7,"Good","I","VS1",63.1,57,2390,5.59,5.67,3.55
"5062",12623,1,"Premium","F","SI1",60.5,56,5292,6.48,6.45,3.91
"5063",25176,2.13,"Premium","F","SI2",62.4,58,13760,8.22,8.16,5.11
"5064",3110,0.74,"Very Good","E","VS2",62.8,58,3323,5.73,5.76,3.61
"5065",815,0.9,"Premium","J","VS2",59.8,62,2863,6.24,6.21,3.72
"5066",36260,0.43,"Ideal","G","SI2",61.3,56,935,4.89,4.87,2.99
"5067",46020,0.53,"Good","E","VS2",63.7,55,1727,5.15,5.12,3.27
"5068",42138,0.56,"Ideal","J","VS2",61.9,57,1280,5.29,5.31,3.28
"5069",12705,0.26,"Ideal","E","VVS1",61.7,57,599,4.07,4.1,2.52
"5070",28789,0.37,"Good","D","SI1",63.7,55,681,4.55,4.59,2.91
"5071",40381,0.3,"Ideal","F","IF",60.7,56,1131,4.35,4.38,2.65
"5072",26155,1.53,"Very Good","G","VVS2",62.5,57,15466,7.33,7.38,4.6
"5073",45576,0.52,"Premium","G","VS1",62.4,59,1689,5.13,5.16,3.21
"5074",24367,0.31,"Very Good","E","VS1",61.9,56,636,4.32,4.37,2.69
"5075",10440,1,"Good","D","SI1",65.1,54,4786,6.23,6.27,4.07
"5076",20263,1.01,"Premium","F","VVS2",61.8,55,8688,6.45,6.36,3.96
"5077",30316,0.36,"Premium","G","VS1",62.2,59,726,4.53,4.57,2.83
"5078",8727,0.27,"Very Good","E","VVS2",61.8,59,586,4.14,4.18,2.57
"5079",10562,0.8,"Ideal","F","VS2",61.4,56,4816,5.99,6,3.68
"5080",43660,0.57,"Ideal","E","SI1",61.5,56,1436,5.32,5.35,3.28
"5081",47507,0.74,"Good","G","SI1",64.2,59,1865,5.69,5.62,3.63
"5082",22743,1.51,"Ideal","H","VS2",62.5,55,10763,7.29,7.34,4.57
"5083",47856,0.78,"Ideal","H","SI2",62.6,56,1909,5.88,5.81,3.66
"5084",12722,1.04,"Ideal","G","SI1",61.9,56,5311,6.46,6.5,4.01
"5085",9912,1.14,"Premium","G","SI2",61.1,59,4688,6.77,6.72,4.12
"5086",44178,0.54,"Ideal","G","VS1",61.4,57,1567,5.2,5.23,3.2
"5087",49521,0.61,"Very Good","H","VS1",60.1,56,2123,5.55,5.59,3.35
"5088",31499,0.34,"Premium","G","VS2",61.2,58,765,4.5,4.46,2.74
"5089",52742,0.81,"Premium","E","SI2",59.9,61,2559,6.08,6.05,3.63
"5090",19732,1.24,"Ideal","H","VS1",61.6,56,8299,6.88,6.91,4.25
"5091",544,0.72,"Premium","F","VS1",62.2,58,2829,5.75,5.7,3.56
"5092",13570,1,"Ideal","E","SI1",61.4,57,5555,6.43,6.5,3.97
"5093",46270,0.54,"Ideal","E","VS2",61.7,55,1754,5.24,5.27,3.24
"5094",24853,1.83,"Ideal","E","SI2",62.8,56,13254,7.82,7.76,4.89
"5095",47971,0.28,"Very Good","D","VVS2",64,56,532,4.14,4.17,2.66
"5096",50999,0.31,"Premium","I","VVS2",62.1,58,544,4.3,4.33,2.68
"5097",13021,0.3,"Very Good","E","VS2",61.6,54,600,4.29,4.32,2.65
"5098",15168,1.08,"Very Good","G","VS2",63.2,60,6096,6.53,6.44,4.1
"5099",4740,0.3,"Ideal","F","VS2",61.7,58,573,4.28,4.31,2.65
"5100",10351,0.9,"Premium","F","VS1",59,58,4770,6.29,6.33,3.72
"5101",27802,0.37,"Ideal","G","VS2",61.5,56,649,4.59,4.64,2.84
"5102",45903,0.52,"Ideal","D","SI1",62.7,56,1720,5.17,5.14,3.23
"5103",10302,1.01,"Very Good","D","SI2",62.9,60,4760,6.35,6.46,4.03
"5104",46388,0.5,"Very Good","G","VVS2",62.8,57,1764,5.05,5.07,3.18
"5105",17747,1.51,"Premium","G","SI2",62.7,57,7145,7.33,7.29,4.58
"5106",43965,0.32,"Premium","H","SI2",61.8,55,517,4.42,4.35,2.71
"5107",52466,0.7,"Very Good","G","SI1",64.3,56,2517,5.56,5.58,3.58
"5108",10585,1.01,"Ideal","H","VS2",62.3,57,4821,6.35,6.4,3.97
"5109",44784,0.51,"Ideal","D","VS2",61.8,54,1623,5.12,5.17,3.18
"5110",44731,0.56,"Ideal","G","VS2",62,55,1616,5.28,5.33,3.29
"5111",30651,0.3,"Ideal","E","VS1",61.3,57,736,4.3,4.34,2.65
"5112",26606,1.8,"Ideal","F","SI1",61.4,54,16340,7.86,7.82,4.81
"5113",47894,0.54,"Premium","D","VS2",61.7,55,1913,5.26,5.21,3.23
"5114",21072,1,"Very Good","F","IF",63.9,56,9248,6.31,6.34,4.04
"5115",33282,0.31,"Premium","G","SI1",62.1,58,462,4.33,4.36,2.7
"5116",14909,1.2,"Very Good","H","VS2",63.3,57,6000,6.78,6.68,4.26
"5117",6412,1.13,"Premium","E","SI2",59.4,62,4040,6.83,6.78,4.04
"5118",49572,0.64,"Premium","F","VS2",62.2,55,2131,5.53,5.5,3.43
"5119",51390,0.81,"Premium","E","SI2",60.1,59,2368,6.09,6.03,3.65
"5120",1103,0.71,"Premium","D","SI1",60.6,58,2913,5.77,5.79,3.5
"5121",2758,0.9,"Fair","G","SI1",65.2,59,3250,6.05,6.01,3.93
"5122",37955,0.41,"Ideal","G","VVS2",61.3,56,1007,4.77,4.79,2.93
"5123",39379,0.4,"Ideal","H","IF",61.9,55,1074,4.76,4.77,2.95
"5124",26498,1.52,"Premium","G","VVS1",60.4,59,16104,7.48,7.38,4.49
"5125",23455,1.91,"Ideal","J","SI1",60.7,56,11447,8.01,8.09,4.89
"5126",3434,0.72,"Ideal","E","VS2",61.5,56,3385,5.71,5.77,3.53
"5127",2115,0.9,"Very Good","J","VS2",61.9,59,3119,6.14,6.2,3.82
"5128",46740,0.55,"Ideal","G","VVS2",62.3,53,1799,5.27,5.29,3.29
"5129",2844,0.81,"Premium","E","SI1",60.8,59,3270,5.95,5.99,3.63
"5130",5479,1.02,"Premium","D","I1",61.4,60,3838,6.47,6.42,3.96
"5131",18163,1.51,"Ideal","I","SI2",61.2,58,7362,7.33,7.42,4.51
"5132",51607,0.7,"Fair","F","SI2",65.1,52,2394,5.64,5.57,3.65
"5133",4039,1,"Premium","J","SI1",61.9,62,3528,6.36,6.33,3.93
"5134",47874,0.52,"Ideal","G","VVS2",61.5,56,1911,5.18,5.2,3.19
"5135",20076,1.01,"Ideal","F","VS1",61.7,56,8552,6.48,6.45,3.99
"5136",41020,0.25,"Premium","G","SI2",59,60,1186,5.33,5.28,3.12
"5137",31370,0.36,"Ideal","G","VS1",60.6,57,761,4.58,4.62,2.79
"5138",4291,0.9,"Ideal","J","VS1",61.6,55,3587,6.24,6.27,3.85
"5139",13185,1.12,"Ideal","G","SI1",62,55,5451,6.65,6.68,4.13
"5140",46539,0.51,"Ideal","E","VS2",60.4,57,1781,5.18,5.15,3.12
"5141",10543,1.01,"Ideal","I","VS1",62.6,56,4808,6.42,6.36,4
"5142",44704,0.57,"Premium","H","VS1",61.7,58,1613,5.33,5.3,3.28
"5143",37162,0.32,"Ideal","D","VS2",62.1,56,972,4.43,4.39,2.74
"5144",34587,0.35,"Ideal","F","VVS2",60.8,55,872,4.58,4.61,2.79
"5145",27436,1.58,"Ideal","E","VS1",62.6,56,18057,7.44,7.41,4.65
"5146",49946,0.52,"Ideal","F","VVS1",60.9,57,2188,5.2,5.25,3.18
"5147",3017,0.73,"Very Good","E","VS2",61.5,58,3307,5.71,5.8,3.54
"5148",31657,0.32,"Ideal","E","VS2",61.8,54,768,4.43,4.4,2.73
"5149",34405,0.34,"Ideal","H","IF",61.7,55,863,4.5,4.54,2.79
"5150",28849,0.41,"Premium","H","SI1",62,59,683,4.78,4.8,2.97
"5151",2640,0.91,"Good","H","SI1",63.7,60,3229,6.16,6.09,3.9
"5152",1379,0.86,"Very Good","G","SI2",62.6,56,2967,6.01,6.07,3.78
"5153",19037,0.31,"Ideal","D","VS2",61.3,57,621,4.36,4.41,2.69
"5154",46128,0.51,"Ideal","F","VS1",62.5,55,1744,5.08,5.13,3.19
"5155",2799,0.76,"Very Good","E","SI1",60.4,58,3261,5.91,5.97,3.59
"5156",32367,0.32,"Ideal","E","VVS2",62,54,790,4.41,4.43,2.74
"5157",45141,0.56,"Premium","F","VS2",59.6,58,1654,5.34,5.36,3.19
"5158",4613,0.9,"Very Good","E","SI2",62.6,60,3662,6.09,6.18,3.84
"5159",31714,0.42,"Ideal","I","VS1",61.5,56,771,4.83,4.86,2.98
"5160",28419,0.43,"Good","D","SI2",63.1,59,669,4.8,4.81,3.03
"5161",7066,0.33,"Good","I","VVS2",63.7,56,579,4.36,4.4,2.79
"5162",33590,0.37,"Ideal","G","VS2",61.3,57,833,4.64,4.6,2.83
"5163",26662,2.17,"Premium","D","SI2",62.2,59,16472,8.28,8.34,5.17
"5164",24733,1.51,"Premium","F","VS2",62.1,59,13074,7.37,7.26,4.54
"5165",29337,0.31,"Good","H","VS1",64,59,698,4.28,4.25,2.73
"5166",29696,0.31,"Premium","G","VVS2",60.5,58,707,4.39,4.43,2.67
"5167",2461,1.01,"Fair","J","VS2",65.8,55,3190,6.29,6.24,4.12
"5168",4506,1,"Fair","G","SI1",67.7,57,3631,6,6.15,4.11
"5169",44694,0.57,"Ideal","F","VS2",61.3,57,1612,5.35,5.39,3.29
"5170",19542,1.55,"Very Good","H","SI2",62.5,61,8174,7.31,7.34,4.58
"5171",51591,0.73,"Premium","I","VS1",61.2,59,2393,5.84,5.82,3.57
"5172",47482,0.65,"Ideal","E","SI1",61.8,55,1862,5.57,5.6,3.45
"5173",14274,0.92,"Ideal","D","SI1",62.3,56,5779,6.2,6.23,3.87
"5174",47451,0.53,"Ideal","D","VS2",62.1,55,1857,5.17,5.2,3.22
"5175",41932,0.4,"Very Good","D","VVS2",62.2,54,1263,4.75,4.77,2.96
"5176",35508,0.41,"Good","E","SI1",63.6,58,904,4.74,4.72,3.01
"5177",40897,0.44,"Ideal","H","IF",61.4,55,1177,4.92,4.95,3.03
"5178",3002,0.77,"Ideal","E","VS2",61,56,3303,5.91,5.96,3.62
"5179",46842,0.67,"Good","G","SI1",62.9,59,1811,5.58,5.62,3.52
"5180",37282,0.3,"Ideal","G","VS2",61,57,484,4.33,4.36,2.65
"5181",22924,1.35,"Premium","F","VS2",61.9,58,10962,7.06,7.02,4.36
"5182",25847,1.51,"Very Good","E","VS1",63.2,58,14904,7.24,7.16,4.55
"5183",11341,1.01,"Premium","F","SI1",59.7,61,4989,6.55,6.49,3.89
"5184",21353,1.22,"Very Good","E","VS2",59.5,60,9495,6.91,7,4.14
"5185",46889,0.72,"Premium","J","VS2",62.6,58,1814,5.72,5.66,3.56
"5186",23803,1.5,"Premium","D","SI1",61,61,11863,7.32,7.28,4.45
"5187",8096,1.02,"Premium","G","SI1",61.3,58,4341,6.47,6.45,3.96
"5188",5813,0.91,"Very Good","D","SI2",63.4,59,3911,6.12,6.15,3.89
"5189",42,0.33,"Ideal","J","SI1",61.1,56,403,4.49,4.55,2.76
"5190",7420,1.11,"Ideal","F","SI2",62,57,4227,6.67,6.64,4.13
"5191",877,0.77,"Very Good","E","SI1",63.2,58,2873,5.8,5.84,3.68
"5192",4810,1.08,"Premium","G","SI2",59.3,61,3701,6.66,6.61,3.94
"5193",53477,0.71,"Very Good","D","SI1",63.2,58,2681,5.65,5.68,3.58
"5194",13543,1.14,"Premium","G","SI1",62.3,59,5548,6.66,6.69,4.16
"5195",28835,0.41,"Ideal","E","SI2",60.7,57,683,4.81,4.85,2.93
"5196",12117,0.9,"Very Good","F","VS1",61.5,55,5167,6.25,6.28,3.85
"5197",15441,1.2,"Good","H","SI1",64.2,60,6182,6.68,6.62,4.27
"5198",3910,0.8,"Premium","E","VS2",63,56,3494,5.91,5.84,3.7
"5199",23761,1.41,"Ideal","G","VS1",62.6,56,11817,7.15,7.2,4.49
"5200",15296,1.3,"Very Good","H","SI2",62.8,58,6140,6.93,7.01,4.38
"5201",17501,1.04,"Ideal","F","VS2",60.1,59,7035,6.59,6.63,3.97
"5202",47970,0.52,"Ideal","D","VS2",61.8,55,1919,5.19,5.16,3.2
"5203",45738,0.73,"Premium","H","SI2",61.2,59,1699,5.83,5.77,3.55
"5204",655,1.01,"Good","I","I1",63.1,57,2844,6.35,6.39,4.02
"5205",33906,0.3,"Premium","E","VS2",62,58,844,4.29,4.26,2.65
"5206",26414,2.06,"Very Good","G","SI2",59,58,15938,8.3,8.38,4.92
"5207",18961,1.23,"Very Good","D","SI1",59.7,58,7799,6.96,7.02,4.17
"5208",18824,1.26,"Ideal","G","SI1",61.9,56,7711,6.92,6.98,4.3
"5209",52249,0.71,"Ideal","H","VS1",60.3,59,2487,5.75,5.79,3.48
"5210",36212,0.36,"Premium","G","VS1",59.7,56,932,4.67,4.64,2.78
"5211",5439,0.86,"Ideal","E","SI2",61.8,57,3828,6.1,6.13,3.78
"5212",34805,0.31,"Ideal","D","VS1",62,54,877,4.36,4.35,2.7
"5213",45736,0.5,"Premium","E","VS2",60.7,59,1699,5.13,5.11,3.11
"5214",45954,0.56,"Premium","D","SI1",60.8,60,1723,5.29,5.31,3.22
"5215",45431,0.6,"Very Good","F","SI1",60.3,59,1670,5.42,5.5,3.29
"5216",30130,0.32,"Premium","G","VS2",62.6,58,720,4.39,4.37,2.74
"5217",23319,1.7,"Ideal","I","VS2",61.7,56,11360,7.72,7.64,4.74
"5218",10802,1.06,"Premium","F","SI1",62.4,58,4862,6.56,6.51,4.07
"5219",78,0.26,"Very Good","D","VVS2",62.4,54,554,4.08,4.13,2.56
"5220",40385,0.53,"Very Good","F","SI2",62.5,57,1132,5.11,5.17,3.21
"5221",8530,1,"Good","G","SI1",64.3,58,4427,6.25,6.22,4.01
"5222",16831,1.11,"Ideal","G","VS2",62.2,55,6713,6.67,6.61,4.13
"5223",9096,1.08,"Ideal","J","SI1",61.8,56,4524,6.58,6.55,4.06
"5224",47048,0.6,"Ideal","H","VS1",61.6,56,1820,5.4,5.42,3.33
"5225",24182,2.38,"Premium","J","SI1",62.4,58,12364,8.54,8.46,5.31
"5226",42978,0.41,"Ideal","E","VVS1",61.9,55,1367,4.78,4.79,2.96
"5227",21552,1.21,"Very Good","F","VS1",61.1,61,9656,6.79,6.87,4.17
"5228",33925,0.37,"Ideal","E","VVS2",62.2,56,844,4.6,4.63,2.87
"5229",30647,0.3,"Ideal","D","VS2",61.8,55,736,4.27,4.3,2.65
"5230",769,0.71,"Premium","D","VS2",60.4,62,2858,5.74,5.72,3.46
"5231",25770,1.71,"Premium","H","VVS2",61.4,59,14731,7.67,7.77,4.74
"5232",40288,0.29,"Very Good","E","VS1",62.1,57,496,4.2,4.24,2.62
"5233",21895,1.61,"Ideal","E","SI2",61.6,56,9961,7.54,7.62,4.67
"5234",2897,0.91,"Very Good","G","SI2",63.3,57,3282,6.12,6.08,3.86
"5235",14162,1.21,"Premium","F","SI2",59.9,62,5746,6.92,6.88,4.13
"5236",2400,0.31,"Ideal","G","VS2",61.7,55,562,4.37,4.39,2.7
"5237",42425,0.51,"Good","F","SI1",63.6,56,1312,5.11,5.08,3.24
"5238",27342,2.07,"Very Good","H","SI1",62.1,59,17893,8.15,8.2,5.08
"5239",47007,0.71,"Good","F","SI2",64,58,1818,5.65,5.59,3.6
"5240",24353,2.01,"Very Good","H","SI2",63.4,58,12617,8.01,7.94,5.06
"5241",44847,0.52,"Good","E","VS2",64.3,56,1625,5.02,5.14,3.27
"5242",4024,0.96,"Good","G","SI1",56.6,63,3522,6.52,6.39,3.67
"5243",14046,0.26,"Ideal","G","IF",62.2,55,605,4.09,4.13,2.55
"5244",12201,1.18,"Premium","G","SI2",61.4,58,5190,6.82,6.77,4.17
"5245",48813,0.55,"Ideal","F","VS2",61.4,57,2026,5.26,5.3,3.24
"5246",49619,0.66,"Good","G","VS1",61.6,61,2139,5.56,5.63,3.43
"5247",28240,0.33,"Ideal","F","VS2",61.3,56,666,4.43,4.47,2.73
"5248",29654,0.35,"Premium","G","VS1",61.5,58,706,4.5,4.54,2.78
"5249",14615,1.01,"Premium","G","VS1",61.7,59,5898,6.38,6.33,3.92
"5250",20525,1.52,"Premium","I","SI1",58.1,62,8852,7.61,7.56,4.41
"5251",26615,1.8,"Ideal","F","SI1",61.8,57,16364,7.79,7.83,4.83
"5252",17311,1.01,"Very Good","G","VS1",63.1,57,6936,6.32,6.39,4.01
"5253",39569,0.44,"Very Good","G","VVS2",60.9,57,1081,4.89,4.93,2.99
"5254",43695,0.5,"Very Good","F","VS2",63,58,1436,5.05,5.08,3.19
"5255",43124,0.52,"Ideal","J","IF",62.1,56,1385,5.18,5.12,3.2
"5256",43334,0.54,"Ideal","G","SI1",61.2,58,1404,5.27,5.29,3.23
"5257",4958,0.9,"Premium","G","SI1",62.2,60,3734,6.1,6.16,3.81
"5258",11323,1.06,"Ideal","G","SI2",62.1,58,4987,6.49,6.53,4.04
"5259",19024,0.27,"Ideal","E","VVS2",61.5,57,620,4.14,4.18,2.56
"5260",52101,0.55,"Ideal","D","VS2",60.2,56,2459,5.33,5.38,3.22
"5261",4178,0.9,"Premium","F","SI2",61.3,59,3556,6.16,6.11,3.76
"5262",48276,0.53,"Ideal","D","VS2",61.2,55,1956,5.25,5.21,3.2
"5263",45804,0.5,"Premium","F","VS1",61.8,60,1710,5.06,5.1,3.14
"5264",19827,1.12,"Ideal","G","VS1",62.5,54,8394,6.65,6.69,4.17
"5265",29498,0.32,"Premium","E","VS2",61,59,702,4.44,4.45,2.71
"5266",27883,0.3,"Very Good","G","VVS2",62.3,57,655,4.26,4.28,2.66
"5267",6993,1.02,"Very Good","I","SI2",63.2,60,4155,6.37,6.41,4.04
"5268",11617,1.2,"Good","G","SI2",63.6,54,5049,6.71,6.75,4.28
"5269",40182,0.51,"Good","H","SI1",63.7,56,1119,5.07,5.1,3.24
"5270",49030,0.51,"Very Good","F","VVS2",60.8,56,2054,5.18,5.21,3.16
"5271",44010,0.3,"Premium","F","SI2",61.3,58,394,4.28,4.33,2.64
"5272",43333,0.5,"Ideal","F","VS2",62.4,56,1404,5.1,5.13,3.19
"5273",1991,0.71,"Very Good","D","VS2",63,58,3096,5.65,5.68,3.57
"5274",12826,1.07,"Ideal","G","SI1",61.9,55,5347,6.57,6.62,4.08
"5275",53699,1.05,"Fair","H","SI2",64.8,55,2717,6.39,6.32,4.12
"5276",20827,1.1,"Very Good","G","IF",59.8,56,9053,6.75,6.82,4.06
"5277",16877,1.26,"Very Good","G","SI1",61.7,60,6733,6.85,6.9,4.24
"5278",18336,1.5,"Very Good","H","SI1",62,63,7459,7.24,7.19,4.47
"5279",44285,0.52,"Ideal","G","VS2",62,55,1577,5.19,5.13,3.2
"5280",45861,0.8,"Fair","G","I1",64.5,57,1715,5.86,5.83,3.77
"5281",4425,0.9,"Fair","F","SI2",64.6,56,3613,6.01,6.07,3.9
"5282",5325,1.03,"Ideal","F","SI2",62.4,57,3807,6.43,6.38,4
"5283",23994,1.52,"Ideal","F","SI1",61.2,55,12153,7.4,7.43,4.54
"5284",48515,0.58,"Ideal","G","VS1",62.6,54,1984,5.34,5.3,3.33
"5285",3922,0.91,"Very Good","F","SI2",63.5,56,3496,6.16,6.12,3.89
"5286",30915,0.34,"Ideal","E","VS2",62.4,55,745,4.48,4.53,2.81
"5287",43154,0.52,"Ideal","E","SI1",62.1,57,1389,5.1,5.14,3.18
"5288",11588,1,"Fair","F","SI1",61.3,62,5040,6.45,6.37,3.93
"5289",3213,0.7,"Ideal","F","VVS1",62.2,55,3348,5.69,5.66,3.53
"5290",15455,1.21,"Very Good","H","VS2",62.9,57,6189,6.75,6.8,4.26
"5291",51874,0.7,"Good","H","VVS2",63.7,54,2427,5.72,5.62,3.61
"5292",14355,1.01,"Ideal","D","SI1",61.4,59,5812,6.4,6.44,3.94
"5293",13584,1.05,"Premium","F","SI1",61.8,56,5557,6.55,6.45,4.02
"5294",29863,0.3,"Ideal","D","VS2",62.2,55,710,4.29,4.33,2.68
"5295",21762,1.5,"Good","I","VS1",57.9,60,9828,7.48,7.44,4.32
"5296",37054,0.38,"Ideal","E","VS2",61.5,54,968,4.67,4.69,2.88
"5297",41762,0.42,"Ideal","G","VVS1",62.8,55,1245,4.78,4.8,3.01
"5298",14801,1.2,"Very Good","I","SI1",62.9,54,5955,6.75,6.77,4.25
"5299",28350,0.33,"Very Good","G","VS1",60.1,61,666,4.44,4.48,2.68
"5300",28862,0.31,"Ideal","G","VS2",61.1,55,684,4.39,4.41,2.69
"5301",43186,0.54,"Very Good","G","SI1",63.8,57,1392,5.16,5.19,3.3
"5302",30847,0.33,"Ideal","H","VS1",62,55,743,4.46,4.44,2.76
"5303",31066,0.27,"Ideal","D","VVS1",61.7,57,752,4.2,4.16,2.58
"5304",30906,0.32,"Ideal","E","VS1",61.7,56,745,4.41,4.44,2.73
"5305",50315,0.7,"Premium","D","SI2",63,56,2239,5.67,5.64,3.56
"5306",21930,1.03,"Ideal","E","VVS2",60.6,59,10003,6.5,6.53,3.95
"5307",23863,1.34,"Ideal","G","VVS2",62,55,11955,7.02,7.08,4.37
"5308",47744,0.59,"Ideal","G","SI1",61.3,56,1891,5.41,5.43,3.32
"5309",2231,0.74,"Premium","G","VVS1",61.2,59,3145,5.84,5.79,3.56
"5310",19294,1.04,"Ideal","G","VVS2",62.1,55.1,8012,6.5,6.51,4.04
"5311",17193,1.18,"Very Good","I","IF",63.3,58,6867,6.69,6.73,4.25
"5312",38024,0.39,"Premium","G","VS2",60.9,59,1009,4.74,4.69,2.87
"5313",3359,0.91,"Very Good","H","SI2",63.4,57,3382,6.1,6.18,3.89
"5314",31206,0.32,"Ideal","D","SI1",61.4,57,756,4.42,4.41,2.71
"5315",22014,1.5,"Very Good","E","SI2",63.5,60,10080,7.25,7.21,4.59
"5316",43103,0.5,"Ideal","H","VS1",61.6,58,1384,5.08,5.11,3.14
"5317",43092,0.41,"Ideal","E","VVS2",61.1,57,1381,4.82,4.77,2.93
"5318",35501,0.41,"Premium","E","SI1",59.3,61,904,4.84,4.8,2.86
"5319",30066,0.32,"Ideal","D","VS1",61.4,56,720,4.38,4.41,2.7
"5320",32554,0.41,"Very Good","G","VS2",61.4,57,800,4.76,4.81,2.94
"5321",5611,0.9,"Very Good","E","SI2",59.4,58,3872,6.31,6.35,3.76
"5322",39110,0.41,"Ideal","H","VS1",61.9,56,1061,4.78,4.75,2.95
"5323",29653,0.35,"Ideal","F","VS2",61.4,56,706,4.53,4.56,2.79
"5324",27673,2.67,"Good","F","SI2",63.8,58,18686,8.69,8.64,5.54
"5325",40511,0.45,"Good","F","VS1",58.6,62.2,1144,5,5.05,2.95
"5326",10014,1.01,"Premium","H","SI1",62.6,61,4707,6.39,6.36,3.99
"5327",26292,1.5,"Ideal","D","VS2",62,57,15788,7.34,7.37,4.56
"5328",11493,1.04,"Premium","G","SI1",60.9,59,5017,6.57,6.53,3.99
"5329",26226,1.52,"Good","E","VS1",63.9,56,15649,7.21,7.25,4.62
"5330",31235,0.44,"Good","E","SI1",63.2,53,756,4.84,4.87,3.07
"5331",5236,1.16,"Premium","F","SI2",62.1,59,3787,6.74,6.63,4.15
"5332",18219,1,"Good","E","VS1",63.6,59,7392,6.35,6.32,4.03
"5333",8618,1.24,"Premium","H","SI2",62.3,58,4444,6.84,6.8,4.25
"5334",9892,0.9,"Very Good","H","VS1",62.8,59,4685,6.07,6.15,3.84
"5335",46488,0.57,"Ideal","E","VS2",62.1,55,1778,5.37,5.33,3.32
"5336",49665,0.62,"Ideal","G","VS1",61.8,57,2141,5.47,5.5,3.39
"5337",45988,0.3,"Good","H","VS1",63.3,56,526,4.26,4.3,2.71
"5338",20627,1.31,"Ideal","G","VS2",61.9,56,8922,7.05,7.08,4.37
"5339",30023,0.36,"Ideal","E","VS2",61.3,56,718,4.59,4.61,2.82
"5340",9737,1.16,"Very Good","I","SI1",61.5,60.4,4657,6.71,6.76,4.14
"5341",31661,0.38,"Ideal","G","VS2",61.5,54.4,768,4.65,4.7,2.88
"5342",11542,1.21,"Good","I","VS2",64.1,61,5028,6.7,6.66,4.28
"5343",43810,0.51,"Ideal","G","VS2",62,56,1443,5.18,5.11,3.19
"5344",3061,0.7,"Good","F","VVS1",63.3,56,3310,5.64,5.7,3.59
"5345",7875,0.9,"Very Good","H","VS1",62.1,59,4309,6.09,6.14,3.8
"5346",20976,1.53,"Ideal","I","VS2",62.3,57,9189,7.3,7.35,4.56
"5347",1993,0.91,"Premium","F","SI2",62.1,56,3096,6.26,6.21,3.87
"5348",19506,1,"Very Good","G","VVS2",63,54,8138,6.37,6.43,4.03
"5349",22542,1.02,"Premium","D","VVS2",61.4,58,10580,6.43,6.46,3.96
"5350",47274,0.5,"Ideal","H","IF",62.4,54,1844,5.1,5.13,3.19
"5351",23917,1.22,"Ideal","E","VVS2",63,55,12036,6.83,6.78,4.29
"5352",2423,0.95,"Premium","G","SI2",62.6,58,3181,6.22,6.18,3.88
"5353",27514,2.3,"Premium","I","VS2",61.8,60,18239,8.47,8.39,5.21
"5354",36110,0.42,"Good","F","SI1",63.6,57,926,4.76,4.7,3.01
"5355",40125,0.41,"Premium","F","VVS2",60.1,58,1115,4.79,4.83,2.89
"5356",41727,0.41,"Ideal","E","VVS2",60,57,1243,4.85,4.81,2.9
"5357",27935,0.32,"Ideal","H","SI1",61.2,56,430,4.43,4.46,2.72
"5358",41807,0.5,"Premium","F","SI1",62.2,59,1250,5.07,5.03,3.14
"5359",2791,0.91,"Very Good","J","VS2",61,58,3258,6.22,6.3,3.82
"5360",15226,1.18,"Ideal","G","SI1",62.5,55,6112,6.77,6.74,4.22
"5361",12954,1.3,"Ideal","H","VS2",62.9,56,5387,7,6.96,4.39
"5362",10075,0.4,"Good","J","VS2",64,57,591,4.67,4.7,3
"5363",47107,0.43,"Ideal","E","VVS1",61,57,1827,4.85,4.88,2.97
"5364",16526,1.05,"Ideal","G","VS2",60.8,57,6604,6.65,6.58,4.02
"5365",2410,0.72,"Ideal","D","VS2",62.8,57,3179,5.68,5.73,3.58
"5366",48849,0.63,"Very Good","F","VS2",63,56.2,2032,5.38,5.48,3.42
"5367",5962,0.9,"Good","F","SI1",57.5,60,3950,6.33,6.37,3.65
"5368",25418,2.01,"Very Good","H","SI2",63.2,57,14150,8.02,7.97,5.05
"5369",38480,0.42,"Very Good","G","VVS2",60.4,59,1031,4.78,4.82,2.9
"5370",26746,2,"Good","I","VS2",63.3,56,16544,7.98,8.03,5.07
"5371",668,0.7,"Good","F","VS2",59.1,61,2846,5.76,5.84,3.43
"5372",20973,1.51,"Very Good","I","VS2",61.6,57,9185,7.28,7.34,4.5
"5373",14858,1.28,"Very Good","H","SI2",60.2,58,5984,7.03,7.13,4.26
"5374",3342,0.9,"Premium","I","SI1",63,60,3377,6.08,5.99,3.8
"5375",17304,1.09,"Ideal","G","VS1",62.4,57,6934,6.55,6.63,4.11
"5376",2590,0.71,"Ideal","D","VS2",62.5,55,3217,5.71,5.74,3.58
"5377",5947,0.72,"Ideal","E","VS1",61.1,57,3947,5.78,5.81,3.54
"5378",36499,0.32,"Ideal","E","IF",62,55,944,4.37,4.41,2.72
"5379",51343,0.79,"Fair","G","SI1",65.3,76,2362,5.52,5.13,3.35
"5380",3242,1.07,"Good","F","I1",64.3,59,3354,6.37,6.42,4.11
"5381",11350,1.21,"Very Good","J","SI1",61.6,59,4990,6.8,6.83,4.2
"5382",2483,0.9,"Good","H","SI2",63.6,60,3193,6.11,6.06,3.87
"5383",34718,0.37,"Premium","D","SI1",62.2,58,874,4.62,4.58,2.86
"5384",10135,1.06,"Very Good","F","SI1",62.5,58,4721,6.46,6.5,4.05
"5385",53499,1.01,"Premium","J","SI2",59.3,56,2683,6.51,6.45,3.84
"5386",30072,0.32,"Ideal","F","SI2",61.7,56,720,4.44,4.41,2.73
"5387",17656,1,"Good","D","VS2",63.1,56,7114,6.36,6.4,4.02
"5388",32697,0.31,"Premium","F","VS2",59.3,60,802,4.41,4.39,2.61
"5389",25848,1.52,"Ideal","F","VS2",62.5,55,14915,7.42,7.31,4.6
"5390",31163,0.41,"Very Good","F","SI1",62.8,57,755,4.69,4.73,2.96
"5391",40090,0.33,"Premium","G","VVS1",60.9,60,1114,4.5,4.46,2.73
"5392",42673,0.85,"Fair","J","I1",65.5,59,1334,5.95,5.82,3.86
"5393",5827,1.01,"Fair","E","SI2",57.9,57,3916,6.51,6.55,3.78
"5394",49985,0.71,"Ideal","E","SI2",62.3,57,2190,5.66,5.74,3.55
"5395",34322,0.36,"Premium","E","VVS2",61.7,59,859,4.52,4.56,2.8
"5396",17289,1.12,"Good","F","VS2",63.8,57,6925,6.59,6.61,4.21
"5397",34232,0.4,"Ideal","E","SI2",61.2,55,855,4.77,4.74,2.91
"5398",5373,0.3,"Premium","D","SI2",61.8,58,574,4.32,4.29,2.66
"5399",47481,0.59,"Good","F","VS1",60.5,61,1861,5.43,5.5,3.31
"5400",10097,1,"Ideal","H","SI2",61.4,60,4713,6.35,6.41,3.92
"5401",14338,1,"Premium","G","VS2",62.9,56,5806,6.42,6.27,3.99
"5402",13787,1.01,"Premium","G","VS2",59.8,61,5620,6.53,6.44,3.88
"5403",33715,0.33,"Ideal","H","IF",61.1,56,838,4.47,4.5,2.74
"5404",886,0.9,"Premium","J","SI1",60.9,61,2873,6.26,6.22,3.8
"5405",40360,0.43,"Ideal","D","VS2",60.7,57,1129,4.91,4.88,2.97
"5406",20884,1.73,"Premium","J","SI1",60.7,58,9105,7.73,7.78,4.71
"5407",19634,1.13,"Ideal","E","VS2",62,54,8253,6.66,6.7,4.14
"5408",30618,0.3,"Very Good","G","SI1",59.7,60,447,4.35,4.39,2.61
"5409",29518,0.41,"Ideal","J","VS1",62.7,56,703,4.73,4.77,2.98
"5410",183,0.72,"Ideal","G","SI1",61.8,56,2776,5.72,5.75,3.55
"5411",14974,1.57,"Premium","J","SI2",59.6,56,6031,7.59,7.5,4.5
"5412",43661,0.5,"Good","D","SI1",63.2,57,1436,5.02,5.07,3.19
"5413",32491,0.32,"Ideal","G","VVS1",61.1,55,796,4.46,4.48,2.73
"5414",18771,1.53,"Very Good","J","VS1",59.5,60,7677,7.55,7.65,4.52
"5415",23956,1.53,"Premium","H","VVS2",60.4,60,12092,7.46,7.41,4.49
"5416",5231,0.77,"Ideal","G","VS2",61.7,55,3786,5.89,5.91,3.64
"5417",12660,1.02,"Good","F","SI1",63.2,59,5301,6.35,6.38,4.02
"5418",6781,0.93,"Very Good","E","SI2",62.5,58,4113,6.21,6.24,3.89
"5419",43300,0.61,"Ideal","I","SI2",61.1,57,1401,5.46,5.49,3.34
"5420",17474,1.04,"Ideal","F","VS1",61.4,57,7015,6.51,6.56,4.01
"5421",46422,0.66,"Very Good","E","SI2",61.3,57.2,1769,5.59,5.66,3.45
"5422",16458,1.01,"Very Good","E","VS2",60.4,57,6577,6.45,6.49,3.91
"5423",27576,1.7,"Premium","F","VS1",58.5,60,18398,7.83,7.76,4.56
"5424",12416,1.06,"Premium","F","SI1",61,58,5236,6.65,6.6,4.04
"5425",44042,0.55,"Very Good","H","VS2",62,55.2,1548,5.28,5.31,3.28
"5426",40154,0.46,"Ideal","E","SI2",61.3,56,1116,5.02,4.96,3.06
"5427",10702,1.2,"Good","G","SI2",63.1,57,4847,6.73,6.77,4.26
"5428",18253,1.7,"Premium","G","SI2",62.2,59,7414,7.68,7.6,4.75
"5429",1881,0.7,"Good","D","VS2",58,65,3073,5.81,5.73,3.39
"5430",45862,0.5,"Premium","F","VS1",61.6,58,1715,5.11,5.06,3.13
"5431",40740,0.54,"Good","E","SI2",63.4,56,1163,5.14,5.18,3.27
"5432",12836,1.2,"Very Good","I","SI1",63.8,57,5352,6.64,6.72,4.26
"5433",46310,0.3,"Premium","E","SI1",59.8,60,526,4.31,4.35,2.59
"5434",34711,0.37,"Ideal","D","SI1",61.5,57,874,4.63,4.6,2.84
"5435",6154,0.93,"Ideal","D","SI2",62.5,55,3990,6.2,6.24,3.89
"5436",51889,0.73,"Very Good","H","VS2",61.3,60,2430,5.72,5.79,3.53
"5437",2173,0.71,"Ideal","D","VS2",60.4,57,3135,5.77,5.82,3.5
"5438",38580,0.4,"Ideal","G","VS2",62.3,57,1035,4.71,4.7,2.93
"5439",21414,1.62,"Premium","E","SI2",61.8,59,9526,7.55,7.52,4.66
"5440",36305,0.32,"Premium","H","VVS1",61.4,58,936,4.41,4.38,2.7
"5441",32199,0.35,"Ideal","E","SI1",62.3,56,788,4.56,4.53,2.83
"5442",14220,1.2,"Ideal","I","SI1",60.3,56,5763,6.87,6.97,4.17
"5443",12596,1,"Premium","D","SI2",60.9,59,5286,6.46,6.41,3.92
"5444",51023,0.74,"Premium","F","SI2",61.4,57,2328,5.82,5.8,3.57
"5445",39188,0.5,"Premium","E","SI2",59.7,59,1063,5.18,5.11,3.07
"5446",33440,0.32,"Ideal","G","VS1",61.7,55,828,4.43,4.39,2.72
"5447",10094,1.13,"Ideal","G","SI2",61.3,57,4712,6.73,6.67,4.11
"5448",34904,0.33,"Ideal","F","VVS1",61.9,54,880,4.42,4.46,2.75
"5449",4939,0.98,"Very Good","H","SI2",62.1,59,3731,6.33,6.39,3.95
"5450",28269,0.27,"Ideal","G","SI2",62.3,55,361,4.14,4.18,2.59
"5451",13674,1.1,"Ideal","F","SI2",62.4,56,5596,6.58,6.62,4.12
"5452",22872,2,"Fair","H","SI2",67.9,55,10913,7.67,7.58,5.18
"5453",33322,0.35,"Ideal","D","SI1",62.3,55,827,4.54,4.51,2.82
"5454",1104,0.71,"Very Good","D","SI1",61.7,56,2913,5.68,5.8,3.54
"5455",3279,0.82,"Ideal","F","SI1",62.1,56,3361,6.04,6,3.74
"5456",6421,0.8,"Ideal","F","VS2",60.9,57,4043,5.98,6.04,3.66
"5457",29489,0.32,"Ideal","E","VS2",62.3,57,702,4.41,4.42,2.75
"5458",34096,0.36,"Ideal","I","IF",60.8,57,852,4.6,4.64,2.81
"5459",52029,0.8,"Premium","F","SI2",61.4,58,2447,5.95,5.93,3.65
"5460",26603,2.07,"Ideal","I","SI2",62,55,16337,8.22,8.12,5.07
"5461",31532,0.34,"Ideal","E","SI1",62.7,55,765,4.47,4.46,2.8
"5462",23757,1.52,"Good","H","VS1",63.5,60,11804,7.24,7.28,4.61
"5463",38597,0.53,"Ideal","J","VS2",62.6,53,1038,5.21,5.24,3.27
"5464",27959,0.27,"Ideal","I","VS1",61.3,57,432,4.16,4.19,2.56
"5465",50529,0.75,"Premium","F","SI2",60.9,58,2274,5.88,5.91,3.59
"5466",18225,1.19,"Premium","G","VS2",58.9,61,7397,6.88,6.81,4.03
"5467",42073,0.55,"Good","D","SI2",63.3,56,1272,5.21,5.24,3.31
"5468",19690,0.3,"Ideal","G","VS1",62,56,624,4.29,4.32,2.67
"5469",25181,1.7,"Premium","F","SI1",62.3,58,13766,7.63,7.59,4.74
"5470",904,0.71,"Ideal","E","VS1",62.4,56,2877,5.75,5.7,3.57
"5471",9505,1.09,"Ideal","J","SI1",60.7,58,4611,6.64,6.68,4.04
"5472",14953,1,"Very Good","H","VVS1",62.3,60,6022,6.28,6.36,3.94
"5473",40301,0.4,"Premium","G","VS1",60.7,58,1125,4.81,4.78,2.91
"5474",19346,1.7,"Premium","I","SI1",61.6,56,8044,7.65,7.55,4.68
"5475",4735,0.3,"Ideal","F","VS2",62.5,54,573,4.29,4.32,2.69
"5476",4749,0.93,"Very Good","I","SI1",58.9,60,3685,6.43,6.48,3.8
"5477",9029,1.06,"Ideal","H","SI2",60.1,59,4516,6.58,6.67,3.98
"5478",40553,0.41,"Ideal","F","IF",62.2,54,1151,4.76,4.79,2.97
"5479",40641,0.41,"Ideal","E","VS1",62.7,57,1153,4.76,4.72,2.97
"5480",32494,0.32,"Ideal","H","IF",61.6,56,796,4.4,4.43,2.72
"5481",52680,0.59,"Ideal","F","VVS2",61.7,56,2551,5.38,5.41,3.33
"5482",2435,0.76,"Ideal","G","VS2",61.5,55,3183,5.92,5.88,3.63
"5483",8207,0.7,"Ideal","D","VVS2",62,53.4,4369,5.69,5.72,3.54
"5484",53778,0.62,"Premium","E","VVS2",60.7,60,2727,5.51,5.43,3.32
"5485",47501,0.7,"Fair","H","SI1",65.5,57,1865,5.59,5.55,3.65
"5486",47599,0.62,"Ideal","H","VS1",61.4,56,1878,5.47,5.51,3.37
"5487",53882,0.72,"Ideal","G","VS1",62.6,53,2746,5.76,5.78,3.61
"5488",32623,0.31,"Ideal","H","SI1",61.5,56.5,457,4.34,4.36,2.67
"5489",8051,0.25,"Very Good","F","VVS2",61.2,55,583,4.1,4.14,2.52
"5490",29730,0.31,"Good","H","VVS1",63.1,57,707,4.25,4.31,2.7
"5491",8410,1.04,"Ideal","F","SI1",59.9,56,4403,6.64,6.58,3.96
"5492",24670,1.58,"Premium","G","VS2",62.6,59,13014,7.44,7.47,4.67
"5493",53462,0.72,"Ideal","I","VVS1",61.3,57,2678,5.77,5.75,3.53
"5494",31883,0.3,"Premium","G","VS1",59.6,59,776,4.38,4.34,2.6
"5495",21852,1.57,"Ideal","I","VS2",61.5,56,9912,7.49,7.56,4.63
"5496",37142,0.4,"Ideal","F","VVS2",61.1,57,972,4.73,4.8,2.91
"5497",48647,0.23,"Good","G","VVS2",63.8,56,537,3.94,3.9,2.5
"5498",39363,0.52,"Premium","F","SI2",61.7,58,1073,5.23,5.18,3.15
"5499",2345,0.83,"Ideal","G","SI1",61.8,55,3171,6.05,6.09,3.75
"5500",34057,0.36,"Premium","D","SI1",59.6,58,851,4.65,4.61,2.76
"5501",12932,1.14,"Ideal","H","SI1",62.3,56,5382,6.69,6.77,4.19
"5502",25716,1.7,"Ideal","E","SI1",60.1,57,14623,7.71,7.74,4.64
"5503",38259,0.3,"Ideal","G","SI2",61.7,57,382,4.26,4.3,2.64
"5504",15692,0.29,"Ideal","G","VVS2",60.7,54,607,4.33,4.37,2.64
"5505",49650,0.3,"Premium","H","SI1",62.6,58,540,4.28,4.22,2.66
"5506",10408,0.31,"Ideal","G","SI1",63,56,593,4.34,4.3,2.72
"5507",7894,1.12,"Very Good","I","SI1",60.6,60,4312,6.73,6.77,4.09
"5508",11711,0.4,"Very Good","J","VS2",62.5,60,596,4.67,4.71,2.93
"5509",49914,0.7,"Ideal","F","SI2",61.1,56,2183,5.71,5.78,3.51
"5510",26982,2.12,"Ideal","I","VS2",62.7,56,17068,8.16,8.24,5.14
"5511",6968,0.92,"Premium","D","SI2",62.5,55,4150,6.21,6.18,3.87
"5512",1166,0.81,"Premium","F","SI1",61.2,56,2926,6.03,6,3.68
"5513",13598,1.18,"Very Good","G","SI2",62.4,56,5562,6.8,6.83,4.25
"5514",32766,0.34,"Ideal","D","SI1",60.1,57,803,4.56,4.52,2.73
"5515",22884,1.37,"Ideal","G","VS1",62.2,55,10927,7.09,7.12,4.42
"5516",7879,0.9,"Premium","G","VS2",61.5,60,4309,6.16,6.13,3.78
"5517",14042,0.26,"Ideal","G","VVS1",62.8,54,605,4.07,4.09,2.56
"5518",3895,0.77,"Very Good","D","VS2",61.2,59,3489,5.86,5.91,3.6
"5519",6106,0.9,"Very Good","F","SI2",62,59,3977,6.2,6.1,3.81
"5520",16487,1.29,"Premium","H","SI1",61.6,57,6588,7.02,6.97,4.31
"5521",30453,0.3,"Ideal","F","VS1",61,56,731,4.37,4.35,2.66
"5522",21688,1.09,"Ideal","F","VS1",61.6,55,9786,6.62,6.67,4.09
"5523",28245,0.33,"Ideal","H","VVS2",61.7,56,666,4.41,4.44,2.73
"5524",4448,0.7,"Ideal","D","VS1",62.8,53.4,3618,5.64,5.68,3.55
"5525",10579,1.23,"Ideal","F","SI2",62.1,57,4819,6.83,6.8,4.23
"5526",13583,1.04,"Very Good","D","SI1",63.4,55,5557,6.41,6.46,4.08
"5527",52547,0.65,"Ideal","E","VS1",61.4,59,2533,5.53,5.57,3.41
"5528",29816,0.3,"Premium","D","SI1",62.7,60,709,4.26,4.23,2.66
"5529",18932,1.02,"Very Good","E","VS1",60.1,59,7779,6.48,6.53,3.91
"5530",15207,1.01,"Premium","G","VS2",58.5,61,6108,6.57,6.52,3.83
"5531",15436,1.21,"Premium","H","SI1",61.8,58,6180,6.83,6.79,4.21
"5532",32101,0.33,"Ideal","D","VS2",62.1,56,781,4.42,4.47,2.76
"5533",52134,0.52,"Ideal","E","VVS1",59.9,57,2467,5.28,5.24,3.15
"5534",26988,2.13,"Premium","H","SI2",62.3,57,17073,8.24,8.16,5.11
"5535",39274,0.25,"Good","F","VVS1",59.1,60,490,4.1,4.12,2.43
"5536",22973,1.2,"Premium","F","VVS2",62.2,58,11021,6.83,6.78,4.23
"5537",38765,0.31,"Ideal","F","IF",62,56,1046,4.36,4.32,2.69
"5538",9610,1.02,"Ideal","G","SI1",59.2,57,4633,6.52,6.56,3.87
"5539",52935,0.7,"Good","F","VS2",62.6,61,2591,5.56,5.62,3.5
"5540",2210,1,"Fair","G","SI2",64.6,67,3142,6.25,6.19,4.02
"5541",543,1.01,"Premium","H","SI2",61.6,61,2828,6.39,6.31,3.91
"5542",27445,2.01,"Good","G","SI1",60.8,61,18077,7.99,8.09,4.89
"5543",11441,1.14,"Ideal","E","SI2",62.6,56,5005,6.69,6.63,4.17
"5544",21455,1.04,"Ideal","E","VVS2",62,58,9552,6.54,6.46,4.03
"5545",32537,0.27,"Premium","E","VVS2",59,59,799,4.27,4.24,2.51
"5546",35451,0.32,"Ideal","E","VS2",62.9,56,900,4.39,4.36,2.75
"5547",8337,1.01,"Premium","G","SI1",58.8,58,4395,6.59,6.51,3.85
"5548",31638,0.3,"Very Good","J","SI1",63.4,54,450,4.29,4.23,2.7
"5549",2856,0.8,"Good","E","VS2",64.5,56,3273,5.8,5.86,3.76
"5550",47742,0.7,"Premium","F","SI2",62,58,1890,5.7,5.64,3.52
"5551",5067,0.3,"Good","G","SI1",63.8,56,574,4.3,4.26,2.73
"5552",15648,1,"Premium","E","VS2",59.9,59,6272,6.45,6.38,3.84
"5553",735,0.31,"Ideal","I","VVS1",62.7,53,557,4.33,4.35,2.72
"5554",43345,0.51,"Good","F","SI1",64.2,59,1406,5.04,5.02,3.23
"5555",13574,1.21,"Very Good","G","SI2",59.6,60,5556,6.92,6.94,4.13
"5556",15678,1.32,"Ideal","J","VS2",62.3,57,6288,6.96,7,4.35
"5557",31779,0.42,"Very Good","E","SI1",62.8,59,773,4.74,4.78,2.99
"5558",27721,2.02,"Very Good","E","SI1",59.8,59,18731,8.11,8.2,4.88
"5559",26593,2.65,"Premium","G","SI2",62,61,16314,8.82,8.75,5.45
"5560",44438,0.51,"Premium","E","VS2",62.5,60,1590,5.08,5.1,3.18
"5561",10195,1.05,"Premium","H","VS2",60.5,58,4739,6.7,6.63,4.03
"5562",15794,1.69,"Premium","I","I1",62.4,60,6320,7.56,7.59,4.73
"5563",24155,1.67,"Ideal","H","VS2",61.7,55,12327,7.68,7.61,4.72
"5564",29118,0.34,"Ideal","H","VS2",62.6,54,689,4.5,4.45,2.8
"5565",52512,0.7,"Premium","F","SI1",62.1,58,2527,5.7,5.64,3.52
"5566",21385,0.34,"Premium","D","SI1",61.2,58,626,4.47,4.49,2.74
"5567",15174,1.01,"Very Good","H","VVS2",63.3,57,6097,6.39,6.35,4.03
"5568",19139,1.2,"Ideal","D","SI1",62.7,55,7903,6.79,6.71,4.23
"5569",10013,1.01,"Premium","H","SI1",62.2,54,4707,6.48,6.41,4.01
"5570",47711,0.57,"Ideal","E","VS1",60.5,57,1884,5.33,5.38,3.24
"5571",3137,0.88,"Ideal","I","SI1",61.7,56,3328,6.14,6.18,3.8
"5572",5621,0.9,"Fair","E","VS2",65.2,61,3875,6.01,5.98,3.91
"5573",29932,0.38,"Ideal","H","VS1",62.1,55.4,714,4.63,4.68,2.89
"5574",20785,1.16,"Very Good","G","VVS1",60.7,56,9023,6.77,6.83,4.13
"5575",16582,1.1,"Ideal","F","SI1",61.6,54,6621,6.66,6.69,4.11
"5576",24225,1.24,"Ideal","D","VS1",61.6,55,12417,6.92,6.9,4.26
"5577",4119,0.9,"Premium","I","VS2",62.4,58,3539,6.16,6.22,3.86
"5578",28358,0.4,"Ideal","I","VS2",62.6,54,667,4.74,4.75,2.97
"5579",35471,0.33,"Ideal","H","VVS1",62.5,56,901,4.44,4.42,2.77
"5580",41815,0.43,"Ideal","F","VVS2",62.2,55,1250,4.85,4.83,3.01
"5581",30471,0.31,"Very Good","D","SI1",63.5,57,732,4.32,4.28,2.73
"5582",53847,0.82,"Very Good","E","SI1",63.2,57,2741,5.92,5.97,3.76
"5583",18732,1.51,"Ideal","J","VS2",62.4,57,7651,7.35,7.3,4.57
"5584",17502,1.29,"Ideal","H","SI1",62.1,55,7036,6.96,7,4.34
"5585",1070,0.31,"Premium","I","VS2",61.1,58,558,4.38,4.36,2.67
"5586",51201,0.7,"Ideal","I","VS2",61.6,56,2351,5.67,5.72,3.51
"5587",44692,0.51,"Very Good","E","VS2",61.4,56,1612,5.15,5.18,3.17
"5588",4731,0.34,"Ideal","G","VS2",61.6,56,573,4.48,4.51,2.77
"5589",50979,0.31,"Premium","G","VS2",61.5,60,544,4.31,4.34,2.66
"5590",1416,0.9,"Ideal","G","SI2",62.4,57,2968,6.16,6.13,3.84
"5591",34796,0.4,"Ideal","G","VS1",62.2,56,877,4.72,4.74,2.94
"5592",46489,0.46,"Very Good","D","VVS1",62.2,56,1778,4.94,4.97,3.08
"5593",19182,1.06,"Ideal","G","VVS2",61.6,56.3,7934,6.53,6.56,4.03
"5594",21372,0.34,"Ideal","D","SI1",61.2,57,626,4.48,4.51,2.75
"5595",49230,0.7,"Good","H","VS2",63.8,60,2083,5.59,5.51,3.54
"5596",12994,1.02,"Premium","F","SI1",62.3,58,5398,6.46,6.38,4
"5597",32832,0.33,"Ideal","H","IF",61.8,55.2,806,4.44,4.47,2.76
"5598",53703,0.9,"Good","J","SI2",63.9,56,2717,6.17,6.1,3.92
"5599",21017,1.23,"Ideal","G","VS1",62.1,57,9230,6.87,6.79,4.24
"5600",22641,1.51,"Premium","G","SI1",62.2,58,10688,7.3,7.26,4.53
"5601",34380,0.41,"Premium","I","VVS1",61.5,59,863,4.75,4.81,2.94
"5602",7997,1.01,"Premium","G","SI2",62,58,4327,6.41,6.37,3.96
"5603",30797,0.36,"Ideal","E","VS2",61.7,55,742,4.57,4.6,2.83
"5604",17477,1.13,"Ideal","G","VS2",62.7,56,7016,6.65,6.61,4.16
"5605",29222,0.34,"Ideal","I","IF",62.1,54,695,4.49,4.53,2.8
"5606",33774,0.48,"Ideal","I","SI1",62.5,54,841,5.04,5.07,3.16
"5607",42657,0.4,"Ideal","E","VVS1",61.5,56,1333,4.75,4.78,2.93
"5608",14482,1.2,"Premium","F","SI2",62.6,58,5846,6.79,6.73,4.23
"5609",20934,1.01,"Very Good","E","VVS2",63.3,55,9140,6.41,6.36,4.04
"5610",301,0.77,"Ideal","I","VS1",61.5,59,2798,5.87,5.91,3.62
"5611",49125,0.56,"Ideal","D","VS2",61.4,55,2066,5.35,5.33,3.28
"5612",47254,0.51,"Ideal","G","VVS2",61.6,56,1842,5.14,5.12,3.16
"5613",26003,1.66,"Very Good","G","VS2",63.2,56,15229,7.61,7.49,4.77
"5614",31402,0.3,"Ideal","G","VVS1",61.5,57,764,4.28,4.31,2.64
"5615",963,0.71,"Ideal","E","VS2",61.6,56,2891,5.74,5.76,3.54
"5616",38455,0.44,"Premium","E","SI2",59.7,61,1028,4.97,4.91,2.95
"5617",20401,1.25,"Ideal","F","VS2",62.8,57,8764,6.87,6.85,4.31
"5618",52155,0.7,"Very Good","G","VS1",63.2,58,2473,5.61,5.65,3.56
"5619",20701,0.31,"Very Good","G","VS1",62.9,57,625,4.3,4.32,2.71
"5620",17579,1.06,"Very Good","E","VS2",61,60,7079,6.57,6.53,4
"5621",19379,0.4,"Good","E","SI2",63.5,56,622,4.68,4.71,2.98
"5622",7778,1.02,"Premium","I","SI1",62.7,55,4284,6.48,6.41,4.04
"5623",2999,0.9,"Very Good","G","SI2",59.2,57,3303,6.3,6.36,3.75
"5624",42084,0.55,"Ideal","E","SI2",61.8,55,1273,5.26,5.29,3.26
"5625",46571,0.59,"Very Good","F","VS2",61.6,56,1784,5.39,5.41,3.33
"5626",31203,0.32,"Ideal","D","SI1",59.6,57,756,4.47,4.42,2.65
"5627",48705,0.6,"Very Good","D","VS2",63.7,56,2010,5.34,5.36,3.41
"5628",19176,1.21,"Ideal","H","VS1",62.8,54,7928,6.81,6.78,4.26
"5629",32416,0.41,"Ideal","D","SI1",61.4,56,791,4.77,4.8,2.94
"5630",28762,0.31,"Ideal","E","VS2",62.4,54,680,4.31,4.35,2.7
"5631",36121,0.36,"Ideal","E","VVS2",61.8,54,928,4.6,4.62,2.85
"5632",4548,0.82,"Very Good","E","VS2",62.6,60,3641,5.91,5.97,3.72
"5633",34625,0.31,"Premium","E","VS2",61,58,872,4.39,4.37,2.67
"5634",37533,0.38,"Very Good","F","VS1",59.7,61,988,4.69,4.73,2.81
"5635",40762,0.42,"Good","F","VVS1",61.2,64,1164,4.75,4.8,2.92
"5636",45122,0.52,"Premium","F","VS2",58.5,60,1651,5.29,5.24,3.08
"5637",21986,1.51,"Very Good","H","SI1",63.3,57,10053,7.23,7.34,4.61
"5638",4192,0.93,"Very Good","I","VS1",62.5,58,3562,6.2,6.25,3.89
"5639",46986,0.59,"Very Good","D","SI1",62.3,54,1816,5.38,5.41,3.36
"5640",38822,0.7,"Very Good","G","I1",61.5,63,1047,5.73,5.65,3.5
"5641",10778,1.05,"Premium","G","SI1",62.1,60,4857,6.48,6.44,4.01
"5642",43035,0.55,"Premium","F","SI1",60.1,58,1374,5.34,5.3,3.2
"5643",51113,0.83,"Good","H","SI2",63.9,56,2337,5.99,5.93,3.81
"5644",51582,0.72,"Very Good","I","VS2",63.3,57,2393,5.66,5.72,3.6
"5645",1458,0.76,"Ideal","E","SI2",62.1,56,2978,5.85,5.88,3.64
"5646",32178,0.39,"Premium","G","VS2",61.2,60,787,4.68,4.73,2.88
"5647",20085,1.12,"Premium","G","VVS1",60.9,57,8561,6.72,6.67,4.08
"5648",50561,0.72,"Very Good","H","SI1",61.5,56,2277,5.77,5.8,3.56
"5649",21259,1.5,"Ideal","I","VS2",62.6,55,9408,7.39,7.31,4.6
"5650",30389,0.33,"Ideal","H","VVS1",61.6,55,730,4.45,4.48,2.75
"5651",2142,0.83,"Ideal","E","SI2",61.3,57,3125,6.02,6.05,3.7
"5652",32483,0.3,"Ideal","G","VS1",61.8,56,795,4.32,4.35,2.68
"5653",36691,0.39,"Premium","E","VS2",62.5,60,951,4.67,4.64,2.91
"5654",42287,0.23,"Good","F","VVS2",62.8,61,505,3.92,3.95,2.47
"5655",15879,1.26,"Ideal","I","VS2",62.6,55,6350,6.96,6.91,4.34
"5656",8260,1,"Very Good","H","SI2",62,57,4379,6.4,6.34,3.95
"5657",846,0.72,"Ideal","E","SI1",60.8,55,2869,5.77,5.84,3.53
"5658",5665,0.91,"Premium","H","VS1",59.2,62,3881,6.2,6.14,3.65
"5659",7919,0.9,"Good","E","VS2",64.2,59,4315,6.02,6.1,3.89
"5660",20162,1.31,"Ideal","H","VS1",62.5,56,8617,6.95,7.03,4.37
"5661",44131,0.66,"Ideal","E","SI2",61.9,55,1560,5.61,5.64,3.48
"5662",36229,0.38,"Very Good","D","VS2",60.9,58,933,4.63,4.67,2.83
"5663",13431,1.06,"Ideal","I","VS2",60.3,57,5516,6.61,6.66,4.01
"5664",30871,0.33,"Ideal","G","VS2",62.6,56,743,4.41,4.38,2.75
"5665",22594,1.5,"Fair","G","VS2",66.2,53,10644,7.12,7.08,4.7
"5666",7517,1.01,"Good","H","SI1",60.3,64,4242,6.49,6.52,3.92
"5667",6867,0.91,"Premium","H","VS2",62.8,58,4128,6.17,6.15,3.87
"5668",44675,0.55,"Ideal","E","SI1",62.5,56,1609,5.21,5.25,3.27
"5669",48718,0.7,"Ideal","F","SI2",62.6,53,2011,5.72,5.69,3.57
"5670",3282,0.91,"Premium","G","SI2",61.3,60,3363,6.2,6.17,3.79
"5671",691,0.74,"Ideal","G","SI1",61.3,55,2852,5.85,5.86,3.59
"5672",35804,0.39,"Ideal","E","VS1",60.8,56,914,4.74,4.77,2.89
"5673",39762,0.52,"Ideal","I","SI1",61.8,54,1094,5.16,5.19,3.2
"5674",36657,0.3,"Ideal","E","VVS2",60.8,56,949,4.35,4.37,2.65
"5675",14875,1.21,"Very Good","H","SI2",61.1,55.7,5989,6.87,6.92,4.21
"5676",332,0.71,"Ideal","G","VS2",61.3,56,2803,5.75,5.71,3.51
"5677",33358,0.41,"Good","I","VVS2",63.9,55,827,4.71,4.74,3.02
"5678",15193,1.31,"Very Good","J","VS1",63.7,55,6101,6.94,7.01,4.44
"5679",4299,0.78,"Ideal","G","VS2",62,57,3590,5.9,5.86,3.65
"5680",647,0.73,"Ideal","G","VVS2",61.3,57,2843,5.81,5.84,3.57
"5681",41156,0.4,"Ideal","G","IF",61.2,56,1199,4.74,4.77,2.91
"5682",34493,0.32,"Ideal","D","VVS2",61.3,55,867,4.4,4.44,2.71
"5683",14315,1.06,"Ideal","E","SI1",61.6,56,5798,6.55,6.59,4.05
"5684",12581,1.2,"Very Good","I","SI1",62.6,58.2,5280,6.71,6.74,4.21
"5685",11405,1.24,"Ideal","J","SI1",61.8,57,5000,6.92,6.86,4.26
"5686",35060,0.4,"Premium","D","SI1",60.9,60,884,4.78,4.74,2.9
"5687",1542,0.7,"Good","D","VS1",63.6,60,3001,5.61,5.52,3.54
"5688",16784,1.24,"Premium","H","SI1",60.2,60,6686,6.91,6.94,4.17
"5689",17481,1.04,"Premium","E","VS2",62.4,58,7019,6.56,6.51,4.08
"5690",13240,1.02,"Premium","H","VS1",62.1,59,5469,6.38,6.43,3.98
"5691",19933,1.08,"Ideal","D","VS2",61.9,58,8481,6.54,6.57,4.06
"5692",1929,0.72,"Very Good","F","VS1",63.2,57,3083,5.69,5.73,3.61
"5693",27166,1.61,"Ideal","F","VS1",62,55,17414,7.55,7.52,4.67
"5694",4064,0.31,"Good","D","SI1",63.5,57,571,4.28,4.32,2.73
"5695",19479,1,"Very Good","G","VVS1",63.4,57,8115,6.33,6.36,4.02
"5696",16021,0.3,"Premium","I","VS1",60.3,58,608,4.34,4.32,2.61
"5697",50076,0.72,"Fair","H","SI2",65.9,57,2203,5.6,5.54,3.67
"5698",45707,0.56,"Ideal","G","VS2",61,57,1698,5.34,5.32,3.25
"5699",8500,1.07,"Ideal","J","SI1",62.4,56,4422,6.52,6.56,4.08
"5700",44840,0.56,"Ideal","E","VS2",61.6,57,1625,5.3,5.32,3.27
"5701",38290,0.28,"Very Good","E","VS1",60.2,58,487,4.23,4.27,2.56
"5702",34721,0.39,"Very Good","G","VVS2",62.1,55,875,4.67,4.7,2.91
"5703",7942,0.84,"Premium","E","VS1",59.7,59,4318,6.16,6.13,3.67
"5704",43236,0.57,"Ideal","F","SI2",61,56,1397,5.37,5.32,3.26
"5705",20343,1.21,"Good","G","VS1",63.6,56,8741,6.8,6.72,4.3
"5706",13742,1.22,"Ideal","I","SI1",60.8,57,5602,6.95,6.89,4.21
"5707",45180,0.51,"Ideal","E","VS2",61.8,57,1656,5.14,5.15,3.18
"5708",3144,0.71,"Very Good","F","VVS2",63.6,56,3332,5.65,5.7,3.61
"5709",10378,1.09,"Ideal","J","VS2",43,54,4778,6.53,6.55,4.12
"5710",20225,1.04,"Very Good","G","IF",60.7,58,8655,6.52,6.65,4
"5711",35318,0.4,"Ideal","H","SI1",61.8,57,896,4.75,4.77,2.94
"5712",50135,0.7,"Very Good","G","VS1",62.9,59,2212,5.56,5.63,3.52
"5713",40808,0.5,"Very Good","G","SI1",62.8,55,1170,5.03,5.07,3.17
"5714",3170,0.61,"Very Good","E","IF",61.7,58,3337,5.39,5.47,3.35
"5715",15324,1.01,"Very Good","G","VS1",61.9,58,6152,6.42,6.5,4
"5716",725,0.34,"Good","E","SI1",63.3,57,556,4.44,4.47,2.82
"5717",32620,0.3,"Ideal","I","VS1",62.3,55,457,4.3,4.34,2.69
"5718",46193,0.52,"Premium","D","VS2",62.4,58,1749,5.09,5.13,3.19
"5719",10789,1.26,"Ideal","J","SI2",62.8,54,4860,6.91,6.89,4.33
"5720",20948,1.73,"Premium","J","SI1",61,59,9165,7.75,7.68,4.71
"5721",53021,0.81,"Good","H","SI1",65,56,2599,5.85,5.88,3.81
"5722",24535,1.52,"Premium","D","SI1",59.2,61,12823,7.59,7.55,4.48
"5723",51168,0.8,"Premium","H","SI2",62.2,58,2346,5.99,5.93,3.71
"5724",37550,0.31,"Ideal","E","VVS1",61,57,988,4.36,4.33,2.65
"5725",7581,1,"Premium","F","SI2",61.5,58,4255,6.38,6.41,3.93
"5726",25733,2.53,"Premium","H","SI2",62.6,60,14659,8.66,8.55,5.39
"5727",21223,1.21,"Premium","G","VVS2",59.6,60,9370,6.89,6.91,4.11
"5728",50329,0.72,"Ideal","F","SI2",62.1,57,2241,5.72,5.75,3.56
"5729",51883,0.61,"Very Good","D","VS1",62.4,59.1,2429,5.42,5.45,3.39
"5730",40059,0.57,"Ideal","I","SI1",61.6,54,1113,5.36,5.38,3.31
"5731",15505,1.2,"Ideal","I","VS1",62.1,56.5,6210,6.8,6.84,4.23
"5732",40917,0.42,"Premium","G","VVS1",59.3,59,1179,4.9,4.92,2.91
"5733",48049,0.48,"Ideal","F","VVS1",62,55,1926,4.99,5.04,3.11
"5734",53428,0.73,"Ideal","D","SI2",61.8,57,2671,5.75,5.78,3.56
"5735",18166,1.37,"Very Good","E","SI2",62.5,59,7365,6.98,7.04,4.38
"5736",47467,0.5,"Good","G","VVS2",63.6,57,1858,5.08,5.04,3.22
"5737",52838,0.74,"Very Good","E","SI2",61,57,2574,5.83,5.88,3.57
"5738",25670,2.03,"Premium","J","VS1",59.3,60,14588,8.36,8.28,4.93
"5739",48750,0.55,"Ideal","G","VVS2",60.5,58,2016,5.3,5.34,3.22
"5740",5088,1,"Premium","E","SI2",61,59,3752,6.4,6.33,3.89
"5741",24940,1.58,"Ideal","H","VVS2",61.4,56,13397,7.49,7.52,4.61
"5742",45848,0.55,"Ideal","H","VVS2",61.7,57,1715,5.26,5.28,3.25
"5743",43041,0.5,"Premium","E","SI1",63,61,1374,5.07,5.03,3.18
"5744",14635,1,"Fair","G","VS1",64.4,56,5908,6.31,6.26,4.05
"5745",33284,0.31,"Very Good","D","SI2",61.8,60,462,4.33,4.37,2.69
"5746",35123,0.35,"Ideal","G","VVS1",61.2,56,887,4.55,4.57,2.79
"5747",19676,1.51,"Ideal","G","SI1",61.6,56,8283,7.34,7.25,4.5
"5748",13844,1.06,"Premium","E","SI1",58.5,60,5642,6.81,6.7,3.95
"5749",44922,0.73,"Fair","F","SI2",64.7,56,1631,5.6,5.53,3.6
"5750",39464,0.5,"Premium","G","SI2",58.6,61,1078,5.21,5.16,3.04
"5751",13405,0.32,"Premium","F","VS2",59.5,60,602,4.46,4.48,2.66
"5752",20485,1.5,"Premium","I","VS2",62.3,58,8820,7.31,7.26,4.54
"5753",17290,1.14,"Ideal","H","VS1",61.9,53,6926,6.73,6.75,4.17
"5754",42665,0.62,"Good","E","SI2",59.4,65,1333,5.54,5.48,3.27
"5755",35369,0.38,"Premium","F","SI1",60.4,58,898,4.72,4.68,2.84
"5756",13761,1.2,"Very Good","G","SI2",63.1,57,5609,6.68,6.79,4.25
"5757",26920,2.02,"Premium","G","SI2",60.1,59,16944,8.21,8.29,4.96
"5758",40503,0.43,"Very Good","G","VVS1",60.7,57,1143,4.87,4.89,2.96
"5759",20914,1.34,"Very Good","G","VS2",60.7,59,9127,7.04,7.07,4.28
"5760",18037,0.35,"Premium","H","VS1",61.3,59,614,4.54,4.57,2.79
"5761",9478,1.02,"Premium","H","SI1",61.9,58,4604,6.43,6.47,3.99
"5762",7411,1.05,"Ideal","H","SI1",62,56,4223,6.53,6.46,4.03
"5763",26220,2.01,"Very Good","E","SI2",63.3,61,15618,7.86,7.8,4.96
"5764",45945,0.56,"Very Good","H","VVS2",59.8,57,1723,5.39,5.48,3.25
"5765",6503,0.97,"Fair","F","SI1",56.4,66,4063,6.59,6.54,3.7
"5766",8697,1.02,"Good","D","SI2",64.1,58,4459,6.25,6.32,4.03
"5767",10750,1.01,"Ideal","H","SI1",62.7,56,4851,6.41,6.44,4.03
"5768",3122,0.7,"Ideal","H","VVS2",60.9,56,3325,5.76,5.79,3.52
"5769",22591,1.52,"Ideal","I","VS1",62.4,57,10641,7.32,7.36,4.58
"5770",4194,1,"Ideal","F","SI2",61,55,3562,6.45,6.41,3.92
"5771",21461,1.63,"Very Good","G","SI2",62.5,57,9556,7.54,7.57,4.72
"5772",14554,1.25,"Ideal","H","SI2",62.8,55,5880,6.87,6.82,4.3
"5773",30991,0.37,"Ideal","F","VS2",61.4,56,746,4.59,4.63,2.83
"5774",3142,0.7,"Ideal","E","SI1",61.1,56,3330,5.75,5.78,3.52
"5775",20791,1.52,"Good","F","SI2",58.2,60,9028,7.52,7.63,4.41
"5776",26269,2,"Very Good","H","SI1",62.2,57,15745,7.97,8.08,4.99
"5777",34685,0.4,"Ideal","G","SI1",61.8,57,873,4.74,4.78,2.94
"5778",7022,1.04,"Premium","G","SI2",60.3,62,4158,6.56,6.5,3.94
"5779",3651,0.91,"Very Good","E","SI2",60,60,3438,6.23,6.28,3.75
"5780",7432,0.76,"Ideal","D","VS1",61.3,57,4229,5.87,5.9,3.61
"5781",23004,1.3,"Premium","G","VVS1",60.5,60,11061,7.01,7.05,4.25
"5782",52425,0.77,"Very Good","H","VS2",63,57,2513,5.79,5.87,3.67
"5783",48818,0.51,"Premium","G","VVS1",62.4,58,2027,5.13,5.09,3.19
"5784",6456,0.91,"Premium","D","SI2",61.5,56,4051,6.27,6.22,3.84
"5785",41427,0.51,"Good","H","SI1",63.7,56,1227,5.1,5.07,3.24
"5786",1151,0.75,"Very Good","E","SI1",61.5,58,2923,5.82,5.86,3.59
"5787",49664,0.6,"Ideal","E","VS2",60.6,56,2141,5.47,5.52,3.33
"5788",19301,1.01,"Premium","G","VVS2",61.2,58,8016,6.45,6.49,3.96
"5789",5521,1,"Premium","H","SI2",61.2,59,3850,6.38,6.42,3.92
"5790",10886,1.21,"Premium","I","SI2",59.9,58,4879,6.94,6.91,4.15
"5791",17170,1.08,"Ideal","H","VVS2",62.4,55,6856,6.53,6.57,4.09
"5792",13001,1,"Premium","H","VS2",62.4,59,5404,6.75,6.72,4.2
"5793",33732,0.39,"Ideal","E","VS2",60.5,56,839,4.75,4.77,2.88
"5794",1,0.23,"Ideal","E","SI2",61.5,55,326,3.95,3.98,2.43
"5795",53305,0.3,"Premium","D","SI1",62.5,58,552,4.27,4.31,2.68
"5796",4445,0.92,"Premium","H","SI1",62,60,3618,6.21,6.27,3.87
"5797",43960,0.31,"Ideal","F","SI1",62.3,56,516,4.32,4.35,2.7
"5798",32262,0.3,"Very Good","E","VVS2",61.4,60,789,4.25,4.28,2.62
"5799",13901,1,"Ideal","F","SI1",63,56,5656,6.41,6.38,4.03
"5800",31894,0.3,"Premium","G","VS1",61.9,59,776,4.32,4.3,2.67
"5801",9114,0.93,"Very Good","E","SI1",63.1,57,4531,6.19,6.17,3.9
"5802",47217,0.5,"Premium","F","VS1",62.3,55,1838,5.09,5.06,3.16
"5803",42976,0.41,"Very Good","E","VVS1",62.9,59,1367,4.72,4.76,2.98
"5804",11170,1.01,"Premium","H","SI1",61.9,57,4949,6.49,6.4,3.99
"5805",47813,0.71,"Good","G","SI2",58.2,64,1902,5.82,5.77,3.37
"5806",11584,1.5,"Fair","I","I1",65.1,59,5040,7.12,6.96,4.58
"5807",26828,2.11,"Ideal","I","VS1",61.9,57,16723,8.28,8.22,5.11
"5808",30917,0.34,"Premium","E","VS2",61.1,60,745,4.45,4.48,2.73
"5809",48355,0.56,"Ideal","D","VS2",61.9,57,1963,5.26,5.3,3.27
"5810",44301,0.5,"Fair","F","VS1",65,55,1577,5.01,4.96,3.24
"5811",10301,0.9,"Very Good","E","SI1",62.8,58,4760,6.09,6.13,3.84
"5812",43369,0.5,"Ideal","H","VS2",62.6,52,1408,5.06,5.09,3.18
"5813",4925,0.9,"Good","H","SI1",57.1,56,3726,6.33,6.28,3.6
"5814",41574,0.52,"Ideal","H","VS2",61.7,54,1238,5.18,5.22,3.21
"5815",21899,2.06,"Premium","F","I1",58.7,61,9967,8.33,8.31,4.88
"5816",21763,1.5,"Ideal","E","SI1",61.9,57,9828,7.37,7.31,4.54
"5817",40140,0.7,"Fair","G","I1",64.6,59,1115,5.64,5.48,3.6
"5818",49322,0.51,"Premium","F","VVS2",60.5,59,2093,5.15,5.17,3.12
"5819",7867,1,"Very Good","E","SI2",62.5,59,4308,6.31,6.37,3.96
"5820",11777,1.21,"Premium","H","SI2",60,61,5082,6.88,6.79,4.1
"5821",53401,0.77,"Very Good","F","SI2",60.1,56,2667,5.94,5.97,3.58
"5822",36705,0.32,"Premium","G","IF",61,59,952,4.41,4.38,2.68
"5823",14600,1.24,"Ideal","F","SI2",61.7,57,5889,6.95,6.88,4.27
"5824",20728,0.31,"Ideal","F","VS2",61.3,57,625,4.3,4.34,2.65
"5825",47306,0.31,"Ideal","J","VS2",62.3,54,396,4.35,4.38,2.72
"5826",31461,0.4,"Good","I","SI1",63.9,57,765,4.7,4.66,2.99
"5827",25121,2.05,"Premium","J","VS2",62.3,60,13667,8.15,8.09,5.06
"5828",29176,0.3,"Ideal","F","VVS2",61.6,53,694,4.35,4.39,2.69
"5829",43962,0.34,"Ideal","H","VS2",61.2,55,517,4.49,4.53,2.76
"5830",10776,1.23,"Premium","J","VS2",62.7,58,4856,6.81,6.77,4.26
"5831",32114,0.25,"Ideal","E","VVS1",62.3,53,783,4.08,4.11,2.55
"5832",53117,0.7,"Very Good","E","SI1",62.5,59,2617,5.66,5.7,3.55
"5833",16669,1.06,"Very Good","G","VS1",63.1,57,6663,6.42,6.49,4.07
"5834",41236,0.39,"Premium","E","VVS2",61.1,59,1207,4.74,4.68,2.88
"5835",10534,1.01,"Premium","D","SI2",61.5,56,4805,6.46,6.39,3.95
"5836",11153,1.01,"Premium","H","SI1",61.8,60,4943,6.44,6.38,3.96
"5837",34012,0.43,"Ideal","I","VVS1",61.6,54,848,4.88,4.92,3.02
"5838",48391,0.5,"Ideal","G","VVS1",62.7,57,1966,5.07,5.1,3.19
"5839",24344,1.79,"Very Good","I","VS2",60.5,56,12610,7.87,7.9,4.77
"5840",3681,0.51,"Ideal","D","IF",62,56,3446,5.14,5.18,3.2
"5841",50312,0.7,"Premium","F","SI1",59.4,60,2239,5.77,5.74,3.42
"5842",52606,0.61,"Ideal","G","VVS1",62.7,58,2544,5.39,5.43,3.39
"5843",40624,0.41,"Ideal","E","VS1",61.7,57,1153,4.8,4.76,2.95
"5844",34286,0.26,"Very Good","H","VVS1",62.5,58,468,4.08,4.11,2.56
"5845",23980,2.1,"Good","H","SI1",63.7,61,12121,8.1,8.07,5.15
"5846",45837,0.55,"Ideal","E","VS2",59.8,57,1715,5.34,5.3,3.18
"5847",35456,0.32,"Premium","E","VS2",61.3,59,900,4.39,4.35,2.68
"5848",6435,1.2,"Fair","G","SI2",65.5,59,4044,6.73,6.53,4.34
"5849",6105,0.97,"Very Good","F","SI2",59.6,59,3977,6.41,6.47,3.84
"5850",42053,0.57,"Very Good","J","VS1",62.9,57,1270,5.25,5.28,3.31
"5851",29162,0.33,"Premium","E","SI1",59.1,59,693,4.59,4.54,2.7
"5852",6206,1.02,"Very Good","H","SI2",63.5,60,3998,6.33,6.24,3.99
"5853",34816,0.41,"Very Good","E","SI1",63.1,57,878,4.73,4.71,2.98
"5854",1036,0.53,"Ideal","D","VVS1",62.5,54,2905,5.16,5.21,3.24
"5855",27532,2.08,"Very Good","I","VS2",58.9,61,18281,8.35,8.36,4.92
"5856",7638,1.06,"Very Good","I","SI1",60.4,59,4267,6.56,6.61,3.98
"5857",48157,0.57,"Very Good","E","VS1",62.9,56,1942,5.31,5.35,3.35
"5858",10197,0.91,"Premium","E","VS2",61.6,58,4739,6.2,6.18,3.81
"5859",44046,0.45,"Good","F","VVS1",63.8,58,1548,4.85,4.78,3.07
"5860",30074,0.32,"Premium","E","SI1",62.2,57,720,4.43,4.38,2.74
"5861",28310,0.32,"Good","I","SI1",63.9,55,432,4.34,4.36,2.78
"5862",10628,0.73,"Ideal","E","VVS1",62,56,4830,5.75,5.79,3.58
"5863",52098,0.7,"Premium","F","VS2",61.2,59,2459,5.73,5.68,3.49
"5864",6850,1,"Very Good","E","SI2",62.8,59,4125,6.3,6.34,3.97
"5865",38906,0.33,"Premium","E","VVS1",60.1,58,1052,4.51,4.47,2.7
"5866",43835,0.55,"Premium","G","VS2",62.7,60,1445,5.27,5.19,3.28
"5867",30117,0.32,"Ideal","G","VS2",61.5,57,720,4.41,4.4,2.71
"5868",28149,0.3,"Ideal","G","VVS2",62.1,55,665,4.32,4.35,2.69
"5869",47605,0.51,"Ideal","H","IF",62.3,54,1879,5.14,5.17,3.21
"5870",28119,0.36,"Ideal","D","SI1",62.1,56,663,4.53,4.58,2.83
"5871",24026,1.5,"Premium","G","VS2",62.5,59,12196,7.28,7.32,4.56
"5872",21057,0.31,"Premium","F","VS2",61.8,59,625,4.31,4.33,2.67
"5873",38041,0.35,"Fair","F","VVS1",54.6,59,1011,4.85,4.79,2.63
"5874",30898,0.41,"Ideal","D","SI1",61.9,55,744,4.77,4.8,2.96
"5875",41232,0.43,"Ideal","D","VS1",62.1,55,1207,4.83,4.86,3.01
"5876",46663,0.51,"Ideal","D","VS2",60.9,56,1787,5.16,5.19,3.15
"5877",35408,0.32,"Ideal","E","VS2",61.9,55,900,4.43,4.42,2.74
"5878",44879,0.5,"Premium","G","VS1",58.9,59,1629,5.21,5.15,3.05
"5879",31482,0.34,"Premium","G","VS2",60.2,58,765,4.55,4.52,2.73
"5880",14225,1.38,"Ideal","J","SI2",61,56,5765,7.22,7.26,4.42
"5881",16324,1.08,"Ideal","G","VS2",62.4,55,6532,6.62,6.55,4.11
"5882",47798,0.57,"Ideal","G","VS1",60.8,56.8,1899,5.36,5.39,3.26
"5883",46356,0.71,"Very Good","J","SI1",61,61,1760,5.66,5.71,3.47
"5884",48550,0.65,"Ideal","E","SI1",62.7,54,1989,5.58,5.56,3.49
"5885",47136,0.6,"Premium","E","SI1",61.9,58,1830,5.43,5.39,3.35
"5886",19420,1.51,"Very Good","I","SI1",61.4,60,8073,7.37,7.33,4.51
"5887",16735,0.41,"Premium","J","VS2",61.9,59,611,4.69,4.74,2.92
"5888",1060,0.31,"Very Good","I","VS2",63.2,55,558,4.4,4.3,2.75
"5889",27012,2,"Premium","G","SI2",60.4,61,17136,8.21,8.12,4.93
"5890",581,0.9,"Very Good","J","SI1",63.4,54,2834,6.17,6.14,3.9
"5891",19695,0.3,"Ideal","G","VS1",60.6,57,624,4.38,4.4,2.66
"5892",31719,0.38,"Good","G","VS2",58.8,62,771,4.68,4.71,2.76
"5893",52181,0.7,"Very Good","E","SI1",63.5,56,2476,5.65,5.68,3.6
"5894",13000,1.09,"Premium","G","SI1",60.2,60,5402,6.7,6.66,4.02
"5895",38139,0.3,"Premium","G","VVS1",62.1,61,1013,4.3,4.27,2.66
"5896",35640,0.3,"Ideal","H","SI1",62.5,53.9,475,4.29,4.32,2.69
"5897",18550,1.21,"Premium","H","VS2",59.9,59,7562,6.94,6.92,4.15
"5898",53520,0.72,"Very Good","E","SI2",61.4,58,2688,5.76,5.8,3.55
"5899",44892,0.5,"Ideal","E","VS2",63,54,1629,5.09,5.04,3.19
"5900",11524,1.24,"Premium","J","VS2",61.4,59,5026,6.91,6.83,4.22
"5901",51505,0.75,"Very Good","E","SI2",60.9,59,2383,5.83,5.9,3.57
"5902",21804,1.33,"Premium","G","VS1",62.7,58,9876,7.01,6.96,4.38
"5903",21143,1.57,"Ideal","H","SI2",60.7,57,9298,7.49,7.54,4.56
"5904",39089,0.48,"Ideal","I","VVS2",62.1,56,1061,5.01,5.04,3.12
"5905",46894,0.56,"Premium","H","VVS2",59.8,57,1814,5.48,5.39,3.25
"5906",15125,1.19,"Premium","H","SI1",61.3,58,6078,6.82,6.78,4.17
"5907",41771,0.54,"Ideal","E","SI2",60.7,56,1246,5.25,5.3,3.2
"5908",24879,1.62,"Premium","F","SI1",62.6,58,13298,7.53,7.48,4.7
"5909",46435,0.7,"Good","H","SI1",64.2,58,1771,5.59,5.62,3.6
"5910",15102,1.05,"Very Good","G","VS2",62.8,58,6070,6.44,6.48,4.06
"5911",45607,0.54,"Premium","F","VS2",62.4,58,1691,5.25,5.2,3.26
"5912",37789,0.3,"Ideal","D","VVS1",61.3,57,1000,4.29,4.32,2.64
"5913",43542,0.52,"Good","F","SI1",65.5,66,1427,4.92,4.98,3.24
"5914",52351,0.75,"Very Good","F","SI1",62.1,57,2500,5.82,5.88,3.63
"5915",50622,0.26,"Very Good","F","SI1",61.3,55,401,4.15,4.21,2.56
"5916",17760,1.19,"Very Good","E","VS2",59.2,60,7152,6.93,6.95,4.11
"5917",26025,0.32,"Ideal","G","VS1",61.6,57,645,4.38,4.42,2.71
"5918",48155,0.59,"Ideal","E","VS2",60.2,61,1941,5.43,5.47,3.28
"5919",52045,0.76,"Premium","E","SI2",62.4,58,2451,5.83,5.86,3.65
"5920",37357,0.4,"Premium","F","VS1",62.4,59,982,4.67,4.69,2.92
"5921",13734,0.28,"Very Good","E","VVS2",60.2,58,604,4.24,4.27,2.56
"5922",15097,1.25,"Ideal","I","SI1",59.6,59,6066,7.01,7.09,4.2
"5923",51465,1.2,"Fair","G","I1",66.6,57,2376,6.57,6.5,4.34
"5924",7554,1.21,"Ideal","H","SI1",62.7,56,4249,6.81,6.78,4.26
"5925",11435,1.09,"Premium","H","VS2",61.2,58,5005,6.63,6.58,4.03
"5926",29136,0.31,"Very Good","D","VS2",61.6,55,692,4.37,4.4,2.7
"5927",9834,1.01,"Premium","G","SI1",59.6,61,4672,6.52,6.47,3.87
"5928",46617,0.51,"Ideal","D","VS2",61.8,55,1787,5.1,5.16,3.17
"5929",49547,0.7,"Very Good","I","VS1",63.1,54,2129,5.61,5.67,3.56
"5930",41716,0.47,"Good","F","VS1",60,60.1,1243,5.04,5.06,3.03
"5931",38363,0.33,"Ideal","D","VVS2",61.1,56,1021,4.46,4.44,2.72
"5932",32370,0.3,"Ideal","F","VVS1",62.4,57,790,4.25,4.28,2.66
"5933",11905,1,"Very Good","H","VS2",62.9,57,5121,6.31,6.35,3.98
"5934",43697,0.5,"Good","D","SI1",63.6,54,1436,5.02,5.08,3.21
"5935",23135,1.66,"Ideal","I","VS2",62.3,54,11156,7.58,7.61,4.73
"5936",11715,0.34,"Ideal","G","VS2",62,55,596,4.46,4.48,2.77
"5937",38150,0.54,"Premium","I","SI2",61.2,60,1013,5.22,5.2,3.19
"5938",3437,0.9,"Premium","H","SI1",62.6,58,3387,6.12,6.08,3.82
"5939",39,0.26,"Very Good","D","VS2",60.8,59,403,4.13,4.16,2.52
"5940",3857,0.72,"Ideal","G","VS1",61.7,56,3478,5.75,5.78,3.56
"5941",37418,0.47,"Ideal","J","SI1",60.6,54,983,5.04,5,3.09
"5942",12167,1.03,"Ideal","I","VS1",61.3,53,5181,6.54,6.57,4.01
"5943",6756,0.9,"Premium","F","SI1",62.6,60,4103,6.11,6.06,3.81
"5944",16701,0.32,"Premium","J","VS1",61.7,58,421,4.38,4.4,2.71
"5945",47485,0.69,"Premium","H","VS2",60.8,59,1863,5.77,5.74,3.5
"5946",6123,1.02,"Very Good","F","SI2",61.1,62,3984,6.49,6.54,3.98
"5947",38369,0.53,"Good","J","VS2",63.8,57,1023,5.1,5.12,3.26
"5948",7830,0.91,"Good","H","VS1",63.4,56,4298,6.12,6.18,3.9
"5949",52332,0.78,"Ideal","G","SI1",61,57,2496,5.94,5.99,3.64
"5950",13876,1.13,"Premium","H","VS2",62,57,5650,6.68,6.62,4.12
"5951",51277,0.72,"Ideal","H","SI1",61.7,54,2359,5.77,5.81,3.57
"5952",4110,0.9,"Ideal","I","SI1",62,56,3537,6.16,6.23,3.84
"5953",3746,0.3,"Very Good","F","VS1",61,60,570,4.3,4.22,2.6
"5954",33560,0.41,"Ideal","J","VS1",62.1,56,830,4.79,4.75,2.96
"5955",35980,0.35,"Ideal","H","IF",61.7,56,921,4.53,4.55,2.8
"5956",48415,0.65,"Premium","F","VS2",59.6,58,1970,5.65,5.62,3.36
"5957",4646,0.91,"Premium","I","VS1",61.9,57,3669,6.24,6.19,3.85
"5958",17417,1.5,"Premium","H","SI2",61.2,61,6979,7.34,7.27,4.47
"5959",40856,0.49,"Very Good","D","SI1",58.6,60,1174,5.14,5.2,3.03
"5960",11994,1.24,"Good","H","SI1",62,65,5146,6.88,6.84,4.25
"5961",33215,0.31,"Ideal","F","VS1",61.4,55,821,4.39,4.4,2.7
"5962",53135,0.93,"Very Good","D","I1",63.4,60,2618,6.18,6.15,3.91
"5963",30905,0.31,"Ideal","E","VS2",60.9,57,745,4.36,4.38,2.66
"5964",36773,0.3,"Ideal","E","VVS1",61.4,56,956,4.37,4.33,2.67
"5965",33121,0.31,"Premium","E","VVS2",61.9,58,816,4.35,4.38,2.7
"5966",16137,1.33,"Ideal","J","VS1",62.5,58,6449,6.99,7.03,4.38
"5967",6310,1.23,"Ideal","H","I1",61.8,56,4025,6.85,6.91,4.25
"5968",40510,0.41,"Ideal","E","VS1",61.2,56,1144,4.82,4.89,2.97
"5969",52191,0.77,"Ideal","H","VS2",62.4,56,2479,5.89,5.85,3.66
"5970",3314,0.71,"Ideal","H","VVS2",61.7,57,3371,5.68,5.73,3.53
"5971",19864,1.22,"Premium","F","VS2",59.8,59,8417,6.96,6.92,4.15
"5972",21690,1.24,"Ideal","G","VVS2",61.2,56,9788,6.92,6.88,4.22
"5973",1118,0.74,"Premium","F","VS1",62.5,60,2917,5.78,5.74,3.6
"5974",12338,1.22,"Premium","G","SI2",61.6,62,5226,6.79,6.75,4.17
"5975",17465,1.16,"Premium","F","VS2",62.7,58,7003,6.71,6.65,4.19
"5976",30016,0.4,"Very Good","F","SI1",61.7,62,717,4.71,4.76,2.92
"5977",11622,1.01,"Premium","H","VS2",62.6,61,5050,6.33,6.29,3.95
"5978",6272,0.71,"Very Good","D","VVS2",61.7,58,4014,5.71,5.74,3.53
"5979",47413,0.57,"Ideal","G","VS1",62.1,56,1851,5.3,5.33,3.3
"5980",43620,0.26,"Ideal","G","VS1",62.5,53,508,4.1,4.13,2.57
"5981",7947,1.07,"Premium","F","SI2",58.2,58,4319,6.79,6.72,3.93
"5982",52782,0.83,"Ideal","H","SI2",62.3,54,2565,6.04,6.07,3.77
"5983",46185,0.52,"Very Good","F","VS1",63.2,57,1748,5.09,5.1,3.22
"5984",5646,0.93,"Very Good","D","SI1",60.8,60,3880,6.24,6.3,3.81
"5985",13210,1.12,"Ideal","H","SI1",60.7,56,5457,6.74,6.7,4.08
"5986",26354,0.32,"Very Good","G","VS1",62.8,59,645,4.33,4.37,2.73
"5987",21874,1.7,"Premium","J","VS2",62.8,59,9939,7.6,7.55,4.76
"5988",45460,0.51,"Ideal","E","VS2",61.9,55,1675,5.1,5.14,3.17
"5989",21112,1.5,"Very Good","I","VS1",60.8,63,9281,7.37,7.41,4.49
"5990",46998,0.7,"Ideal","H","SI2",61.1,57,1817,5.73,5.76,3.51
"5991",41279,0.27,"Very Good","H","VVS2",62.5,55,504,4.12,4.16,2.59
"5992",49905,0.74,"Very Good","E","SI2",61.7,56,2179,5.76,5.9,3.6
"5993",28137,0.36,"Ideal","G","VS2",60.6,56,664,4.62,4.67,2.81
"5994",15780,1.15,"Ideal","G","SI1",62,55,6313,6.72,6.76,4.18
"5995",49218,1.06,"Very Good","G","I1",60.7,63,2080,6.59,6.56,3.99
"5996",20220,1.54,"Premium","J","VVS2",61.1,59,8652,7.45,7.4,4.54
"5997",17706,0.31,"Premium","H","VVS1",61.8,59,612,4.32,4.36,2.68
"5998",34902,0.33,"Ideal","F","VVS1",61.8,53,880,4.48,4.51,2.78
"5999",37156,0.32,"Ideal","D","VS2",61,57,972,4.46,4.42,2.71
"6000",10870,1.15,"Ideal","G","SI2",62.4,56,4877,6.7,6.74,4.19
"6001",17884,1.36,"Ideal","I","SI1",62,56,7218,7.08,7.11,4.4
"6002",3514,0.91,"Premium","D","SI2",62,62,3403,6.25,6.16,3.85
"6003",34557,0.4,"Premium","G","SI1",59.4,60,870,4.85,4.82,2.87
"6004",22609,2.22,"Very Good","J","SI2",61.2,63,10662,8.33,8.23,5.07
"6005",30344,0.36,"Premium","D","VS2",60.3,58,727,4.63,4.66,2.8
"6006",36025,0.35,"Ideal","F","VS1",61.4,55,923,4.54,4.58,2.8
"6007",34420,0.3,"Ideal","G","IF",61.6,56,863,4.34,4.36,2.68
"6008",22553,1.52,"Ideal","H","SI1",61.5,58,10589,7.4,7.36,4.54
"6009",16528,1.2,"Premium","F","SI1",60.2,58,6604,6.9,6.86,4.14
"6010",36102,0.4,"Ideal","H","VS2",61.4,57,926,4.72,4.79,2.92
"6011",35521,0.43,"Very Good","F","VS2",61.1,57,905,4.86,4.9,2.98
"6012",41361,0.38,"Ideal","H","VVS1",60.7,55,1219,4.71,4.74,2.87
"6013",4163,0.92,"Premium","D","SI2",62.5,59,3550,6.24,6.2,3.89
"6014",51935,0.72,"Ideal","F","SI1",62.5,57,2440,5.65,5.74,3.56
"6015",31115,0.42,"Very Good","H","SI1",61.1,57,754,4.84,4.87,2.96
"6016",13596,1.04,"Premium","H","VS2",61.2,59,5561,6.57,6.51,4
"6017",17647,1.52,"Ideal","G","SI2",61.9,57,7108,7.43,7.38,4.58
"6018",40548,0.52,"Ideal","G","SI2",61.3,56,1150,5.19,5.22,3.19
"6019",40846,0.46,"Premium","E","VS2",61.5,60,1173,4.95,4.91,3.03
"6020",15150,1.31,"Premium","H","SI2",60,57,6089,7.1,7.07,4.25
"6021",10391,0.31,"Premium","G","SI1",61.4,58,593,4.35,4.31,2.66
"6022",50316,0.7,"Ideal","E","SI2",61.2,55,2239,5.76,5.68,3.5
"6023",40982,0.5,"Very Good","E","SI2",63.1,58,1181,5.09,5.05,3.2
"6024",10235,1.02,"Ideal","F","SI2",61.8,57,4746,6.43,6.49,3.99
"6025",50758,0.56,"Ideal","G","IF",61.8,54,2298,5.31,5.33,3.29
"6026",31545,0.3,"Ideal","E","VVS2",61.6,58,766,4.28,4.33,2.65
"6027",23686,1.52,"Premium","F","SI1",62.6,59,11743,7.36,7.27,4.58
"6028",23708,0.4,"Good","J","VS1",63.4,58,631,4.61,4.64,2.93
"6029",21669,1.5,"Good","H","SI1",64.3,60,9768,7.14,7.23,4.62
"6030",13679,1.02,"Very Good","D","SI1",63.3,58,5598,6.39,6.35,4.03
"6031",17374,0.32,"Premium","G","SI1",62.8,56,612,4.36,4.34,2.73
"6032",25877,2.05,"Premium","J","VS1",62.5,60,14973,8.09,8.14,5.07
"6033",4808,1,"Fair","G","SI1",66.1,62,3700,6.1,6.03,4.01
"6034",36992,0.54,"Ideal","I","SI2",61.8,54,964,5.24,5.27,3.25
"6035",18917,1.52,"Premium","H","SI2",62,58,7764,7.37,7.34,4.56
"6036",14058,0.3,"Very Good","F","VS2",62.7,58,605,4.25,4.3,2.68
"6037",45249,0.43,"Ideal","D","VVS1",62.3,56,1659,4.82,4.81,3
"6038",38267,0.29,"Very Good","I","VS2",62.4,55,384,4.25,4.27,2.66
"6039",22649,1.54,"Ideal","D","SI1",63,54,10694,7.33,7.28,4.6
"6040",31408,0.3,"Ideal","G","VVS1",61.8,56,764,4.32,4.36,2.68
"6041",34922,0.23,"Very Good","D","VS1",59,61,373,4.04,4.06,2.39
"6042",52478,0.77,"Ideal","E","SI2",61,57,2519,5.91,5.93,3.61
"6043",9005,1.14,"Premium","D","SI2",62.4,58,4513,6.67,6.7,4.17
"6044",10705,1.03,"Very Good","I","SI1",63,55,4848,6.37,6.42,4.03
"6045",15452,1.26,"Ideal","J","VVS1",61.4,60,6186,6.92,6.95,4.26
"6046",20467,1.09,"Ideal","E","VS1",61.3,56,8809,6.71,6.66,4.1
"6047",12588,1.04,"Premium","F","SI1",59.8,59,5284,6.61,6.56,3.94
"6048",37806,0.41,"Ideal","F","VVS1",61.3,56,1001,4.8,4.82,2.95
"6049",36195,0.4,"Ideal","G","VVS2",61.6,56,931,4.76,4.79,2.94
"6050",3892,0.77,"Very Good","E","VS1",59.4,61,3488,5.98,5.94,3.54
"6051",38966,0.27,"Ideal","G","VS2",61.5,55,490,4.18,4.21,2.58
"6052",11613,1.02,"Ideal","H","SI1",61.7,57,5047,6.45,6.48,3.99
"6053",46286,0.59,"Ideal","E","VS2",61.4,56,1755,5.33,5.42,3.3
"6054",50030,0.62,"Ideal","H","VVS1",61.1,56,2197,5.48,5.52,3.36
"6055",48108,0.5,"Ideal","G","VVS2",60.5,55,1935,5.15,5.13,3.11
"6056",15408,1.02,"Ideal","G","VS2",61.9,53,6169,6.5,6.48,4.02
"6057",33849,0.3,"Premium","E","VS2",61.6,58,844,4.33,4.31,2.66
"6058",18853,1.2,"Premium","G","VS2",62.1,61,7728,6.74,6.68,4.17
"6059",47440,0.56,"Ideal","G","VS1",60.7,55,1855,5.33,5.36,3.25
"6060",36065,0.38,"Ideal","E","VS1",61.8,54.7,924,4.66,4.68,2.89
"6061",11590,1.21,"Fair","H","VS2",64.5,56,5041,6.7,6.66,4.31
"6062",41615,0.24,"Very Good","G","VVS1",61.7,56,504,3.98,4.02,2.46
"6063",51445,0.77,"Premium","I","VS2",60.3,58,2375,5.96,5.94,3.59
"6064",20247,1.51,"Ideal","J","VS1",61.8,59,8678,7.36,7.39,4.56
"6065",17316,1.1,"Ideal","G","VS2",60.9,56,6939,6.68,6.79,4.1
"6066",39668,0.42,"Ideal","G","VS2",62.2,56,1087,4.82,4.8,2.99
"6067",50587,0.53,"Good","F","VVS2",62.5,65,2281,5.11,5.17,3.21
"6068",19485,1.07,"Ideal","G","VVS2",62.8,57,8120,6.56,6.46,4.09
"6069",34471,0.3,"Ideal","D","VVS1",62.2,57,866,4.3,4.35,2.69
"6070",19610,1.59,"Ideal","J","VVS2",60.3,57,8227,7.65,7.58,4.59
"6071",6269,1.04,"Very Good","F","SI2",63.2,58,4013,6.39,6.34,4.02
"6072",433,0.55,"Very Good","D","VVS1",61.5,56,2815,5.23,5.27,3.23
"6073",38357,0.33,"Ideal","D","VVS2",60.9,57,1021,4.48,4.46,2.72
"6074",46471,0.58,"Ideal","F","SI2",60.9,56,1776,5.42,5.39,3.29
"6075",47470,0.51,"Ideal","G","VVS2",62.2,53.4,1859,5.11,5.15,3.19
"6076",22323,1.65,"Ideal","I","SI1",61.7,55,10365,7.6,7.63,4.7
"6077",51868,0.78,"Ideal","J","VS1",61.4,57,2426,5.9,5.93,3.63
"6078",1101,0.71,"Premium","D","SI1",61.4,58,2913,5.75,5.79,3.54
"6079",20378,0.31,"Ideal","F","VS2",61.5,56,625,4.34,4.37,2.68
"6080",14262,1.24,"Premium","E","SI1",58.5,60,5775,7.08,7.01,4.11
"6081",25435,1.55,"Ideal","F","VS2",62.6,57,14185,7.35,7.39,4.61
"6082",44311,0.33,"Premium","H","SI2",61.2,57,520,4.49,4.43,2.73
"6083",50909,0.7,"Fair","E","SI1",65.2,58,2318,5.57,5.54,3.62
"6084",5674,1.02,"Good","H","SI2",63.7,58,3884,6.28,6.24,3.99
"6085",19123,1.01,"Ideal","F","VS1",62,57,7887,6.46,6.42,3.99
"6086",34196,0.33,"Ideal","F","VS2",61.4,57,854,4.48,4.45,2.74
"6087",3276,0.51,"Premium","F","SI1",62.7,62,3360,5.09,4.96,3.15
"6088",4517,1,"Fair","D","SI2",65.2,56,3634,6.27,6.21,4.07
"6089",26260,2.03,"Ideal","G","SI2",62.6,56,15717,8.15,8.1,5.08
"6090",22586,1.35,"Ideal","H","VVS1",61.9,57,10639,7.06,7.09,4.38
"6091",53479,0.7,"Good","D","SI1",62.6,60,2681,5.57,5.61,3.5
"6092",10546,0.97,"Premium","F","SI1",59.9,59,4810,6.36,6.39,3.82
"6093",2950,0.72,"Ideal","F","VS1",61.1,56,3294,5.79,5.76,3.53
"6094",33749,0.31,"Ideal","F","VVS1",62.1,54,840,4.37,4.39,2.72
"6095",24271,1.65,"Ideal","I","VS2",61.5,57,12495,7.59,7.65,4.69
"6096",49596,0.71,"Very Good","G","VS2",63.5,59,2137,5.67,5.63,3.59
"6097",50740,0.53,"Very Good","E","VVS2",60.7,59,2297,5.19,5.28,3.18
"6098",46029,0.57,"Premium","I","VVS1",62.1,58,1728,5.32,5.25,3.28
"6099",10852,1.07,"Very Good","I","VS2",62.5,56,4873,6.5,6.53,4.07
"6100",7077,0.33,"Premium","E","SI1",62.2,59,579,4.41,4.43,2.75
"6101",15410,1.32,"Premium","I","SI1",62.2,58,6171,6.99,7.04,4.36
"6102",30214,0.33,"Premium","E","VS2",62,59,723,4.39,4.41,2.73
"6103",1767,0.7,"Good","G","VVS2",61.1,61,3046,5.67,5.69,3.47
"6104",11248,1.28,"Ideal","J","SI1",61.2,57,4967,7.02,6.96,4.28
"6105",15776,1.12,"Ideal","H","VS1",61.9,57,6309,6.66,6.69,4.13
"6106",7030,1.02,"Good","G","SI2",59.9,58,4159,6.48,6.55,3.9
"6107",32784,0.31,"Ideal","D","VS2",62.1,54,804,4.4,4.36,2.72
"6108",29105,0.34,"Ideal","H","VS2",61.4,57,689,4.55,4.48,2.77
"6109",27672,1.42,"Ideal","F","VVS1",60.8,56,18682,7.25,7.32,4.43
"6110",52107,0.47,"Ideal","D","VVS1",62,54,2460,4.99,5.01,3.1
"6111",47722,0.52,"Ideal","G","VS1",60.4,57,1887,5.21,5.24,3.16
"6112",33263,0.3,"Ideal","E","VVS1",59.5,60,826,4.36,4.38,2.6
"6113",31170,0.41,"Premium","E","SI1",62.4,58,755,4.75,4.77,2.97
"6114",33347,0.41,"Ideal","G","VS2",62.7,56,827,4.71,4.76,2.97
"6115",14388,0.3,"Very Good","G","VS1",60.3,62,605,4.3,4.33,2.6
"6116",50973,0.31,"Very Good","H","VS1",61.5,61,544,4.31,4.34,2.66
"6117",32706,0.31,"Premium","F","VS2",60.8,60,802,4.37,4.34,2.65
"6118",51394,0.66,"Premium","F","VS1",60.8,58,2368,5.67,5.64,3.44
"6119",30042,0.33,"Ideal","I","IF",61.5,56,719,4.43,4.47,2.74
"6120",39085,0.41,"Good","E","VVS2",63.1,58,1060,4.72,4.75,2.99
"6121",36337,0.32,"Ideal","G","VVS2",62.6,57,936,4.38,4.34,2.73
"6122",31164,0.41,"Very Good","E","SI1",61.4,56,755,4.77,4.81,2.94
"6123",32671,0.31,"Premium","G","VS1",61.2,59,802,4.37,4.35,2.67
"6124",11401,1.19,"Ideal","I","SI1",62.3,57,4998,6.78,6.73,4.21
"6125",53607,0.71,"Ideal","I","IF",61.7,59,2701,5.7,5.74,3.53
"6126",44992,0.31,"Good","I","SI1",63.8,55,523,4.34,4.31,2.76
"6127",17197,2.72,"Fair","J","I1",68.2,56,6870,8.46,8.43,5.76
"6128",10809,1,"Ideal","E","SI1",61.5,57,4864,6.41,6.47,3.96
"6129",41304,0.56,"Ideal","I","SI1",61.9,57,1212,5.25,5.29,3.26
"6130",28561,0.3,"Very Good","H","VS1",63.3,56,675,4.3,4.26,2.71
"6131",25424,1.51,"Premium","F","VS2",62,60,14165,7.23,7.35,4.52
"6132",30853,0.33,"Premium","G","VS2",60.9,56,743,4.5,4.46,2.73
"6133",22101,1.43,"Ideal","H","VVS2",61.6,54,10129,7.25,7.29,4.48
"6134",10986,1.01,"Good","E","SI1",63.1,60,4912,6.34,6.37,4.01
"6135",48182,0.54,"Premium","H","VVS1",62,57,1944,5.25,5.2,3.24
"6136",52863,0.51,"Very Good","E","VVS1",62.2,60,2579,5.08,5.12,3.17
"6137",23571,2.18,"Premium","H","SI2",62.3,59,11579,8.37,8.26,5.18
"6138",4711,0.31,"Very Good","I","VVS1",62.2,60,571,4.3,4.32,2.68
"6139",5566,1,"Good","F","SI2",59.4,64,3858,6.36,6.29,3.76
"6140",24231,1.51,"Very Good","G","VS1",60.2,63,12430,7.39,7.36,4.44
"6141",34518,0.33,"Ideal","G","VVS1",62,56,868,4.45,4.48,2.77
"6142",43999,0.3,"Premium","I","SI1",60.9,59,394,4.34,4.36,2.65
"6143",38501,0.5,"Very Good","H","SI1",61.9,63,1031,5.08,5.04,3.13
"6144",15773,1.3,"Very Good","H","SI1",63.4,57,6307,6.93,6.88,4.38
"6145",38846,0.5,"Fair","G","SI1",65,59,1050,4.99,4.97,3.24
"6146",26560,2.26,"Good","I","SI2",56.9,60,16241,8.73,8.66,4.95
"6147",14337,1,"Premium","G","VS2",63,59,5806,6.4,6.36,4.02
"6148",32067,0.33,"Ideal","D","SI1",62.7,55,780,4.44,4.4,2.77
"6149",32170,0.3,"Premium","G","VS1",62.5,59,787,4.32,4.25,2.68
"6150",39374,0.31,"Ideal","D","VVS2",61,55,1074,4.38,4.41,2.68
"6151",7938,1.05,"Premium","G","SI2",61.3,58,4318,6.6,6.55,4.03
"6152",47471,0.76,"Ideal","J","SI1",61.9,53,1859,5.85,5.92,3.64
"6153",7720,0.26,"Ideal","F","VS1",62.3,56,580,4.1,4.08,2.55
"6154",33482,0.32,"Ideal","F","VS2",61.7,55,828,4.41,4.4,2.72
"6155",5849,1,"Premium","H","SI2",61.3,58,3920,6.45,6.41,3.94
"6156",38983,0.39,"Ideal","F","VS2",60,57,1053,4.76,4.7,2.84
"6157",26200,1.58,"Ideal","E","VS2",62.7,56,15579,7.45,7.55,4.7
"6158",41201,0.32,"Ideal","F","IF",61.2,56,1204,4.41,4.45,2.71
"6159",45342,0.72,"Good","J","SI1",60.1,64,1663,5.83,5.75,3.48
"6160",7269,1.03,"Premium","I","VS1",60.1,59,4199,6.53,6.46,3.9
"6161",51443,0.7,"Premium","H","VS1",61.8,62,2375,5.69,5.63,3.5
"6162",2553,0.7,"Very Good","D","VS1",60.1,60,3208,5.73,5.76,3.45
"6163",47006,0.51,"Premium","D","VS2",61.9,58,1818,5.19,5.12,3.19
"6164",5206,1.04,"Premium","G","SI1",60.3,58,3780,6.6,6.55,3.96
"6165",49820,0.73,"Ideal","I","VS1",62.1,54,2167,5.77,5.8,3.59
"6166",11585,1.2,"Ideal","H","SI2",62.3,57,5040,6.83,6.75,4.23
"6167",36526,0.4,"Premium","E","SI1",62,55,945,4.74,4.68,2.92
"6168",50547,0.7,"Very Good","H","VS2",62.9,58,2276,5.6,5.65,3.54
"6169",27587,2.44,"Very Good","J","VS2",58.1,60,18430,8.89,8.93,5.18
"6170",41154,0.43,"Very Good","D","VS1",61.2,58,1199,4.82,4.88,2.97
"6171",37369,0.4,"Very Good","F","VS1",60.4,61,982,4.74,4.77,2.87
"6172",14124,1.3,"Ideal","J","SI1",61.5,55,5728,7.03,7.06,4.33
"6173",34972,0.23,"Very Good","E","VVS1",62.6,58,472,3.96,4,2.49
"6174",10377,1.2,"Premium","J","SI1",58.5,61,4778,6.95,6.89,4.05
"6175",14664,1.01,"Very Good","G","VS2",61.6,58,5919,6.4,6.45,3.96
"6176",29302,0.3,"Ideal","I","VS2",61.4,58,438,4.29,4.31,2.64
"6177",29374,0.31,"Premium","E","SI1",59.1,59,698,4.44,4.42,2.62
"6178",52985,0.72,"Ideal","I","VVS2",62.5,56,2594,5.71,5.74,3.58
"6179",9053,0.34,"Premium","I","SI1",60.4,56,589,4.56,4.54,2.75
"6180",28842,0.41,"Very Good","E","SI2",62.9,58,683,4.72,4.75,2.98
"6181",20777,1.05,"Very Good","G","IF",58.9,61,9013,6.64,6.67,3.92
"6182",41235,0.33,"Ideal","E","VVS1",61.6,56,1207,4.44,4.46,2.74
"6183",20775,1.05,"Ideal","G","IF",62.5,56,9012,6.52,6.48,4.06
"6184",34875,0.3,"Premium","G","VVS2",62.1,59,878,4.27,4.23,2.64
"6185",39293,0.3,"Ideal","H","VS2",62.3,54,491,4.31,4.36,2.7
"6186",2656,1.05,"Ideal","H","SI2",60.6,57,3234,6.59,6.55,3.98
"6187",37422,0.33,"Ideal","E","VVS1",61.5,57,984,4.44,4.47,2.74
"6188",35709,0.3,"Premium","D","VS2",60.7,60,911,4.37,4.33,2.64
"6189",3983,1.01,"Good","G","SI2",60.8,63,3512,6.36,6.4,3.88
"6190",21268,1.21,"Premium","F","VS2",62.2,60,9419,6.75,6.72,4.19
"6191",40758,0.4,"Ideal","F","VVS2",62.8,56,1163,4.73,4.69,2.96
"6192",26923,2.28,"Premium","H","SI2",61.9,61,16954,8.42,8.32,5.18
"6193",15840,1.01,"Premium","G","VS1",61.2,58,6335,6.47,6.33,3.92
"6194",40132,0.41,"Ideal","E","VS1",60.4,55,1115,4.85,4.89,2.94
"6195",29194,0.38,"Ideal","E","SI1",61,56,694,4.68,4.69,2.86
"6196",1072,0.31,"Very Good","I","VS2",63.1,54,558,4.34,4.31,2.73
"6197",16179,1,"Very Good","F","VS1",62.6,57,6468,6.35,6.42,4
"6198",26676,0.3,"Ideal","D","SI2",62,56,426,4.31,4.34,2.68
"6199",2621,0.74,"Very Good","F","VS1",61.7,57,3226,5.79,5.85,3.59
"6200",48632,0.34,"Premium","J","VS2",62.3,60,536,4.49,4.46,2.79
"6201",35625,0.3,"Premium","I","VS1",60.5,60,473,4.3,4.33,2.61
"6202",7012,1.1,"Ideal","J","SI2",60.9,56,4157,6.68,6.72,4.08
"6203",24385,0.41,"Good","D","SI2",63.1,54,638,4.72,4.75,2.99
"6204",35841,0.4,"Ideal","F","SI1",59.8,57,916,4.82,4.85,2.89
"6205",38127,0.3,"Ideal","G","VVS1",62.3,55,1013,4.31,4.29,2.68
"6206",34112,0.36,"Ideal","F","VVS2",60.4,58,853,4.61,4.66,2.8
"6207",1341,0.72,"Ideal","H","VS1",61.1,57,2961,5.8,5.82,3.55
"6208",9803,0.9,"Very Good","D","VS2",63,62,4668,6.06,6.13,3.84
"6209",32842,0.36,"Premium","F","VS2",62,59,807,4.56,4.51,2.81
"6210",28063,0.38,"Ideal","E","SI1",59.4,61,660,4.72,4.74,2.81
"6211",29524,0.38,"Ideal","I","VS1",62.3,55,703,4.63,4.66,2.89
"6212",39463,0.53,"Ideal","F","SI2",62.2,53,1078,5.19,5.22,3.24
"6213",6298,0.65,"Ideal","D","VVS1",61.8,57,4022,5.54,5.56,3.43
"6214",19774,1.52,"Premium","F","SI2",62.3,59,8342,7.37,7.33,4.58
"6215",16893,1.2,"Ideal","H","SI1",62.5,56,6742,6.84,6.79,4.26
"6216",51075,0.54,"Ideal","F","VVS2",61.8,55,2333,5.27,5.25,3.25
"6217",39303,0.38,"Premium","E","VS1",61.5,58,1069,4.69,4.64,2.87
"6218",10180,1.22,"Premium","I","SI2",61.5,61,4735,6.89,6.83,4.22
"6219",38771,0.31,"Ideal","E","VVS2",60.8,57,1046,4.39,4.36,2.66
"6220",43327,0.5,"Very Good","F","VS2",62.6,54,1404,5.1,5.13,3.2
"6221",24060,0.26,"Ideal","E","VVS1",61.7,56,635,4.09,4.11,2.53
"6222",1909,1,"Premium","H","SI2",62.8,60,3080,6.46,6.34,4.02
"6223",13880,1.14,"Ideal","G","SI1",62.2,56,5650,6.69,6.66,4.15
"6224",32867,0.46,"Very Good","F","SI2",61.5,56,809,4.98,5.01,3.07
"6225",9397,1.26,"Premium","H","SI2",62,56,4586,6.92,6.88,4.28
"6226",19948,1.5,"Good","E","SI2",64.5,58,8492,7.06,7.11,4.57
"6227",41863,0.64,"Ideal","I","SI2",61.2,55,1257,5.54,5.6,3.41
"6228",53925,0.73,"Ideal","I","VS2",61.6,55,2756,5.82,5.84,3.59
"6229",1669,0.72,"Very Good","G","VS1",60.1,63,3024,5.86,5.82,3.51
"6230",3560,0.72,"Ideal","H","VVS2",61.8,55,3417,5.75,5.77,3.56
"6231",22473,1.2,"Very Good","G","IF",60.9,55,10497,6.9,6.93,4.21
"6232",15453,1,"Good","G","VS1",63.9,60,6187,6.3,6.35,4.04
"6233",43275,0.3,"Very Good","I","SI1",63.5,57,506,4.26,4.24,2.7
"6234",48633,0.34,"Good","F","SI2",63.9,56,536,4.43,4.4,2.82
"6235",22367,0.31,"Very Good","H","VS2",63.5,57,628,4.34,4.32,2.75
"6236",37326,0.36,"Ideal","H","IF",60.6,56,980,4.64,4.66,2.82
"6237",12686,1.2,"Good","G","SI2",62.1,60,5310,6.72,6.78,4.19
"6238",10145,0.93,"Ideal","D","SI1",61.6,57,4724,6.27,6.33,3.88
"6239",49739,0.77,"Very Good","J","VS2",62.9,58,2155,5.83,5.87,3.68
"6240",51283,0.77,"Premium","E","SI2",58.2,60,2360,6.01,5.95,3.48
"6241",37852,0.46,"Fair","G","VS2",65.3,56,1002,4.83,4.76,3.13
"6242",53835,0.7,"Premium","E","VS2",62.5,59,2737,5.65,5.62,3.52
"6243",27655,2.01,"Ideal","G","VS2",61.4,54,18607,8.16,8.09,4.99
"6244",15527,1.01,"Good","E","VS2",63.7,56,6221,6.27,6.29,4
"6245",31927,0.3,"Good","G","VS1",63.6,57,776,4.26,4.23,2.7
"6246",34930,0.32,"Good","I","SI2",63.4,56,374,4.34,4.37,2.76
"6247",48267,0.53,"Ideal","G","VVS1",61.8,56,1956,5.19,5.24,3.22
"6248",29281,0.25,"Very Good","F","VS1",59.7,57,436,4.13,4.21,2.49
"6249",43916,0.31,"Ideal","H","VS2",61.5,55.2,513,4.36,4.39,2.7
"6250",18140,1.37,"Ideal","I","VS2",61.5,55,7346,7.18,7.2,4.42
"6251",42566,0.42,"Ideal","E","VVS1",62,55,1327,4.81,4.83,2.99
"6252",46592,0.54,"Premium","F","VS2",59.4,57,1786,5.35,5.29,3.16
"6253",9575,1,"Premium","D","SI2",59.4,60,4626,6.56,6.48,3.87
"6254",39397,0.41,"Ideal","G","VVS2",61.3,56,1076,4.79,4.77,2.93
"6255",48770,0.6,"Ideal","D","VS2",60.4,57,2019,5.49,5.53,3.33
"6256",17086,1.58,"Very Good","F","SI2",63.2,57,6813,7.43,7.38,4.68
"6257",38532,0.38,"Premium","H","VVS1",59.1,58,1033,4.76,4.71,2.8
"6258",16985,1.25,"Ideal","H","SI1",62.2,57,6783,6.9,6.86,4.28
"6259",15440,1.2,"Premium","F","VS2",61.4,58,6182,6.8,6.75,4.16
"6260",15483,1.22,"Ideal","J","VS1",61.4,58,6201,6.85,6.87,4.21
"6261",1147,0.72,"Very Good","E","VS2",63,57,2923,5.69,5.73,3.6
"6262",4707,0.92,"Very Good","E","SI2",63.2,54,3679,6.29,6.25,3.96
"6263",24691,0.41,"Good","E","SI2",63.4,58,638,4.71,4.75,3
"6264",44402,0.43,"Ideal","D","VVS1",62.3,56,1584,4.81,4.82,3
"6265",51780,0.7,"Good","F","SI2",64.1,59,2411,5.58,5.53,3.56
"6266",8626,0.71,"Ideal","E","VVS2",61.7,56,4447,5.78,5.8,3.57
"6267",35434,0.32,"Ideal","E","VS2",62.1,55,900,4.43,4.39,2.74
"6268",27404,2.24,"Ideal","F","SI2",60.3,59,17989,8.47,8.5,5.12
"6269",4429,1.09,"Ideal","G","I1",61,56,3614,6.66,6.62,4.05
"6270",35217,0.3,"Ideal","F","IF",60.8,56,892,4.35,4.36,2.65
"6271",367,0.93,"Premium","J","SI2",61.9,57,2807,6.21,6.19,3.84
"6272",33175,0.41,"Premium","E","SI2",59.5,62,818,4.84,4.8,2.87
"6273",13669,1.19,"Very Good","H","SI1",62.7,61,5595,6.66,6.73,4.2
"6274",8781,1,"Premium","H","SI1",62.7,60,4469,6.3,6.24,3.93
"6275",37618,0.24,"Very Good","E","VVS1",60.7,60,485,4.01,4.06,2.45
"6276",3852,0.91,"Very Good","J","VS2",61.9,59,3478,6.11,6.16,3.8
"6277",7948,1.07,"Ideal","I","VS2",61.1,57,4319,6.66,6.6,4.05
"6278",1018,0.73,"Ideal","E","VS2",61.4,55,2902,5.82,5.8,3.57
"6279",3229,0.72,"Ideal","G","VVS2",61.2,57,3352,5.76,5.77,3.53
"6280",19904,1.21,"Ideal","F","VS2",61.2,57,8452,6.87,6.82,4.19
"6281",9176,1,"Very Good","D","SI2",61.6,58,4543,6.37,6.45,3.95
"6282",9183,1.08,"Ideal","G","SI2",61.9,57,4544,6.55,6.57,4.06
"6283",4411,0.91,"Good","G","SI2",63.6,56,3610,6.14,6.09,3.89
"6284",6504,0.9,"Premium","H","VS1",61.8,56,4064,6.18,6.16,3.81
"6285",28040,0.41,"Good","F","SI1",64.4,56,659,4.69,4.72,3.03
"6286",51908,0.7,"Good","E","SI2",63.7,55,2435,5.63,5.58,3.57
"6287",32680,0.31,"Premium","G","VS1",62.1,58,802,4.35,4.31,2.69
"6288",22570,1.03,"Ideal","F","VVS1",62.1,56.3,10619,6.43,6.5,4.02
"6289",27362,0.34,"Ideal","E","VS2",62,56,646,4.46,4.48,2.77
"6290",16759,1.2,"Very Good","H","VVS1",63.3,56,6672,6.75,6.7,4.26
"6291",21055,0.31,"Ideal","F","VS2",61.8,56,625,4.33,4.37,2.69
"6292",30752,0.31,"Fair","F","VVS1",63.1,61,740,4.32,4.37,2.74
"6293",376,0.71,"Premium","F","SI1",60.7,54,2809,5.84,5.8,3.53
"6294",9813,0.91,"Premium","H","VS1",61,59,4670,6.25,6.18,3.79
"6295",28635,0.33,"Very Good","I","SI1",63,57,434,4.37,4.39,2.76
"6296",35378,0.41,"Ideal","H","VVS2",62,56,899,4.74,4.78,2.95
"6297",3348,0.95,"Very Good","I","SI1",63.5,58,3378,6.19,6.16,3.92
"6298",51770,0.7,"Good","F","SI1",58.7,60,2409,5.75,5.81,3.39
"6299",9495,1.05,"Ideal","G","SI2",61.8,57,4608,6.51,6.57,4.04
"6300",44664,0.24,"Ideal","I","VVS2",61.5,56,523,4.02,4.05,2.48
"6301",7414,1.07,"Premium","J","VS2",62.8,57,4224,6.54,6.49,4.09
"6302",31810,0.43,"Very Good","D","SI1",61,57,774,4.85,4.88,2.97
"6303",42406,0.57,"Very Good","H","SI1",63.1,54,1309,5.3,5.28,3.34
"6304",18698,0.3,"Ideal","E","VS2",63.8,56,619,4.28,4.2,2.71
"6305",28171,0.39,"Ideal","G","SI1",60.7,57,665,4.69,4.8,2.88
"6306",30190,0.33,"Premium","G","VVS2",61.3,59,722,4.42,4.45,2.72
"6307",46980,0.23,"Very Good","F","VVS2",62,58,530,3.89,3.92,2.42
"6308",22265,1.15,"Ideal","F","VS1",61.1,55,10316,6.76,6.82,4.15
"6309",1486,0.77,"Premium","E","SI1",61.7,58,2988,5.86,5.9,3.63
"6310",38125,0.3,"Ideal","G","VVS1",62.6,54,1013,4.32,4.31,2.7
"6311",6779,0.91,"Good","D","SI1",63.1,61,4113,6.1,6.16,3.87
"6312",41698,0.54,"Premium","G","SI1",61.1,57,1241,5.27,5.21,3.2
"6313",25573,2.05,"Premium","J","VS1",60.1,58,14411,8.19,8.25,4.94
"6314",9214,1.18,"Fair","I","VS2",62,66,4553,6.75,6.63,4.16
"6315",39345,0.38,"Ideal","E","VVS2",61.8,53.7,1073,4.67,4.69,2.89
"6316",17588,1.08,"Premium","F","VS2",62.8,59,7079,6.55,6.47,4.09
"6317",7220,1.1,"Very Good","I","SI2",62.6,59,4192,6.53,6.57,4.1
"6318",5240,0.92,"Good","F","SI2",63.7,64,3787,6.13,6.08,3.89
"6319",46275,0.4,"Ideal","D","VVS1",61.8,55,1754,4.72,4.76,2.93
"6320",1739,0.32,"Ideal","H","VS1",61.9,55,561,4.4,4.42,2.73
"6321",4073,0.31,"Good","D","SI1",63.5,56,571,4.29,4.31,2.73
"6322",51760,0.7,"Ideal","E","SI1",62.4,55,2407,5.69,5.64,3.54
"6323",53234,0.77,"Good","D","SI2",63.8,58,2642,5.78,5.81,3.7
"6324",24714,0.31,"Very Good","G","VS1",61.6,56,640,4.35,4.38,2.69
"6325",45386,0.55,"Ideal","E","VS2",61.8,57,1667,5.27,5.34,3.28
"6326",46223,0.5,"Premium","D","VS2",61.1,58,1752,5.09,5.12,3.12
"6327",11278,1.07,"Ideal","E","SI1",60.4,57,4973,6.62,6.56,3.98
"6328",15624,1,"Fair","E","VS2",57.4,58,6268,6.57,6.64,3.79
"6329",1602,0.7,"Ideal","F","VS2",61.9,55,3011,5.7,5.74,3.54
"6330",17233,1.55,"Premium","J","SI2",62.6,57,6890,7.37,7.32,4.6
"6331",40310,0.4,"Ideal","E","VS1",62.6,56,1125,4.72,4.67,2.94
"6332",24988,1.72,"Good","F","SI1",63.2,61,13499,7.57,7.62,4.8
"6333",9222,1.03,"Ideal","G","SI2",62.8,54,4557,6.51,6.46,4.07
"6334",14906,1.01,"Premium","G","VS2",62.4,58,5999,6.38,6.41,3.99
"6335",18075,1.63,"Premium","I","SI1",61.5,60,7302,7.59,7.54,4.65
"6336",10911,1.04,"Premium","H","SI1",59.5,58,4890,6.58,6.67,3.94
"6337",24063,1.37,"Ideal","G","VVS2",62.3,55.5,12207,7.05,7.14,4.43
"6338",47598,0.59,"Very Good","G","VS1",62,56,1878,5.35,5.39,3.33
"6339",36088,0.44,"Premium","I","VVS1",62.5,60,926,4.82,4.87,3.03
"6340",48757,0.56,"Ideal","F","VS1",61.7,56,2016,5.32,5.28,3.27
"6341",2670,0.76,"Very Good","F","VS2",62.5,58,3238,5.79,5.83,3.63
"6342",30561,0.31,"Ideal","D","VS2",61.7,55,734,4.35,4.4,2.7
"6343",43379,0.55,"Premium","F","SI1",60.2,58,1410,5.31,5.35,3.21
"6344",1720,0.32,"Good","H","VS1",63.1,57,561,4.34,4.37,2.75
"6345",45134,0.53,"Very Good","E","VS2",62.8,57,1653,5.16,5.19,3.25
"6346",45772,0.52,"Premium","G","VVS2",61,58,1707,5.15,5.21,3.16
"6347",1743,0.7,"Ideal","H","VS2",61.5,56,3038,5.71,5.73,3.52
"6348",46403,0.6,"Ideal","H","SI1",61.4,55,1766,5.46,5.49,3.36
"6349",17191,1.05,"Very Good","E","VS2",62.2,57,6865,6.44,6.56,4.04
"6350",13030,0.23,"Very Good","F","VVS2",58.1,63,600,4.08,4.04,2.36
"6351",27833,0.31,"Very Good","H","VVS1",61.2,56,651,4.37,4.39,2.68
"6352",3259,0.9,"Very Good","J","VS1",60.4,58,3358,6.22,6.27,3.77
"6353",51752,0.7,"Ideal","E","SI2",60.6,56,2405,5.73,5.78,3.49
"6354",31357,0.27,"Ideal","F","IF",61.4,57,760,4.17,4.19,2.57
"6355",24096,1.91,"Fair","I","VS1",59.5,68,12244,8.1,7.91,4.78
"6356",21428,1.5,"Ideal","I","VS1",60.5,56,9533,7.38,7.46,4.49
"6357",438,0.7,"Ideal","H","SI1",61.5,55,2815,5.73,5.79,3.54
"6358",47004,0.31,"Ideal","F","IF",61.2,57,1818,4.35,4.38,2.67
"6359",19734,1.52,"Premium","G","SI2",60.9,57,8299,7.5,7.44,4.55
"6360",18440,1.41,"Good","D","SI2",63.9,60,7501,7.08,7,4.5
"6361",31319,0.32,"Ideal","D","VS2",61.5,56,758,4.39,4.42,2.71
"6362",22043,0.31,"Very Good","I","VS1",63.2,56,628,4.33,4.28,2.72
"6363",21363,0.33,"Good","D","VS2",63.6,56,625,4.38,4.42,2.8
"6364",18157,1.02,"Ideal","G","VS1",61.5,55,7357,6.49,6.52,4
"6365",33421,0.32,"Ideal","H","VVS2",61.9,55,828,4.39,4.37,2.71
"6366",12702,0.26,"Ideal","F","VVS2",62.5,56,599,4.1,4.12,2.57
"6367",21813,1.24,"Very Good","F","VS1",59,60,9885,7,7.07,4.15
"6368",21704,0.27,"Ideal","G","VVS1",62.5,56,627,4.15,4.18,2.6
"6369",22702,0.3,"Fair","E","SI1",64.5,49,630,4.28,4.25,2.75
"6370",34871,0.3,"Premium","G","VVS2",62.9,55,878,4.28,4.24,2.68
"6371",27775,0.32,"Premium","H","VS2",62.3,57,648,4.39,4.37,2.73
"6372",32149,0.4,"Very Good","F","VS1",62.2,55,786,4.68,4.74,2.93
"6373",41294,0.51,"Premium","E","SI2",60.7,56,1211,5.21,5.17,3.15
"6374",24381,0.32,"Fair","F","SI1",64.4,54,638,4.36,4.33,2.8
"6375",24412,2,"Ideal","H","SI1",61.8,57,12654,8.05,8.01,4.96
"6376",8523,1.04,"Good","F","SI2",63.1,60,4427,6.35,6.42,4.03
"6377",24539,1.51,"Fair","E","VS2",65,58,12829,7.06,7.12,4.61
"6378",37567,0.34,"Ideal","H","IF",60.8,56,988,4.56,4.55,2.77
"6379",22585,1.25,"Ideal","G","VVS2",62.5,54,10636,6.88,6.93,4.31
"6380",8875,1.04,"Ideal","I","SI1",61.8,59,4484,6.46,6.48,4
"6381",20824,1.3,"Premium","G","VS2",60.9,60,9051,6.99,7.04,4.27
"6382",46146,0.5,"Premium","G","VS1",59.8,58,1746,5.19,5.15,3.09
"6383",43744,0.51,"Ideal","E","SI1",62.7,55,1438,5.07,5.1,3.19
"6384",12072,1.25,"Premium","J","VS1",60.9,59,5156,6.9,6.92,4.21
"6385",625,0.92,"Ideal","D","SI2",61.9,56,2840,6.27,6.2,3.86
"6386",12965,1,"Premium","D","SI1",61.5,60,5390,6.34,6.38,3.91
"6387",27892,0.32,"Ideal","I","IF",62.1,54,655,4.39,4.43,2.74
"6388",36437,0.31,"Ideal","D","VS2",60.7,56,942,4.38,4.35,2.65
"6389",4666,0.85,"Ideal","G","SI1",62.2,56,3670,6.04,6.09,3.77
"6390",40119,0.41,"Ideal","F","VVS2",61,56,1115,4.78,4.82,2.93
"6391",40035,0.4,"Very Good","F","VVS1",62.9,55,1111,4.71,4.74,2.97
"6392",39262,0.38,"Ideal","E","VS1",61.6,56,1069,4.66,4.62,2.86
"6393",13503,1.21,"Premium","J","VS2",60.2,57,5541,6.97,6.91,4.18
"6394",43443,0.5,"Premium","E","SI1",62.3,58,1415,5.15,5.09,3.19
"6395",37471,0.42,"Premium","G","VS1",60.5,59,984,4.83,4.79,2.91
"6396",19062,1.61,"Premium","J","VS2",61.7,59,7844,7.51,7.46,4.62
"6397",31175,0.35,"Ideal","G","VVS2",61.8,55,756,4.54,4.56,2.81
"6398",46953,0.3,"Very Good","I","VVS2",61.9,61,526,4.28,4.32,2.66
"6399",45014,0.54,"Premium","G","VS2",62,58,1637,5.21,5.18,3.22
"6400",4543,1,"Good","H","SI2",63.8,55,3640,6.28,6.24,4
"6401",11565,1.09,"Ideal","E","SI2",61.6,55,5035,6.6,6.64,4.08
"6402",10296,0.91,"Very Good","E","VS2",62.2,60,4759,6.13,6.21,3.84
"6403",32431,0.4,"Ideal","H","VS1",61.2,55,792,4.75,4.79,2.92
"6404",17704,0.32,"Ideal","D","SI2",61.4,56,612,4.46,4.43,2.73
"6405",21236,1.19,"Ideal","G","VVS2",60.8,55,9383,6.91,6.9,4.19
"6406",2871,1,"Very Good","I","SI2",60.8,63,3276,6.41,6.34,3.88
"6407",42728,0.58,"Ideal","D","SI2",62.7,56,1342,5.3,5.32,3.33
"6408",19769,1.01,"Good","D","VS1",64.1,55,8339,6.29,6.38,4.06
"6409",39207,0.63,"Ideal","J","SI2",61.4,54,1065,5.54,5.56,3.41
"6410",20108,1.5,"Good","I","SI1",64,60,8580,7.13,7.25,4.6
"6411",32643,0.31,"Premium","H","VVS2",60.6,60,802,4.38,4.34,2.64
"6412",14542,1.68,"Good","E","I1",64.3,60,5871,7.48,7.44,4.8
"6413",23850,2,"Fair","G","SI1",65.5,58,11935,7.82,7.73,5.09
"6414",18203,1.52,"Fair","H","SI2",65,57,7388,7.12,7.09,4.62
"6415",28726,0.31,"Ideal","E","VS2",61.9,55,680,4.36,4.39,2.71
"6416",16210,1.02,"Good","F","VS2",63.3,59,6479,6.37,6.4,4.04
"6417",39554,0.32,"Ideal","G","VVS1",60.8,56,1080,4.44,4.37,2.68
"6418",6379,0.25,"Ideal","E","VVS1",61.2,57,576,4.08,4.12,2.51
"6419",32279,0.3,"Very Good","E","VVS2",61.3,59,789,4.3,4.32,2.64
"6420",53913,0.61,"Premium","F","VVS1",61.8,59,2753,5.48,5.4,3.36
"6421",39139,0.41,"Premium","G","VS2",62.6,59,1061,4.76,4.73,2.97
"6422",22995,1.56,"Ideal","F","SI1",61.2,57,11047,7.48,7.52,4.59
"6423",33911,0.3,"Ideal","E","VS2",62.4,56,844,4.28,4.25,2.66
"6424",30022,0.41,"Very Good","D","SI1",63,56,717,4.75,4.8,3.01
"6425",45946,0.56,"Ideal","F","VS2",62.6,55,1723,5.25,5.29,3.3
"6426",19220,1.09,"Ideal","G","VS2",62.2,55,7961,6.61,6.65,4.13
"6427",8390,0.26,"Very Good","E","VVS2",60.9,58,584,4.13,4.15,2.52
"6428",28626,0.33,"Ideal","H","SI2",61.4,55,433,4.47,4.49,2.75
"6429",53437,0.7,"Very Good","E","VS2",62.9,56,2673,5.61,5.67,3.55
"6430",27660,2.03,"Very Good","G","SI1",60.1,60,18630,8.09,8.18,4.89
"6431",3087,0.83,"Ideal","I","SI1",61.9,57,3314,5.96,6.02,3.71
"6432",34081,0.36,"Ideal","E","VS1",62,56,852,4.57,4.59,2.84
"6433",46145,0.5,"Ideal","G","VS1",62,55,1746,5.11,5.05,3.15
"6434",7530,1.01,"Premium","H","SI2",59.9,59,4242,6.55,6.48,3.9
"6435",36420,0.42,"Very Good","D","SI1",63.3,58,942,4.75,4.73,3
"6436",2241,0.73,"Good","E","VS1",63.7,59,3146,5.67,5.69,3.62
"6437",12006,1.01,"Fair","D","SI1",64.4,61,5147,6.17,6.13,3.96
"6438",21716,0.28,"Very Good","F","VVS2",60.2,58,628,4.26,4.28,2.57
"6439",34981,0.34,"Ideal","F","VS2",62.1,56,880,4.47,4.45,2.77
"6440",24206,1.57,"Very Good","H","SI1",62.4,58,12392,7.39,7.49,4.64
"6441",53113,0.54,"Ideal","E","VVS2",62.2,54,2616,5.23,5.26,3.26
"6442",3735,0.35,"Ideal","J","IF",61.8,55,569,4.54,4.56,2.81
"6443",8181,0.84,"Premium","D","VS1",60.6,57,4365,6.15,6.06,3.7
"6444",12763,1.21,"Very Good","I","SI1",62.1,56,5324,6.76,6.92,4.25
"6445",39138,0.41,"Ideal","G","VS2",62.4,55,1061,4.76,4.73,2.96
"6446",35310,0.3,"Premium","I","VS1",59.8,60,473,4.34,4.36,2.6
"6447",24851,2.01,"Ideal","J","SI2",60.8,57,13253,8.15,8.13,4.95
"6448",50167,0.54,"Ideal","F","VVS2",61.4,56,2218,5.27,5.29,3.24
"6449",22904,1.71,"Ideal","J","VVS2",61.6,59,10945,7.65,7.68,4.72
"6450",12288,1.23,"Very Good","J","VS2",62.9,58,5217,6.75,6.83,4.27
"6451",31968,0.26,"Premium","F","VS1",59.5,58,452,4.18,4.22,2.5
"6452",21273,1.65,"Ideal","G","VS2",62.2,55,9425,7.6,7.57,4.72
"6453",15333,1.19,"Very Good","D","SI2",61.1,58,6157,6.84,6.88,4.19
"6454",41909,0.43,"Ideal","F","VVS1",60.3,59,1261,4.89,4.93,2.96
"6455",35557,0.35,"Ideal","G","VS1",60.5,57,906,4.58,4.55,2.76
"6456",12458,1.06,"Premium","H","VS1",62.1,60,5247,6.52,6.5,4.04
"6457",23528,1.31,"Ideal","G","VVS2",60.9,56,11531,7.17,7.07,4.32
"6458",36458,0.31,"Ideal","D","VS2",62.1,55,942,4.35,4.32,2.69
"6459",12530,1.04,"Very Good","D","SI2",62.9,58,5265,6.41,6.47,4.05
"6460",33081,0.3,"Premium","E","VS1",60.2,57,814,4.37,4.3,2.61
"6461",39434,0.41,"Ideal","D","VS2",61.5,57,1076,4.79,4.77,2.94
"6462",15434,1.03,"Ideal","F","SI1",62.4,57,6178,6.48,6.44,4.03
"6463",10915,1.01,"Very Good","G","SI1",63,57,4890,6.28,6.35,3.98
"6464",26910,2.49,"Ideal","J","SI1",63.8,54,16915,8.56,8.49,5.45
"6465",3533,0.91,"Very Good","H","SI2",58.4,63,3408,6.29,6.24,3.66
"6466",27424,2.01,"Good","E","SI1",58.7,59,18027,8.23,8.27,4.84
"6467",30964,0.36,"Ideal","G","VS1",61.1,55,746,4.63,4.66,2.84
"6468",40999,0.6,"Ideal","I","SI2",61.9,55,1182,5.43,5.46,3.37
"6469",25675,2.01,"Good","I","SI1",59.4,63,14597,8.18,8.26,4.88
"6470",16994,1.01,"Premium","E","VS2",60.4,58,6787,6.51,6.47,3.92
"6471",1076,0.31,"Good","H","SI1",63.6,57,558,4.31,4.28,2.73
"6472",8549,1.01,"Good","H","SI1",63.1,60,4432,6.37,6.41,4.03
"6473",45603,0.5,"Good","E","VS1",60.3,62,1690,5.1,5.11,3.08
"6474",26573,2.03,"Fair","F","SI1",65.4,58,16280,7.9,7.84,5.15
"6475",15861,1.1,"Ideal","H","VS2",62.7,56,6344,6.58,6.63,4.14
"6476",12032,0.4,"Good","I","SI1",63.9,57,596,4.66,4.7,2.99
"6477",49548,0.77,"Very Good","H","SI2",63.6,58,2129,5.77,5.81,3.68
"6478",10752,0.99,"Very Good","F","SI2",61.2,56,4852,6.4,6.45,3.93
"6479",3245,0.71,"Ideal","H","IF",63,57,3354,5.68,5.72,3.59
"6480",19077,1,"Ideal","F","VVS2",61.5,55,7849,6.46,6.41,3.96
"6481",33472,0.32,"Ideal","F","VS2",61.3,56,828,4.43,4.41,2.71
"6482",28253,0.33,"Premium","F","VS2",62.1,59,666,4.39,4.44,2.74
"6483",45381,0.5,"Ideal","H","SI1",61.3,54,1666,5.12,5.16,3.15
"6484",859,0.73,"Very Good","E","SI1",61.3,58,2871,5.76,5.83,3.55
"6485",5025,0.91,"Ideal","F","SI2",62.4,57,3746,6.22,6.18,3.87
"6486",38271,0.23,"Ideal","G","VS1",61.6,55,384,3.96,3.99,2.45
"6487",1625,1.01,"Premium","G","I1",61.1,61,3014,6.49,6.35,3.92
"6488",13832,1.25,"Premium","J","VS1",62.2,58,5637,6.88,6.92,4.29
"6489",18406,1.32,"Ideal","I","VS1",61.2,57,7480,7.06,7.12,4.34
"6490",9182,1.08,"Very Good","G","SI2",62.9,59,4544,6.53,6.57,4.12
"6491",25879,1.51,"Very Good","F","VS1",62.6,57,14976,7.25,7.29,4.55
"6492",24974,1.51,"Premium","F","VS2",62.2,60,13474,7.25,7.34,4.54
"6493",37505,0.41,"Premium","H","SI1",61.8,59,984,4.81,4.77,2.96
"6494",38656,0.42,"Ideal","D","SI1",62,55,1040,4.84,4.83,3
"6495",19368,0.4,"Good","E","SI2",63.9,57,622,4.65,4.71,2.99
"6496",45072,0.59,"Good","F","VS2",64.9,57,1643,5.2,5.25,3.39
"6497",34623,0.31,"Premium","E","VS2",60.6,59,872,4.39,4.36,2.65
"6498",3692,0.9,"Very Good","H","SI1",58.7,59,3447,6.3,6.35,3.71
"6499",8593,0.56,"Very Good","D","IF",60.7,56,4440,5.34,5.36,3.25
"6500",11669,1.1,"Premium","H","SI1",60.4,60,5056,6.72,6.68,4.05
"6501",9267,0.92,"Very Good","E","SI1",62.1,58,4562,6.15,6.22,3.84
"6502",16107,1.01,"Ideal","G","VS2",61.9,56,6439,6.41,6.45,3.98
"6503",1139,0.71,"Very Good","D","SI1",60.1,60,2921,5.76,5.79,3.47
"6504",49883,0.7,"Very Good","F","SI2",56.9,62,2177,5.87,5.9,3.35
"6505",20312,1.06,"Ideal","G","VVS2",60.3,57,8726,6.61,6.68,4.01
"6506",44388,0.41,"Ideal","D","VVS1",62.2,56,1582,4.8,4.78,2.98
"6507",23975,1.21,"Ideal","E","VS1",61.7,56,12111,6.82,6.85,4.22
"6508",441,0.95,"Fair","F","SI2",56,60,2815,6.62,6.53,3.68
"6509",50593,0.65,"Ideal","E","VS2",62,56,2282,5.6,5.57,3.46
"6510",46773,0.52,"Ideal","G","VS1",61.2,56,1803,5.19,5.23,3.19
"6511",18735,1.04,"Very Good","D","VS2",61.2,56,7653,6.53,6.58,4.02
"6512",21912,1.32,"Premium","G","VS1",60.6,57,9979,7.14,7.09,4.31
"6513",10465,1.08,"Fair","E","SI1",53.8,63,4790,6.99,6.81,3.71
"6514",43066,0.39,"Ideal","F","IF",61,56,1377,4.72,4.75,2.89
"6515",42480,0.43,"Ideal","G","IF",62.4,54,1318,4.84,4.87,3.03
"6516",48863,0.7,"Very Good","H","SI2",59.9,57,2034,5.74,5.77,3.45
"6517",50717,0.7,"Premium","H","VS1",62.3,59,2293,5.71,5.66,3.54
"6518",31699,0.36,"Ideal","F","SI1",61.5,56,770,4.62,4.59,2.83
"6519",42803,0.49,"Premium","E","VS2",58.8,59,1351,5.2,5.14,3.04
"6520",198,0.7,"Premium","E","SI1",61,58,2777,5.78,5.72,3.51
"6521",52671,0.7,"Premium","D","SI1",62.6,58,2550,5.67,5.6,3.53
"6522",27285,2.56,"Ideal","J","SI1",61.4,58,17753,8.73,8.76,5.37
"6523",12130,1.57,"Ideal","H","I1",62.8,56,5170,7.42,7.36,4.64
"6524",2066,0.32,"Premium","H","VS1",62.4,58,561,4.35,4.4,2.73
"6525",21028,1.52,"Ideal","H","SI1",60.1,60,9235,7.5,7.42,4.48
"6526",13520,1,"Very Good","G","VS2",62.7,58,5544,6.34,6.42,4
"6527",12931,1.31,"Very Good","J","SI1",62.5,55,5382,6.97,7.05,4.38
"6528",49286,0.7,"Ideal","G","SI2",62.4,56,2092,5.65,5.67,3.53
"6529",1187,0.72,"Very Good","F","VS2",63.3,57,2931,5.69,5.72,3.61
"6530",29262,0.31,"Premium","G","VS2",61,56,698,4.37,4.35,2.66
"6531",29002,0.34,"Ideal","F","VS2",61.6,57,686,4.47,4.53,2.77
"6532",3114,0.92,"Ideal","I","SI1",61.8,57,3323,6.27,6.25,3.87
"6533",41641,0.4,"Ideal","H","IF",62.7,57,1238,4.7,4.68,2.94
"6534",34001,0.42,"Ideal","G","VS2",62.2,54,847,4.8,4.82,2.99
"6535",20890,1.17,"Ideal","G","VVS2",61.7,55,9110,6.77,6.74,4.17
"6536",13126,1.22,"Good","I","VS2",57.2,60,5431,7.07,7.01,4.03
"6537",21084,1.41,"Good","H","VS2",63.8,60,9254,7.12,7.04,4.52
"6538",9795,1.01,"Good","E","SI2",63.7,58,4666,6.32,6.36,4.04
"6539",17567,1.2,"Ideal","H","VS2",61.2,59,7072,6.84,6.89,4.2
"6540",42699,0.52,"Very Good","G","SI1",63.3,55,1338,5.1,5.07,3.22
"6541",18043,0.35,"Premium","E","SI1",59.7,60,614,4.53,4.58,2.72
"6542",51590,0.72,"Ideal","H","SI2",61.3,56,2393,5.77,5.75,3.53
"6543",51685,0.74,"Very Good","G","SI2",63.3,57,2398,5.73,5.7,3.62
"6544",51089,0.7,"Very Good","H","VS2",60,57,2335,5.74,5.8,3.46
"6545",52620,0.73,"Very Good","D","SI1",63.6,57,2548,5.68,5.71,3.62
"6546",27196,2.01,"Good","I","VS2",65,57,17497,7.85,7.99,5.15
"6547",19709,0.42,"Very Good","D","SI2",58.6,58,625,4.91,4.98,2.9
"6548",25714,1.5,"Ideal","E","VS2",63.4,54,14618,7.22,7.25,4.59
"6549",42713,0.56,"Ideal","G","SI1",62.5,56,1340,5.21,5.28,3.28
"6550",5372,0.3,"Ideal","D","SI2",63,55,574,4.26,4.25,2.68
"6551",23097,1.34,"Premium","G","VVS2",61.3,58,11118,7.16,7.1,4.37
"6552",41560,0.54,"Premium","F","SI1",61.8,60,1237,5.2,5.22,3.22
"6553",24482,1.5,"Good","E","SI1",64.2,55,12754,7.17,7.22,4.62
"6554",49136,0.56,"Ideal","D","VS2",61.6,56,2066,5.31,5.27,3.26
"6555",38217,0.43,"Ideal","E","SI1",62.9,56,1016,4.83,4.8,3.03
"6556",9860,1.18,"Good","G","SI1",64.2,62,4678,6.6,6.51,4.25
"6557",35355,0.42,"Ideal","D","SI2",62.4,57,898,4.81,4.78,2.99
"6558",40233,0.41,"Ideal","G","VVS1",61.5,57,1123,4.79,4.82,2.95
"6559",6017,0.91,"Premium","H","VS2",62.3,57,3963,6.22,6.13,3.85
"6560",21099,1.73,"Premium","J","SI1",60.7,58,9271,7.78,7.73,4.71
"6561",31226,0.32,"Very Good","D","SI1",63.5,55,756,4.35,4.31,2.75
"6562",50956,0.59,"Ideal","G","VVS1",61.5,57,2322,5.36,5.4,3.31
"6563",43399,0.64,"Fair","I","VS2",55.3,69,1411,5.85,5.69,3.19
"6564",36218,0.36,"Ideal","F","VS2",60.9,57,932,4.61,4.58,2.8
"6565",13698,1.23,"Ideal","I","SI1",62.1,58,5600,6.82,6.86,4.25
"6566",43339,0.56,"Ideal","I","VS1",60.5,55,1406,5.33,5.39,3.24
"6567",37151,0.32,"Ideal","E","VS1",59.9,55,972,4.49,4.46,2.68
"6568",26221,2.01,"Good","H","SI1",60.9,65,15618,8.22,8.18,4.99
"6569",5753,0.9,"Good","E","SI2",61.3,61,3895,6.13,6.17,3.77
"6570",5048,0.31,"Premium","H","SI1",59,57,573,4.44,4.4,2.61
"6571",53365,0.77,"Premium","G","SI1",62.7,57,2657,5.85,5.79,3.65
"6572",5692,1.01,"Good","H","SI2",63.9,58,3888,6.32,6.35,4.05
"6573",38112,0.36,"Ideal","E","VS2",62.8,56,1013,4.54,4.51,2.84
"6574",51375,0.7,"Good","H","VS1",63.9,58,2367,5.67,5.59,3.6
"6575",42274,0.23,"Very Good","E","VVS2",59.3,60,505,4,4.1,2.4
"6576",19341,1.02,"Ideal","G","VVS2",61.1,57,8042,6.51,6.48,3.97
"6577",2746,1,"Fair","H","SI2",66.5,62,3248,6.19,6.1,4.09
"6578",48960,0.61,"Ideal","I","VVS1",61.9,56,2048,5.41,5.45,3.36
"6579",42814,0.52,"Very Good","F","SI1",60.3,61,1354,5.21,5.27,3.16
"6580",14793,1.09,"Premium","H","VS1",60.2,61,5951,6.7,6.66,4.02
"6581",48073,0.72,"Ideal","J","SI1",62.7,56,1929,5.75,5.67,3.58
"6582",5092,0.9,"Good","D","SI1",64.1,56,3755,6.04,6.07,3.88
"6583",38849,0.4,"Ideal","I","IF",62.2,56,1050,4.75,4.71,2.94
"6584",6567,1,"Premium","E","SI2",60.5,61,4077,6.38,6.31,3.84
"6585",12337,1.1,"Ideal","G","SI1",62.3,56,5226,6.64,6.58,4.12
"6586",9376,0.32,"Premium","D","SI1",60.2,58,589,4.4,4.43,2.66
"6587",50913,0.72,"Premium","H","VS2",61.1,58,2318,5.78,5.74,3.52
"6588",27680,3.51,"Premium","J","VS2",62.5,59,18701,9.66,9.63,6.03
"6589",45540,0.51,"Premium","F","VS2",61,58,1687,5.17,5.1,3.13
"6590",38395,0.42,"Ideal","E","VS2",61.8,57,1024,4.81,4.77,2.96
"6591",29478,0.32,"Ideal","F","VS1",61.3,56,702,4.4,4.44,2.71
"6592",23045,1.52,"Good","E","SI1",63.5,58,11075,7.29,7.36,4.65
"6593",53904,0.75,"Very Good","E","SI1",62.9,57,2753,5.79,5.84,3.66
"6594",11442,1.2,"Premium","I","VS2",62.2,61,5006,6.74,6.73,4.19
"6595",44660,0.35,"Premium","D","SI2",60.8,58,522,4.51,4.57,2.76
"6596",36209,0.36,"Ideal","H","VVS2",62.3,57,932,4.57,4.52,2.83
"6597",18473,1.5,"Ideal","J","SI1",61.1,56.7,7520,7.35,7.38,4.5
"6598",23046,1.51,"Very Good","H","VS2",60.9,54,11077,7.38,7.41,4.5
"6599",53028,0.82,"Very Good","I","SI1",60.5,58,2602,6.01,6.08,3.66
"6600",25849,2,"Premium","G","SI1",59.3,60,14918,8.19,8.13,4.84
"6601",27999,0.3,"Premium","E","VS2",62.4,59,658,4.26,4.3,2.67
"6602",933,0.9,"Good","H","SI2",62.7,64,2883,6.09,6,3.79
"6603",27177,2.48,"Very Good","I","SI2",63,62,17448,8.58,8.62,5.42
"6604",52073,0.81,"Ideal","J","VS2",62.1,56,2455,5.94,5.97,3.7
"6605",15134,1.25,"Premium","I","VS2",61,59,6084,6.98,6.89,4.23
"6606",39953,0.33,"Ideal","D","SI2",62.4,56,492,4.41,4.44,2.76
"6607",46468,0.53,"Good","D","VS1",60.2,56,1775,5.22,5.28,3.16
"6608",21514,2,"Fair","I","SI2",65,57,9610,8.01,7.96,5.19
"6609",45843,0.5,"Good","G","VVS2",63.8,56,1715,5.03,5.06,3.22
"6610",33558,0.41,"Premium","J","VS1",61.3,59,830,4.78,4.74,2.92
"6611",14017,1.01,"Good","G","VS2",63.7,56,5701,6.4,6.32,4.05
"6612",51003,0.59,"Premium","D","VS1",61.9,58,2326,5.37,5.32,3.31
"6613",49791,0.73,"Premium","G","SI1",60.8,58,2163,5.82,5.85,3.55
"6614",12463,1.27,"Premium","I","SI2",61.4,59,5249,6.98,6.94,4.27
"6615",20082,1.21,"Ideal","F","VS2",62.9,54,8557,6.82,6.78,4.28
"6616",10063,0.32,"Premium","H","SI1",60.9,60,591,4.43,4.4,2.69
"6617",47395,0.52,"Ideal","H","VVS1",61.7,55,1847,5.2,5.17,3.2
"6618",44067,0.54,"Very Good","F","VS2",58.2,60,1551,5.34,5.39,3.12
"6619",14769,1.01,"Very Good","G","VS2",61.4,59,5944,6.42,6.48,3.96
"6620",47608,0.58,"Premium","D","SI1",60.2,58,1879,5.46,5.37,3.26
"6621",48060,0.55,"Ideal","D","VS2",61.5,56,1928,5.25,5.28,3.24
"6622",16440,2.22,"Fair","H","I1",70.1,55,6564,7.77,7.74,5.44
"6623",48662,0.73,"Very Good","H","SI1",62.2,57,2001,5.77,5.8,3.6
"6624",25459,2.28,"Good","J","SI1",63.7,55,14220,8.28,8.35,5.3
"6625",30994,0.37,"Premium","F","VS2",61.2,58,746,4.63,4.69,2.85
"6626",31703,0.36,"Premium","F","SI1",61.1,59,770,4.62,4.58,2.81
"6627",44609,0.53,"Ideal","E","SI1",61.6,56,1607,5.23,5.19,3.21
"6628",16504,1.02,"Very Good","D","VS2",62.3,57,6597,6.41,6.47,4.01
"6629",39697,0.48,"Good","G","VS2",65.4,59,1088,4.79,4.88,3.16
"6630",24181,1.52,"Ideal","F","SI1",61.5,55,12364,7.41,7.44,4.57
"6631",16460,1.35,"Premium","I","SI1",59.2,59,6577,7.24,7.18,4.27
"6632",45590,0.52,"Premium","G","VS1",62.6,59,1689,5.08,5.11,3.19
"6633",40246,0.37,"Ideal","D","VS2",61,56,1124,4.7,4.65,2.85
"6634",31272,0.32,"Very Good","E","SI2",62.7,57,449,4.34,4.37,2.73
"6635",34606,0.27,"Very Good","D","VS1",63.2,55,470,4.1,4.16,2.61
"6636",31930,0.3,"Ideal","F","VS2",62,55,776,4.33,4.31,2.68
"6637",44238,0.51,"Ideal","H","VS1",61.8,57,1573,5.11,5.14,3.16
"6638",2633,0.7,"Premium","D","VS1",61.6,60,3229,5.63,5.6,3.46
"6639",22238,1.5,"Premium","H","VS2",62.2,58,10291,7.27,7.36,4.55
"6640",27998,0.3,"Premium","E","VS2",61.7,58,658,4.32,4.34,2.67
"6641",4333,0.9,"Premium","E","SI2",62.6,60,3599,6.18,6.09,3.84
"6642",8583,1.15,"Premium","F","SI2",62.2,59,4437,6.7,6.62,4.14
"6643",1875,0.79,"Very Good","F","SI1",58.5,61,3073,6.03,6.08,3.54
"6644",43568,0.41,"Ideal","G","IF",61,57,1431,4.81,4.79,2.93
"6645",22652,1.72,"Very Good","G","SI2",62.4,59,10697,7.63,7.67,4.77
"6646",19439,1.51,"Ideal","J","VS1",62.7,56,8092,7.3,7.35,4.59
"6647",49028,0.56,"Ideal","D","SI1",61.9,57,2053,5.27,5.3,3.27
"6648",35182,0.31,"Ideal","G","IF",61.7,56,891,4.34,4.38,2.69
"6649",18139,1.59,"Very Good","I","SI2",61.9,58,7345,7.46,7.5,4.63
"6650",35782,0.32,"Ideal","F","VVS1",61.4,56,912,4.4,4.43,2.71
"6651",19309,1.03,"Ideal","G","VVS2",61.6,57,8020,6.51,6.48,4
"6652",32161,0.38,"Ideal","D","VS2",60.8,57,787,4.66,4.68,2.84
"6653",51984,0.25,"Very Good","F","VVS2",61.9,57,548,4.07,4.11,2.53
"6654",45889,0.54,"Ideal","J","VVS2",61.6,57,1720,5.25,5.23,3.23
"6655",15352,1,"Good","D","VS2",65.7,55,6163,6.17,6.22,4.07
"6656",21202,1.51,"Premium","I","SI1",61.7,60,9344,7.31,7.27,4.5
"6657",11036,1.09,"Good","H","SI1",63.6,56,4920,6.53,6.56,4.16
"6658",10745,1,"Good","F","SI1",63.6,58,4851,6.27,6.31,4
"6659",29992,0.32,"Ideal","F","VS1",61,56,716,4.45,4.48,2.72
"6660",17736,1.51,"Fair","J","VS1",65.2,56,7139,7.16,7.11,4.65
"6661",44570,0.57,"Premium","J","VS1",62.2,58,1606,5.34,5.3,3.31
"6662",39614,0.35,"Ideal","I","VS2",62.5,57,491,4.5,4.53,2.82
"6663",44229,0.52,"Very Good","H","VS1",63.5,58,1572,5.08,5.13,3.24
"6664",40694,0.41,"Ideal","F","VVS1",62.3,56,1157,4.77,4.79,2.98
"6665",4495,0.9,"Ideal","I","VS2",61.5,58,3629,6.19,6.23,3.82
"6666",42631,0.51,"Ideal","H","SI1",62.1,55,1331,5.17,5.15,3.2
"6667",49660,0.71,"Very Good","I","SI1",61.5,58,2141,5.67,5.72,3.5
"6668",32210,0.39,"Good","F","VS2",63.3,55,788,4.63,4.66,2.94
"6669",3764,1.05,"Premium","J","SI2",60.9,60,3457,6.59,6.51,3.99
"6670",9771,1.11,"Premium","H","SI2",61.6,60,4662,6.67,6.6,4.09
"6671",51990,0.25,"Very Good","E","VVS2",63.2,59,548,3.98,4,2.52
"6672",51531,0.71,"Premium","I","VVS2",61.4,56,2386,5.79,5.75,3.54
"6673",48092,0.98,"Fair","G","I1",58.7,57,1932,6.54,6.43,3.8
"6674",1663,0.9,"Good","J","VS2",63.9,58,3024,6.15,6.08,3.91
"6675",11898,1.01,"Very Good","G","VS2",62.8,58,5119,6.35,6.42,4.01
"6676",7057,0.33,"Premium","G","VS2",61.9,59,579,4.4,4.46,2.74
"6677",26455,2.07,"Premium","I","SI1",62.3,60,15992,8.16,8.12,5.07
"6678",39791,0.32,"Ideal","E","IF",61.9,56,1095,4.4,4.42,2.73
"6679",34719,0.37,"Good","D","SI1",63.7,55,874,4.59,4.55,2.91
"6680",50396,0.59,"Very Good","D","VS1",62.6,58,2254,5.34,5.39,3.36
"6681",33434,0.32,"Premium","G","VS1",62.1,55,828,4.44,4.41,2.75
"6682",27795,0.37,"Very Good","G","VS2",61.2,57,649,4.59,4.63,2.82
"6683",51938,0.55,"Ideal","G","IF",60,57,2440,5.33,5.39,3.22
"6684",37353,0.4,"Ideal","D","VS2",61.5,55,982,4.71,4.75,2.91
"6685",29552,0.25,"Ideal","E","VVS2",61.7,56,705,4.05,4.07,2.5
"6686",31341,0.35,"Very Good","F","VS1",61.9,56,760,4.5,4.53,2.79
"6687",15387,0.29,"Very Good","G","VVS1",62,55,607,4.27,4.29,2.65
"6688",26005,2.02,"Ideal","J","VS1",61.9,58,15231,8.06,8.1,5
"6689",49536,0.59,"Ideal","G","VVS2",62.6,57,2125,5.33,5.37,3.35
"6690",29129,0.43,"Very Good","I","SI2",61.5,54,691,4.86,4.89,3
"6691",47126,0.7,"Fair","E","SI2",70.6,56,1828,5.45,5.35,3.81
"6692",10153,1.1,"Ideal","H","SI2",63.1,58,4725,6.54,6.53,4.12
"6693",48901,0.59,"Premium","G","VVS2",62.8,54,2040,5.41,5.34,3.38
"6694",5598,1.01,"Premium","H","SI1",62.8,58,3869,6.43,6.34,4.01
"6695",30436,0.32,"Very Good","H","VVS1",62.9,57,730,4.33,4.38,2.74
"6696",26721,0.32,"Very Good","F","VS2",61,61,645,4.38,4.41,2.68
"6697",11123,1.24,"Ideal","I","SI2",60.7,57,4937,6.98,6.92,4.22
"6698",3050,0.27,"Very Good","G","IF",60.8,57,566,4.2,4.22,2.56
"6699",593,0.7,"Ideal","E","VS1",61.8,56,2837,5.74,5.69,3.53
"6700",34269,0.32,"Ideal","I","VS2",62.3,55,466,4.39,4.41,2.74
"6701",24433,2.01,"Very Good","J","VS2",62.1,60,12683,7.88,8,4.93
"6702",42124,0.5,"Ideal","H","VS2",62.3,54,1279,5.11,5.13,3.19
"6703",39364,0.5,"Premium","E","SI1",62.2,58,1073,5.03,4.87,3.1
"6704",48912,0.54,"Ideal","G","VVS1",61.7,56,2041,5.24,5.26,3.24
"6705",30322,0.36,"Ideal","H","VVS2",62.3,57,726,4.52,4.57,2.83
"6706",34498,0.32,"Ideal","F","VVS1",60.6,56,867,4.46,4.48,2.71
"6707",44966,0.69,"Premium","I","SI1",62,59,1636,5.66,5.63,3.5
"6708",3316,0.9,"Premium","H","SI2",58.3,60,3371,6.34,6.31,3.69
"6709",18628,1.02,"Premium","G","VVS2",62.6,59,7602,6.41,6.46,4.03
"6710",4225,0.83,"Ideal","H","VVS1",61.7,57,3570,6.02,6.07,3.73
"6711",24673,1.77,"Ideal","D","SI2",61.8,57,13026,7.77,7.71,4.78
"6712",8486,0.95,"Very Good","D","SI2",60.1,61,4418,6.35,6.37,3.82
"6713",52913,0.71,"Very Good","F","VS2",63.1,58,2588,5.65,5.7,3.58
"6714",46411,0.7,"Ideal","J","SI2",61.4,55,1767,5.72,5.75,3.52
"6715",5298,0.71,"Ideal","D","VS1",62.1,57,3801,5.7,5.73,3.55
"6716",51049,0.73,"Fair","I","VS1",55.9,66,2330,6.11,6.01,3.39
"6717",51762,0.53,"Ideal","D","VVS2",62.2,56,2407,5.19,5.23,3.24
"6718",50760,0.57,"Good","F","VVS2",57.6,60,2298,5.49,5.45,3.15
"6719",231,0.72,"Very Good","F","VS2",63,54,2784,5.69,5.73,3.6
"6720",18001,1.01,"Good","G","VVS1",63.1,59,7279,6.33,6.42,4.02
"6721",14215,1.27,"Premium","J","VVS1",60.1,58,5761,7.06,6.99,4.22
"6722",25357,0.28,"Very Good","E","VVS2",60,56,642,4.26,4.28,2.56
"6723",29131,0.44,"Ideal","E","SI2",62,54,691,4.9,4.94,3.05
"6724",31869,0.3,"Good","H","VVS2",63.6,56,776,4.29,4.26,2.72
"6725",26408,1,"Good","D","IF",63.3,59,15928,6.33,6.37,4.02
"6726",2734,0.7,"Very Good","F","VVS2",62.5,58,3247,5.63,5.67,3.53
"6727",11145,0.9,"Ideal","E","SI1",61.7,57,4940,6.21,6.24,3.84
"6728",47745,0.54,"Ideal","D","VS2",61.1,56,1892,5.25,5.29,3.22
"6729",3972,0.55,"Good","D","IF",58,62,3509,5.31,5.41,3.12
"6730",38978,0.43,"Ideal","E","VS2",61.6,54,1053,4.9,4.88,3.01
"6731",23703,0.4,"Premium","J","VS1",59.7,59,631,4.79,4.83,2.87
"6732",14133,1.01,"Good","F","VS2",63.3,55,5731,6.32,6.39,4.02
"6733",23265,1.41,"Premium","E","VS2",61.3,58,11269,7.29,7.25,4.46
"6734",52355,0.77,"Very Good","I","VS1",62.6,55,2501,5.85,5.9,3.68
"6735",11389,0.34,"Ideal","G","VS2",62.2,53,596,4.46,4.51,2.79
"6736",29851,0.3,"Premium","D","VS2",60.7,60,710,4.33,4.37,2.64
"6737",26515,2.01,"Good","I","VS2",63.6,57,16149,7.95,7.87,5.03
"6738",12093,1.18,"Ideal","I","SI2",61.9,54,5163,6.77,6.84,4.21
"6739",46399,0.51,"Ideal","F","VS1",60.2,56,1765,5.22,5.24,3.15
"6740",35719,0.3,"Ideal","D","VS2",61.4,55,911,4.34,4.32,2.66
"6741",46683,0.7,"Good","H","SI2",62.8,57,1790,5.58,5.66,3.53
"6742",43621,0.52,"Ideal","F","SI1",60.4,56,1432,5.22,5.28,3.17
"6743",44318,0.31,"Good","H","SI1",64,54,521,4.31,4.29,2.75
"6744",14313,1.01,"Fair","D","VS2",59.1,68,5797,6.56,6.44,3.84
"6745",53199,0.7,"Premium","G","VS2",61.6,58,2633,5.69,5.73,3.52
"6746",35171,0.31,"Ideal","G","IF",61.6,56,891,4.38,4.42,2.71
"6747",44596,0.53,"Very Good","H","VS1",63.4,56,1607,5.16,5.13,3.26
"6748",11852,0.9,"Very Good","E","VS1",60.7,61,5102,6.21,6.24,3.78
"6749",29325,0.31,"Premium","H","VS1",62.9,58,698,4.34,4.31,2.72
"6750",6000,1.01,"Premium","H","SI2",62.8,61,3959,6.33,6.25,3.95
"6751",8452,1.07,"Premium","H","SI2",61.2,60,4413,6.53,6.57,4.01
"6752",49332,0.6,"Very Good","G","VS1",61.9,56,2094,5.41,5.45,3.36
"6753",39168,0.4,"Premium","J","IF",62.2,61,1063,4.71,4.68,2.92
"6754",8560,1.1,"Premium","H","SI2",62.6,57,4435,6.6,6.56,4.12
"6755",21506,1.03,"Ideal","F","VVS1",62.6,57,9598,6.49,6.38,4.03
"6756",46072,0.63,"Premium","F","SI1",60.9,56,1736,5.58,5.56,3.39
"6757",43629,0.43,"Very Good","E","VVS1",60.3,58,1433,4.86,4.93,2.95
"6758",7923,1.11,"Very Good","J","SI1",62.4,57.7,4316,6.57,6.64,4.12
"6759",42142,0.5,"Fair","G","VS1",67,61,1280,4.97,4.91,3.31
"6760",53155,0.71,"Fair","G","VS2",57,66,2623,5.83,5.81,3.32
"6761",47303,0.25,"Ideal","G","SI1",62.6,53,395,4.04,4.07,2.54
"6762",16895,1.1,"Ideal","E","SI1",61.3,56,6743,6.65,6.7,4.09
"6763",47380,0.54,"Ideal","G","VS1",62.3,55,1847,5.24,5.2,3.25
"6764",1601,0.61,"Ideal","E","VVS2",62,54,3011,5.43,5.47,3.38
"6765",4461,1.01,"Premium","H","SI2",60.1,58,3620,6.55,6.52,3.93
"6766",36525,0.4,"Premium","F","SI1",62.8,59,945,4.72,4.71,2.96
"6767",52816,0.71,"Premium","H","VS1",61.2,57,2572,5.83,5.77,3.55
"6768",34214,0.39,"Very Good","G","VS1",62.4,57,855,4.62,4.68,2.9
"6769",14270,1.13,"Premium","H","VS2",62.4,58,5779,6.61,6.66,4.14
"6770",50457,0.77,"Good","I","SI1",62.3,55,2264,5.88,5.93,3.68
"6771",43217,0.5,"Fair","E","VS2",66.3,55,1397,4.98,4.94,3.29
"6772",1300,0.72,"Ideal","D","SI1",61.9,55,2954,5.75,5.78,3.57
"6773",43952,0.31,"Very Good","F","SI1",62.9,57,516,4.31,4.34,2.72
"6774",49169,0.62,"Ideal","F","VS1",62.3,56,2073,5.43,5.46,3.39
"6775",43824,0.51,"Good","E","SI1",63.9,56,1443,5.11,5.07,3.25
"6776",39729,0.51,"Ideal","G","SI2",61.3,58,1091,5.15,5.19,3.17
"6777",11973,1.21,"Premium","H","SI2",60.6,56,5140,6.92,6.84,4.17
"6778",13982,1.2,"Ideal","I","SI1",62.3,53,5694,6.8,6.85,4.25
"6779",29216,0.31,"Ideal","F","VS1",60.7,56,695,4.37,4.39,2.66
"6780",14488,1.15,"Premium","G","SI1",62.2,56,5851,6.76,6.68,4.18
"6781",37307,0.31,"Ideal","F","IF",62.1,56,979,4.33,4.36,2.7
"6782",35955,0.3,"Ideal","F","SI1",62.5,56,475,4.28,4.3,2.68
"6783",25576,1.72,"Premium","H","VS1",59.3,59,14414,7.86,7.82,4.65
"6784",30873,0.33,"Ideal","G","VS2",62.3,57,743,4.43,4.4,2.75
"6785",40926,0.3,"Ideal","E","SI1",62.1,58,499,4.27,4.29,2.66
"6786",9741,1,"Fair","F","SI1",65.8,58,4657,6.23,6.15,4.07
"6787",41956,0.23,"Very Good","E","VVS2",62.6,59,505,3.93,3.96,2.47
"6788",21769,1.51,"Premium","H","SI1",61.3,60,9833,7.29,7.33,4.48
"6789",29729,0.31,"Very Good","G","VVS2",62.9,58,707,4.28,4.3,2.7
"6790",48397,0.64,"Very Good","D","SI1",62.2,55,1967,5.51,5.55,3.44
"6791",14422,1.2,"Ideal","H","SI1",61.7,55,5822,6.86,6.82,4.22
"6792",35753,0.3,"Premium","D","VS2",61.7,59,911,4.28,4.25,2.63
"6793",21030,1.03,"Ideal","G","VVS2",61.6,56,9236,6.48,6.5,4
"6794",53091,0.71,"Premium","E","VS2",62.4,60,2613,5.68,5.66,3.54
"6795",10695,1.03,"Ideal","E","SI2",62.3,56,4845,6.52,6.44,4.04
"6796",2049,0.32,"Ideal","G","VS2",61.8,57,561,4.38,4.42,2.72
"6797",48891,0.57,"Ideal","G","VVS2",61.9,56,2039,5.29,5.3,3.28
"6798",25702,0.35,"Ideal","D","SI1",60.8,55,644,4.56,4.59,2.78
"6799",32906,0.33,"Ideal","F","VVS2",62.2,56,810,4.43,4.45,2.76
"6800",34085,0.36,"Ideal","D","VS2",61.5,57,852,4.56,4.58,2.81
"6801",44052,0.52,"Ideal","E","VS2",62.3,53,1549,5.17,5.2,3.23
"6802",8111,1.01,"Premium","H","VS2",58.1,60,4348,6.61,6.55,3.82
"6803",6445,0.72,"Ideal","D","VS1",61.7,56,4047,5.77,5.81,3.57
"6804",39169,0.4,"Ideal","J","IF",62.4,56,1063,4.74,4.71,2.95
"6805",79,0.26,"Very Good","D","VVS2",62.8,60,554,4.01,4.05,2.53
"6806",22360,0.31,"Ideal","H","VS2",62.6,57,628,4.38,4.34,2.73
"6807",24358,1.7,"Very Good","I","VS1",61.9,57,12621,7.67,7.64,4.74
"6808",35265,0.34,"Ideal","G","VVS1",62.1,55,895,4.46,4.49,2.78
"6809",10513,1.03,"Ideal","H","SI1",62.4,56,4800,6.45,6.5,4.04
"6810",32150,0.28,"Very Good","F","IF",59.8,56,787,4.27,4.29,2.56
"6811",51569,0.7,"Ideal","I","VS2",62.3,54,2390,5.67,5.72,3.55
"6812",53186,0.75,"Premium","G","SI1",60.9,58,2631,5.87,5.83,3.56
"6813",48491,0.67,"Very Good","H","VS1",63.4,59,1981,5.53,5.57,3.52
"6814",6279,0.9,"Ideal","H","SI2",61,56,4016,6.23,6.29,3.82
"6815",50813,0.81,"Ideal","J","SI1",62,56,2307,6,6.03,3.73
"6816",49651,0.7,"Premium","F","SI2",59.6,60,2139,5.77,5.71,3.42
"6817",19092,1.8,"Ideal","D","SI2",62.9,54,7862,7.77,7.74,4.88
"6818",22501,1.22,"Ideal","D","VS2",61.7,56,10538,6.89,6.86,4.24
"6819",4337,0.9,"Ideal","E","SI2",62,55,3599,6.23,6.15,3.84
"6820",53750,0.7,"Ideal","G","VS1",61.9,57,2724,5.7,5.68,3.52
"6821",38254,0.31,"Very Good","J","VS2",62.7,58,380,4.3,4.34,2.71
"6822",23145,1.3,"Premium","G","VVS1",60.5,60,11162,7.05,7.01,4.25
"6823",53145,0.76,"Premium","H","VS2",58.7,61,2622,5.99,5.96,3.51
"6824",13149,1.01,"Ideal","G","VS2",61.7,57,5439,6.44,6.49,3.99
"6825",8603,1.11,"Very Good","I","SI2",62.5,58,4442,6.59,6.65,4.14
"6826",11621,1.03,"Very Good","H","SI1",60.4,60,5050,6.41,6.53,3.91
"6827",2765,0.82,"Ideal","F","SI1",62.6,56,3251,5.95,5.99,3.74
"6828",8050,0.25,"Ideal","G","IF",61.1,57,582,4.06,4.07,2.48
"6829",41587,0.3,"Ideal","I","VS2",62.1,58,389,4.27,4.29,2.66
"6830",46260,0.57,"Ideal","F","VS2",61.7,57,1754,5.33,5.36,3.3
"6831",32858,0.4,"Ideal","H","VS1",61.8,56,807,4.74,4.78,2.94
"6832",43725,0.51,"Very Good","G","VS2",62.9,54,1438,5.08,5.12,3.21
"6833",6943,0.82,"Very Good","F","VVS2",63.1,59,4141,5.91,5.97,3.75
"6834",35503,0.41,"Very Good","E","SI1",60.5,63,904,4.81,4.77,2.9
"6835",16926,1.69,"Ideal","H","I1",62,56,6757,7.66,7.61,4.73
"6836",29548,0.38,"Very Good","H","VS1",61.3,54,705,4.68,4.7,2.88
"6837",52436,0.7,"Premium","I","VVS1",59.1,60,2513,5.77,5.8,3.42
"6838",28300,0.3,"Good","H","SI1",63.7,57,432,4.26,4.28,2.72
"6839",39956,0.33,"Good","D","SI2",63.4,56,492,4.4,4.43,2.8
"6840",8228,1,"Premium","I","VS2",61.6,59,4372,6.39,6.47,3.96
"6841",30613,0.3,"Good","D","SI2",63.2,57,447,4.21,4.24,2.67
"6842",6712,0.27,"Very Good","E","VS1",60.6,59,413,4.19,4.22,2.55
"6843",30908,0.37,"Ideal","G","SI1",61.8,55,745,4.62,4.64,2.86
"6844",35248,0.3,"Premium","E","VVS1",60,60,895,4.35,4.38,2.62
"6845",21844,1.5,"Very Good","F","SI1",62.8,56,9904,7.26,7.33,4.58
"6846",35934,0.33,"Very Good","D","VVS1",62.1,58,920,4.39,4.46,2.75
"6847",48154,0.59,"Ideal","E","VS2",60.2,59,1941,5.47,5.49,3.3
"6848",17281,1.31,"Premium","I","VS2",60,58,6921,7.15,7.11,4.28
"6849",37073,0.41,"Ideal","I","VS1",60.9,53,969,4.85,4.8,2.94
"6850",29181,0.3,"Ideal","F","VVS2",62.1,57,694,4.27,4.29,2.66
"6851",33256,0.32,"Ideal","E","VS1",61.1,55,825,4.44,4.46,2.72
"6852",13746,1.21,"Very Good","J","VS1",59.3,57,5604,6.98,7.04,4.16
"6853",7415,1.02,"Ideal","H","SI2",60.5,60,4225,6.56,6.53,3.96
"6854",5385,0.34,"Premium","F","SI2",60,62,574,4.55,4.51,2.72
"6855",42635,0.58,"Premium","H","SI1",62.1,55,1332,5.38,5.35,3.33
"6856",27024,2.51,"Ideal","H","SI2",62,57,17162,8.72,8.67,5.39
"6857",8362,1.01,"Good","E","SI1",64.1,62,4399,6.19,6.26,3.99
"6858",52097,0.81,"Ideal","G","SI2",61.7,57,2459,5.98,6.01,3.7
"6859",45428,0.51,"Ideal","H","VVS2",61.2,57,1669,5.14,5.19,3.16
"6860",45078,0.71,"Good","J","VS2",63.5,64,1644,5.65,5.6,3.57
"6861",25774,1.24,"Ideal","D","VVS2",61.5,57,14737,6.88,6.94,4.25
"6862",43323,0.51,"Ideal","E","SI1",61.7,57,1402,5.15,5.12,3.17
"6863",42445,0.51,"Very Good","E","SI1",61.6,53,1315,5.16,5.19,3.19
"6864",22891,1.57,"Premium","H","VS1",60.5,61,10930,7.6,7.51,4.57
"6865",10637,1.2,"Ideal","J","SI1",61.6,57,4831,6.79,6.87,4.21
"6866",40719,0.44,"Ideal","G","VVS1",62,54,1160,4.89,4.91,3.04
"6867",40011,0.41,"Ideal","F","VS2",62.8,57,1107,4.76,4.73,2.98
"6868",1935,0.61,"Ideal","E","VVS1",62.2,56,3084,5.43,5.47,3.39
"6869",7294,0.9,"Very Good","E","SI1",62.1,59,4201,6.13,6.17,3.82
"6870",181,0.54,"Ideal","E","VVS2",61.6,56,2776,5.25,5.27,3.24
"6871",34295,0.39,"Ideal","G","VS2",62.5,54,857,4.67,4.7,2.93
"6872",49278,0.54,"Ideal","G","VVS2",61.8,56,2090,5.25,5.23,3.24
"6873",46967,0.3,"Ideal","I","VVS2",61.8,56,529,4.31,4.33,2.67
"6874",18255,0.97,"Very Good","G","VVS1",61.9,54,7415,6.33,6.36,3.93
"6875",5156,1.02,"Premium","D","I1",61.4,60,3769,6.42,6.47,3.96
"6876",16699,0.3,"Very Good","H","SI1",62.9,57,421,4.28,4.31,2.7
"6877",20599,1.51,"Good","H","VS2",63.6,61,8904,7.08,7.03,4.49
"6878",33523,0.34,"Ideal","E","VS2",62.2,57,829,4.46,4.42,2.76
"6879",51317,0.31,"Good","G","VS2",63.1,56,544,4.31,4.37,2.74
"6880",39605,0.32,"Ideal","F","SI1",61.9,55,491,4.38,4.41,2.72
"6881",5896,1.04,"Ideal","J","SI1",61.1,57,3931,6.57,6.52,4
"6882",16670,1.01,"Ideal","G","VS2",60.9,57,6663,6.48,6.51,3.95
"6883",7853,0.9,"Premium","D","SI1",61.5,58,4304,6.21,6.15,3.8
"6884",15741,1,"Very Good","G","VS2",60.8,55,6296,6.46,6.49,3.94
"6885",18649,1.03,"Premium","E","VS1",61.5,58,7614,6.55,6.43,3.99
"6886",14447,1.01,"Ideal","D","SI1",62,57,5832,6.37,6.44,3.97
"6887",45886,0.58,"Ideal","G","VS2",60.6,55,1719,5.42,5.45,3.3
"6888",5564,1,"Premium","F","SI2",59.3,62,3858,6.49,6.43,3.83
"6889",15153,1.37,"Ideal","J","SI2",62.2,55,6091,7.07,7.11,4.41
"6890",1027,0.79,"Very Good","F","SI1",63,54,2904,5.91,5.94,3.73
"6891",24697,0.3,"Very Good","G","VVS2",59.7,63,638,4.34,4.37,2.6
"6892",9012,1.01,"Premium","H","SI1",62.3,58,4513,6.42,6.35,3.98
"6893",34864,0.3,"Premium","G","VVS2",61.9,59,878,4.28,4.25,2.64
"6894",42672,0.51,"Fair","F","VS2",61,66,1334,5.12,5.04,3.1
"6895",22787,1.7,"Very Good","J","VVS1",62.9,60,10808,7.56,7.61,4.77
"6896",52080,0.53,"Ideal","E","VVS2",60.5,57,2456,5.24,5.28,3.18
"6897",53080,0.59,"Ideal","G","IF",62.5,57,2611,5.34,5.38,3.35
"6898",9772,1.11,"Ideal","H","SI2",62,54,4662,6.64,6.61,4.11
"6899",27211,2,"Ideal","F","SI2",62.9,56,17534,7.94,8.01,5.02
"6900",3555,0.74,"Good","E","VS1",63.4,55,3416,5.76,5.78,3.66
"6901",17930,1.01,"Premium","E","VS2",59.3,58,7240,6.53,6.49,3.86
"6902",15610,1.54,"Good","E","I1",63.3,60,6261,7.26,7.3,4.61
"6903",31696,0.36,"Ideal","F","SI1",60.1,56,770,4.67,4.62,2.79
"6904",51183,0.72,"Ideal","I","VS2",62.1,58,2347,5.74,5.72,3.57
"6905",23037,0.33,"Ideal","D","SI2",61.1,57,631,4.5,4.47,2.74
"6906",27685,3.01,"Premium","J","SI2",60.7,59,18710,9.35,9.22,5.64
"6907",15595,1.14,"Premium","G","VS2",61.9,58,6256,6.72,6.68,4.15
"6908",12492,1.08,"Ideal","G","SI1",61.8,56,5256,6.55,6.58,4.06
"6909",40337,0.51,"Ideal","E","SI2",61.3,61,1128,5.13,5.15,3.15
"6910",6102,0.91,"Premium","G","SI1",61.8,60,3975,6.21,6.18,3.83
"6911",12132,1.08,"Fair","H","VVS2",55.9,63,5171,6.9,6.8,3.83
"6912",15716,0.36,"Premium","G","SI2",62.4,58,608,4.58,4.56,2.85
"6913",32240,0.38,"Ideal","F","VS2",62.1,53.8,789,4.66,4.67,2.9
"6914",42025,0.52,"Very Good","G","SI1",60,57,1267,5.25,5.29,3.16
"6915",33141,0.31,"Good","G","VVS1",63.4,57,816,4.32,4.36,2.75
"6916",913,0.73,"Very Good","F","SI1",61.4,56,2879,5.81,5.86,3.58
"6917",37213,0.34,"Ideal","G","IF",62.2,53,974,4.49,4.52,2.8
"6918",52926,0.71,"Ideal","E","SI1",60.3,57,2590,5.77,5.81,3.49
"6919",12345,1.01,"Fair","F","VS2",64.5,58,5226,6.28,6.18,4.02
"6920",41086,0.41,"Ideal","F","VVS2",61.9,55,1192,4.79,4.74,2.95
"6921",31937,0.3,"Ideal","F","VS2",61.8,57,776,4.33,4.31,2.67
"6922",25107,2.21,"Premium","J","SI2",62.7,57,13642,8.33,8.25,5.2
"6923",26001,1.54,"Very Good","G","VVS2",61.1,55,15225,7.5,7.53,4.59
"6924",27629,2.14,"Ideal","H","SI1",61.5,57,18528,8.36,8.29,5.12
"6925",44649,0.28,"Very Good","G","VVS2",61.1,56,522,4.25,4.27,2.6
"6926",47121,0.52,"Premium","D","VS2",59.4,61,1828,5.24,5.23,3.11
"6927",41169,0.38,"Premium","F","VVS1",59.2,58,1200,4.76,4.8,2.83
"6928",18607,1,"Very Good","G","VVS2",63.1,58,7589,6.37,6.33,4.01
"6929",15898,1.22,"Premium","I","VS1",60.6,61,6354,6.94,6.88,4.19
"6930",3468,1.04,"Premium","E","SI2",60.1,58,3392,6.65,6.56,3.97
"6931",15999,1.22,"Ideal","F","SI2",62.5,56.2,6401,6.81,6.85,4.27
"6932",49091,0.71,"Very Good","J","VS1",63.3,57,2062,5.59,5.69,3.57
"6933",42563,0.57,"Ideal","I","VS2",61.5,56,1326,5.32,5.35,3.28
"6934",29201,0.33,"Ideal","I","IF",61.4,56,694,4.41,4.45,2.72
"6935",16702,0.3,"Ideal","H","SI1",62.6,55,421,4.28,4.32,2.69
"6936",3550,1.07,"Ideal","H","SI1",61.5,54,3415,6.64,6.6,4.07
"6937",1240,0.73,"Ideal","D","SI1",61.4,56,2943,5.82,5.78,3.56
"6938",25539,1.5,"Very Good","G","VVS1",63.1,62,14361,7.25,7.23,4.57
"6939",43753,0.44,"Ideal","E","VVS1",59.9,57,1438,4.93,4.97,2.96
"6940",29382,0.31,"Premium","E","SI1",62.6,60,698,4.35,4.31,2.71
"6941",13120,1.01,"Ideal","G","SI1",63.1,53,5430,6.36,6.42,4.03
"6942",39078,0.59,"Fair","H","SI2",64.5,57,1059,5.37,5.16,3.42
"6943",18875,1.52,"Ideal","J","VS1",61.3,55,7740,7.42,7.39,4.54
"6944",16068,1.2,"Premium","H","VS2",62.4,59,6416,6.73,6.69,4.19
"6945",1127,0.8,"Very Good","H","SI1",62.5,56,2919,5.92,5.96,3.71
"6946",8679,1.09,"Premium","G","SI2",59,58,4456,6.78,6.72,3.98
"6947",49967,0.33,"Very Good","E","SI1",59.1,59,540,4.54,4.59,2.7
"6948",9089,1.06,"Ideal","H","SI2",62.7,57,4523,6.46,6.5,4.06
"6949",20666,1.51,"Good","I","VS2",62.2,59,8951,7.19,7.3,4.51
"6950",37110,0.38,"Ideal","G","SI1",61.6,56,969,4.68,4.63,2.86
"6951",16772,1.14,"Good","G","VS2",63.2,58,6681,6.63,6.67,4.2
"6952",45300,0.51,"Very Good","E","VS2",63.3,57,1662,5.12,5.05,3.22
"6953",31435,0.3,"Ideal","H","IF",62.1,57,764,4.29,4.31,2.67
"6954",47697,0.52,"Ideal","E","VS1",60,56,1883,5.25,5.29,3.16
"6955",31497,0.34,"Ideal","G","VS2",61.5,57,765,4.51,4.47,2.76
"6956",51112,0.75,"Premium","D","SI2",60.6,56,2337,5.94,5.9,3.59
"6957",36138,0.33,"Ideal","E","VS2",60.8,57,928,4.47,4.45,2.71
"6958",50082,0.52,"Very Good","F","VVS1",61.7,56,2205,5.17,5.22,3.2
"6959",20703,0.31,"Ideal","G","VS1",61,55,625,4.39,4.43,2.69
"6960",2022,0.9,"Very Good","H","SI2",59.5,63,3105,6.31,6.26,3.74
"6961",20291,1.07,"Ideal","G","VVS2",61.5,56,8707,6.58,6.6,4.05
"6962",28157,0.3,"Ideal","H","VVS1",62,56,665,4.29,4.32,2.67
"6963",21065,1.24,"Ideal","E","VS2",62,57,9240,6.87,6.9,4.27
"6964",36634,0.41,"Very Good","D","SI1",63.3,55,947,4.77,4.74,3.01
"6965",10844,1.06,"Premium","H","SI1",62.8,58,4872,6.49,6.47,4.07
"6966",7202,1.04,"Very Good","I","SI1",64.1,57,4190,6.35,6.38,4.08
"6967",29354,0.31,"Premium","G","VS2",60.7,61,698,4.37,4.33,2.64
"6968",38165,0.34,"Ideal","G","IF",61.9,54,1014,4.46,4.49,2.77
"6969",51171,0.5,"Ideal","E","VVS2",62.4,54,2346,5.11,5.09,3.18
"6970",46245,0.53,"Premium","D","SI1",61.4,57,1753,5.26,5.2,3.21
"6971",42202,0.51,"Ideal","G","SI1",61.7,58,1287,5.12,5.15,3.17
"6972",45077,0.52,"Ideal","E","VS2",61,57,1644,5.19,5.21,3.17
"6973",12461,1.01,"Premium","F","SI1",59.8,60,5249,6.53,6.57,3.92
"6974",11580,0.9,"Very Good","D","SI1",60.6,59,5040,6.23,6.28,3.79
"6975",29787,0.3,"Ideal","D","SI1",61.9,54,709,4.34,4.32,2.68
"6976",36300,0.32,"Very Good","G","SI1",60.9,58,477,4.39,4.44,2.69
"6977",27967,0.3,"Ideal","E","VS2",61.5,55,658,4.28,4.31,2.64
"6978",51568,0.7,"Good","F","SI2",64.1,59,2390,5.53,5.58,3.56
"6979",32362,0.3,"Ideal","G","VVS1",61.7,55,789,4.32,4.34,2.67
"6980",4589,0.76,"Very Good","G","VVS2",62.1,56,3655,5.81,5.85,3.63
"6981",46888,0.7,"Very Good","G","SI2",63.3,57,1814,5.61,5.51,3.52
"6982",3085,0.81,"Very Good","H","VS1",62.2,57,3314,5.91,5.94,3.69
"6983",30392,0.33,"Ideal","H","VVS1",61.5,55,730,4.44,4.47,2.74
"6984",39579,0.41,"Ideal","E","VVS2",62.5,57,1082,4.76,4.71,2.96
"6985",8445,1.01,"Very Good","I","SI1",63.5,59,4412,6.36,6.31,4.02
"6986",48124,0.54,"Good","D","VS1",63.2,56,1939,5.21,5.23,3.3
"6987",44585,0.53,"Very Good","E","VS2",61.4,55,1607,5.21,5.24,3.21
"6988",53903,0.77,"Very Good","E","SI2",59.9,61,2753,5.98,6.01,3.59
"6989",32333,0.3,"Ideal","G","VVS1",62.6,54,789,4.31,4.32,2.7
"6990",442,0.89,"Premium","H","SI2",60.2,59,2815,6.26,6.23,3.76
"6991",45831,0.71,"Ideal","J","SI1",61,57,1713,5.78,5.8,3.53
"6992",33189,0.34,"Very Good","E","VVS2",61.6,58,819,4.5,4.53,2.78
"6993",24343,1.36,"Ideal","F","VVS2",61.6,56,12608,7.17,7.08,4.39
"6994",12564,1.02,"Ideal","E","SI1",60.4,55,5278,6.54,6.48,3.93
"6995",4685,0.96,"Fair","E","SI2",57.7,67,3674,6.49,6.46,3.73
"6996",20513,1.41,"Very Good","H","VS2",62.5,58,8846,7.08,7.12,4.44
"6997",50812,0.54,"Ideal","D","VS2",61.6,55,2307,5.25,5.27,3.24
"6998",4567,1,"Good","G","SI2",61.4,61,3646,6.32,6.35,3.89
"6999",46689,0.58,"Ideal","F","VS2",62.1,55,1790,5.37,5.33,3.32
"7000",48691,0.71,"Premium","H","SI1",61,58,2006,5.73,5.77,3.51
"7001",37395,0.3,"Ideal","E","VVS1",61.1,56,982,4.38,4.36,2.67
"7002",38573,0.4,"Premium","H","VS1",62.6,58,1035,4.71,4.68,2.94
"7003",44685,0.5,"Ideal","D","SI1",62.1,57,1610,5.08,5.03,3.14
"7004",3200,0.92,"Very Good","I","SI1",63.7,58,3345,6.12,6.18,3.92
"7005",36011,0.39,"Very Good","F","SI1",63.3,54,921,4.67,4.62,2.94
"7006",22404,1.58,"Premium","I","VS1",61.1,59,10428,7.44,7.52,4.57
"7007",5842,0.9,"Premium","H","VS2",62.3,58,3919,6.18,6.09,3.82
"7008",34176,0.33,"Premium","G","VS1",61.3,58,854,4.45,4.42,2.72
"7009",19338,1.26,"Very Good","G","VS2",63.3,57,8040,6.88,6.93,4.37
"7010",37917,0.41,"Ideal","D","VS2",62.2,54,1007,4.77,4.81,2.98
"7011",38206,0.43,"Premium","F","SI1",61.3,60,1016,4.86,4.83,2.97
"7012",27370,0.28,"Ideal","E","VVS2",60.3,57,646,4.21,4.25,2.55
"7013",15538,1.09,"Ideal","I","VS1",61.8,55,6225,6.59,6.62,4.08
"7014",52307,0.32,"Good","G","VS1",60.8,62,548,4.4,4.45,2.69
"7015",15663,1.35,"Ideal","J","SI1",62.3,57,6281,7.02,7.08,4.39
"7016",13561,1.02,"Ideal","E","SI1",62.2,57,5553,6.41,6.45,4
"7017",42502,0.57,"Premium","E","SI2",60.7,57,1320,5.42,5.35,3.27
"7018",45196,0.51,"Ideal","E","VS2",60.9,56,1656,5.15,5.2,3.15
"7019",52418,0.82,"Premium","G","SI2",60.7,61,2512,6.01,5.98,3.64
"7020",48363,0.56,"Ideal","D","VS2",61.4,55,1963,5.33,5.35,3.28
"7021",21929,1.7,"Ideal","J","VS2",60.5,58,10002,7.73,7.74,4.68
"7022",2091,0.71,"Ideal","E","VS2",61.6,57,3112,5.71,5.79,3.54
"7023",44997,0.31,"Very Good","I","SI1",63.3,53,523,4.32,4.3,2.73
"7024",44394,0.51,"Ideal","F","VS2",60.6,57,1583,5.17,5.2,3.14
"7025",457,0.71,"Premium","E","SI1",59.2,59,2817,5.86,5.83,3.46
"7026",33310,0.41,"Good","E","VS1",62.8,58,827,4.67,4.7,2.94
"7027",8087,0.72,"Very Good","E","VVS1",60.8,58,4339,5.79,5.83,3.53
"7028",19328,1.19,"Ideal","G","VS1",61.9,55,8034,6.81,6.87,4.22
"7029",22615,2.02,"Good","J","SI2",64.4,60,10666,7.87,7.93,5.09
"7030",32068,0.33,"Premium","D","SI1",61.5,60,780,4.44,4.41,2.72
"7031",38221,0.43,"Premium","F","SI1",60.6,59,1016,4.87,4.84,2.94
"7032",15068,1.21,"Premium","H","VS1",61.2,60,6056,6.77,6.86,4.17
"7033",48978,0.36,"Premium","D","SI2",60,58,537,4.58,4.62,2.76
"7034",45921,0.53,"Ideal","E","VS2",62.1,56,1721,5.17,5.2,3.22
"7035",44245,0.51,"Very Good","F","VS2",63.2,56,1574,5.1,5.06,3.21
"7036",17879,1.22,"Ideal","E","SI1",61.7,56,7215,6.92,6.88,4.26
"7037",46036,0.57,"Premium","E","SI1",60.3,57,1728,5.4,5.34,3.24
"7038",43101,0.53,"Premium","I","VS1",62.3,58,1383,5.26,5.18,3.25
"7039",25537,2.14,"Ideal","G","SI2",62.9,56,14359,8.18,8.14,5.13
"7040",456,0.63,"Ideal","F","VVS2",61.5,56,2817,5.48,5.52,3.38
"7041",1922,0.91,"Very Good","J","VS1",63.5,55,3082,6.22,6.12,3.92
"7042",37011,0.33,"Ideal","G","VVS2",60.1,57,965,4.51,4.48,2.7
"7043",46371,0.57,"Premium","F","VS2",59.5,60,1760,5.44,5.35,3.21
"7044",46163,0.5,"Premium","E","VS2",61.4,59,1746,5.13,5.09,3.14
"7045",42777,0.5,"Premium","E","SI1",62.4,61,1348,5.1,4.98,3.15
"7046",10472,1.01,"Fair","F","VS2",64.8,56,4791,6.3,6.25,4.07
"7047",30053,0.41,"Premium","G","SI1",62.5,58,719,4.75,4.78,2.98
"7048",7748,0.91,"Very Good","F","SI1",59.7,55,4279,6.33,6.36,3.79
"7049",30021,0.41,"Good","D","SI1",63.1,57,717,4.68,4.73,2.97
"7050",24984,2.07,"Very Good","J","VS2",61.3,56,13495,8.16,8.2,5.02
"7051",16803,1.28,"Ideal","H","SI1",62.4,56,6701,6.93,6.91,4.32
"7052",16416,1.23,"Ideal","D","SI1",60.9,54,6557,7.01,6.96,4.25
"7053",39671,0.42,"Premium","G","VS2",61.9,58,1087,4.82,4.77,2.97
"7054",4483,0.61,"Ideal","D","VVS1",62.3,54,3625,5.4,5.45,3.38
"7055",44764,0.52,"Ideal","E","VS2",62.4,57,1621,5.12,5.14,3.2
"7056",52462,0.71,"Ideal","D","SI2",60.4,56,2516,5.79,5.83,3.51
"7057",23326,1.7,"Premium","I","VS2",60.5,61,11369,7.68,7.65,4.64
"7058",22998,2.3,"Premium","I","SI2",61.3,58,11051,8.53,8.46,5.21
"7059",38019,0.39,"Premium","G","VS2",60.4,61,1009,4.7,4.67,2.83
"7060",28822,0.41,"Very Good","H","SI1",62.6,59,683,4.72,4.77,2.97
"7061",23476,1.07,"Very Good","E","IF",58.6,63,11475,6.7,6.79,3.95
"7062",37346,0.31,"Premium","F","VVS1",59.4,58,982,4.45,4.41,2.63
"7063",49033,0.73,"Ideal","J","VS2",62.8,55,2054,5.69,5.72,3.58
"7064",25437,1.54,"Premium","F","VS2",62.8,58,14188,7.33,7.29,4.59
"7065",30244,0.33,"Ideal","E","VS2",62.1,56,723,4.4,4.45,2.75
"7066",17598,1.21,"Ideal","I","VVS1",61.6,55,7086,6.88,6.8,4.21
"7067",22300,1.58,"Ideal","H","SI1",62.5,57,10345,7.43,7.39,4.63
"7068",15129,1.01,"Fair","D","VS2",65.2,57,6081,6.23,6.19,4.05
"7069",11174,0.7,"Ideal","F","VVS1",61,56,4951,5.72,5.75,3.5
"7070",15026,1.5,"Premium","J","SI2",61,60,6048,7.34,7.3,4.46
"7071",14444,1.27,"Premium","H","VS2",58.9,61,5832,7.09,7.03,4.16
"7072",18160,1.31,"Premium","G","SI1",62.2,56,7358,7.02,6.97,4.35
"7073",1606,0.77,"Ideal","D","SI2",62.3,55,3011,5.9,5.85,3.66
"7074",46551,0.51,"Ideal","E","VS2",62.5,55,1781,5.13,5.08,3.19
"7075",30285,0.34,"Premium","F","SI2",60,58,447,4.55,4.58,2.74
"7076",52054,0.74,"Premium","F","SI1",58.7,58,2452,5.93,5.86,3.46
"7077",52186,0.72,"Very Good","G","VS2",63.3,57,2477,5.71,5.67,3.6
"7078",41187,0.39,"Ideal","G","IF",61.6,56,1201,4.69,4.73,2.9
"7079",17559,1.01,"Premium","G","VVS2",61.2,59,7068,6.42,6.36,3.91
"7080",48417,0.61,"Very Good","F","VS2",62.9,58,1971,5.33,5.39,3.37
"7081",33870,0.3,"Ideal","E","VS2",62,56,844,4.34,4.31,2.68
"7082",51448,0.7,"Ideal","E","SI2",60.5,56,2375,5.8,5.77,3.5
"7083",3031,0.31,"Ideal","D","SI1",62.2,54,565,4.36,4.39,2.72
"7084",21834,1.5,"Premium","I","VS1",62.7,59,9900,7.25,7.3,4.56
"7085",8447,0.81,"Ideal","F","VS1",62.3,55,4412,5.97,6,3.73
"7086",12467,1.06,"Ideal","E","SI1",59.6,54,5250,6.64,6.62,3.95
"7087",10083,0.95,"Very Good","E","SI1",62.8,59,4711,6.21,6.25,3.91
"7088",5932,1.1,"Ideal","E","I1",61.9,56,3942,6.63,6.59,4.09
"7089",40970,0.45,"Good","H","VVS1",56.8,64,1180,5.08,4.99,2.86
"7090",11990,1.01,"Fair","F","SI1",57.9,57,5144,6.53,6.57,3.79
"7091",19467,1.77,"Good","J","SI2",63.4,60,8109,7.61,7.65,4.84
"7092",5570,1.04,"Premium","I","SI2",62.1,59,3861,6.46,6.52,4.03
"7093",12972,1.02,"Very Good","H","VS2",60.6,60,5393,6.55,6.48,3.95
"7094",20125,1.2,"Ideal","F","VS2",61.2,53,8588,6.88,6.85,4.2
"7095",51707,0.58,"Very Good","D","VVS2",63,56,2400,5.28,5.35,3.35
"7096",33161,0.31,"Ideal","E","VVS2",61.6,55,816,4.35,4.38,2.69
"7097",3660,0.77,"Ideal","D","VS2",61.3,56,3442,5.87,5.9,3.61
"7098",38692,0.37,"Ideal","F","VS1",61.1,57,1041,4.65,4.61,2.83
"7099",6487,0.9,"Ideal","G","SI1",62.4,57,4059,6.15,6.19,3.85
"7100",24568,2.03,"Premium","J","SI1",62.1,59,12862,8.06,8.12,5.02
"7101",4285,1,"Ideal","E","I1",61.8,56,3584,6.43,6.38,3.96
"7102",3048,0.27,"Very Good","G","VVS1",61,56,566,4.21,4.25,2.57
"7103",2337,1.09,"Fair","F","SI2",66.3,56,3170,6.47,6.39,4.27
"7104",39994,0.41,"Premium","F","VS2",60.3,60,1107,4.84,4.81,2.91
"7105",16232,1.22,"Premium","G","SI1",60.7,59,6492,6.92,6.96,4.21
"7106",35223,0.33,"Ideal","F","VVS1",61.9,55,893,4.43,4.46,2.75
"7107",46487,0.62,"Premium","D","SI2",62,59,1777,5.48,5.45,3.39
"7108",43228,0.4,"Ideal","E","VVS1",61.5,56,1397,4.73,4.7,2.9
"7109",13486,0.91,"Ideal","D","SI1",62.1,55,5535,6.2,6.24,3.86
"7110",5625,1.03,"Premium","E","SI2",61.7,61,3876,6.49,6.45,3.99
"7111",40885,0.57,"Premium","J","VS2",60.2,62,1176,5.4,5.33,3.23
"7112",32903,0.44,"Premium","H","VS2",61.3,58,810,4.88,4.91,3
"7113",31212,0.32,"Ideal","D","SI1",62.5,54,756,4.41,4.39,2.75
"7114",53846,0.7,"Very Good","G","VS1",60,56,2741,5.77,5.83,3.48
"7115",12900,0.9,"Ideal","E","SI1",61.9,54,5373,6.19,6.22,3.84
"7116",30697,0.42,"Premium","G","SI1",61.7,58,737,4.76,4.8,2.95
"7117",46768,0.52,"Ideal","D","VS2",60.3,56,1802,5.27,5.24,3.17
"7118",6755,0.9,"Ideal","F","SI1",62.3,56,4103,6.17,6.13,3.83
"7119",40638,0.41,"Premium","E","VS1",62,57,1153,4.77,4.74,2.95
"7120",18978,1,"Premium","D","VS1",62.7,54,7812,6.38,6.35,3.99
"7121",35301,0.3,"Premium","I","VS1",61.7,58,473,4.27,4.32,2.65
"7122",15237,1.04,"Premium","D","SI1",59.9,56,6115,6.65,6.6,3.97
"7123",43091,0.51,"Premium","G","VS2",61.1,58,1381,5.17,5.2,3.17
"7124",36051,0.31,"Ideal","G","IF",61.7,56,924,4.34,4.38,2.69
"7125",3340,0.7,"Premium","E","VVS2",60.6,60,3377,5.74,5.72,3.47
"7126",49838,0.52,"Ideal","F","VVS2",62,55,2168,5.16,5.2,3.21
"7127",48321,0.23,"Ideal","G","VVS1",61.5,57,536,3.94,3.97,2.43
"7128",4694,1,"Good","G","SI2",63.4,60,3676,6.22,6.34,3.98
"7129",21890,1.5,"Very Good","D","SI2",59.8,63,9959,7.44,7.38,4.43
"7130",31973,0.3,"Very Good","I","VS2",60.5,55,453,4.34,4.37,2.63
"7131",19760,1.11,"Premium","E","VS1",61.2,58,8329,6.69,6.65,4.08
"7132",8559,0.91,"Premium","E","SI1",62.5,61,4434,6.19,6.1,3.84
"7133",3865,0.9,"Premium","G","SI2",62.4,55,3478,6.17,6.13,3.84
"7134",30610,0.3,"Very Good","G","SI1",62.8,56,447,4.28,4.32,2.7
"7135",16337,1.01,"Very Good","F","VS2",63.1,60,6533,6.39,6.36,4.02
"7136",24901,1.58,"Premium","D","SI1",59,59,13329,7.68,7.63,4.52
"7137",30942,0.27,"Very Good","E","VS2",58.6,57,449,4.3,4.33,2.53
"7138",41867,0.38,"Ideal","F","VVS1",61.9,54,1257,4.7,4.67,2.9
"7139",24448,2.12,"Ideal","D","SI2",62.9,55,12707,8.17,8.14,5.13
"7140",49676,0.7,"Premium","H","SI2",62.8,59,2142,5.65,5.62,3.54
"7141",12445,1,"Premium","G","VS1",61.9,60,5242,6.39,6.31,3.93
"7142",18141,1.01,"Ideal","F","VS2",61.7,55,7347,6.42,6.46,3.98
"7143",20826,1.76,"Very Good","J","SI2",60.9,60,9053,7.79,7.83,4.76
"7144",33658,0.3,"Ideal","D","VS1",61,57,835,4.32,4.31,2.63
"7145",21671,1.96,"Premium","H","SI2",60.4,62,9769,7.96,7.9,4.79
"7146",4968,0.91,"Very Good","I","VS1",61.9,57,3734,6.19,6.24,3.85
"7147",21260,1.5,"Premium","F","SI2",60.8,59,9408,7.36,7.3,4.46
"7148",2099,0.9,"Good","H","SI2",64.3,58,3114,5.97,6.03,3.86
"7149",28084,0.3,"Premium","D","SI1",58.8,57,662,4.44,4.4,2.6
"7150",9362,0.32,"Very Good","D","SI1",62.8,56,589,4.37,4.42,2.76
"7151",8258,1.01,"Ideal","I","VS2",64.1,58,4378,6.27,6.21,4
"7152",18812,1.24,"Ideal","H","VS2",60.1,59,7701,6.99,7.03,4.21
"7153",14978,1.02,"Premium","E","VS2",60.3,60,6032,6.58,6.48,3.94
"7154",10406,0.31,"Premium","D","SI2",61.5,60,593,4.34,4.31,2.66
"7155",44120,0.5,"Premium","E","VS2",62.7,59,1559,5.02,5.06,3.16
"7156",18491,1.01,"Good","G","VVS2",63.2,59,7528,6.34,6.38,4.02
"7157",26897,2.01,"Premium","F","SI2",60.3,60,16881,8.11,8.08,4.88
"7158",16884,1.11,"Ideal","E","SI1",62.5,54,6737,6.62,6.63,4.13
"7159",37821,0.53,"Ideal","J","SI2",62.3,58,1002,5.13,5.17,3.21
"7160",26563,1.23,"Ideal","D","VVS1",62.4,57,16253,6.88,6.83,4.28
"7161",18861,1.29,"Premium","F","SI1",62.5,60,7730,6.97,6.91,4.34
"7162",27573,2.01,"Ideal","F","SI2",61.9,55,18395,8.1,8.05,5
"7163",26730,0.32,"Premium","G","VS1",61,59,645,4.39,4.43,2.69
"7164",30835,0.33,"Ideal","H","VS1",60.2,57,743,4.54,4.5,2.72
"7165",52413,0.7,"Premium","G","VS1",61,59,2512,5.68,5.77,3.49
"7166",43828,0.51,"Very Good","G","VS2",63.5,57,1443,5.06,5.05,3.21
"7167",23855,1.52,"Ideal","H","VS1",60.1,60,11946,7.54,7.51,4.52
"7168",26293,1.52,"Good","E","VS1",64,55,15792,7.27,7.19,4.63
"7169",4768,0.71,"Good","D","VS1",64.2,58,3690,5.65,5.6,3.61
"7170",9473,1.2,"Very Good","H","SI1",61.4,63,4603,6.76,6.72,4.14
"7171",27983,0.3,"Very Good","E","VS2",62.6,58,658,4.25,4.28,2.67
"7172",37186,0.32,"Ideal","D","VS2",62.6,57,972,4.41,4.37,2.75
"7173",18463,1.03,"Very Good","G","VS1",61.3,56.1,7511,6.5,6.52,3.99
"7174",42335,0.62,"Ideal","J","VS1",62.3,54,1297,5.46,5.49,3.41
"7175",6769,0.91,"Fair","D","VS2",65.7,58,4107,6.04,5.99,3.95
"7176",40892,0.38,"Ideal","E","VVS2",62,57,1176,4.62,4.61,2.86
"7177",39117,0.41,"Premium","G","VS2",61.5,58,1061,4.82,4.8,2.96
"7178",31132,0.31,"Ideal","E","VVS2",62.5,54,755,4.34,4.37,2.72
"7179",40173,0.38,"Premium","D","VS2",58.8,61,1117,4.77,4.72,2.79
"7180",8835,1.02,"Premium","E","SI2",58.7,59,4478,6.61,6.57,3.87
"7181",19924,1.56,"Very Good","I","SI1",60.2,61,8470,7.5,7.59,4.54
"7182",28068,0.39,"Very Good","H","VS2",60.7,56,661,4.77,4.79,2.9
"7183",49595,0.71,"Ideal","G","SI1",61.4,57,2136,5.76,5.8,3.55
"7184",16293,1.15,"Ideal","E","SI1",60.2,57,6517,6.8,6.77,4.09
"7185",37246,0.41,"Very Good","G","VS1",60.6,56,976,4.83,4.87,2.94
"7186",9447,0.9,"Ideal","F","SI2",62.4,55,4593,6.17,6.2,3.86
"7187",2030,0.7,"Premium","G","VVS1",61.2,56,3105,5.75,5.68,3.5
"7188",34576,0.31,"Ideal","G","IF",61.1,57,871,4.38,4.42,2.68
"7189",48677,0.56,"Ideal","G","VVS2",61.4,54,2004,5.33,5.35,3.28
"7190",21361,0.33,"Ideal","E","VS1",60,57,625,4.47,4.5,2.69
"7191",16063,1.01,"Very Good","F","VS2",62.8,59,6416,6.33,6.41,4
"7192",1790,0.81,"Ideal","E","SI2",62.1,57,3050,5.97,5.91,3.69
"7193",38564,0.5,"Ideal","H","SI1",61.7,58,1035,5.07,5.11,3.14
"7194",14789,1.01,"Fair","G","VS2",65.1,56,5950,6.2,6.15,4.02
"7195",17247,1.07,"Premium","G","VS2",61.9,58,6903,6.55,6.54,4.05
"7196",2395,0.32,"Very Good","H","VS1",62.8,55,561,4.35,4.41,2.75
"7197",41739,0.41,"Ideal","E","VVS2",60.9,56,1243,4.81,4.75,2.91
"7198",44710,0.56,"Very Good","F","VS2",62,56,1614,5.2,5.22,3.23
"7199",40849,0.53,"Ideal","I","VS2",61.9,54,1173,5.21,5.23,3.23
"7200",17827,1.51,"Fair","H","VS2",65.6,56,7188,7.08,4.7,4
"7201",9084,1.07,"Premium","G","SI2",62,59,4523,6.54,6.5,4.04
"7202",16145,1.28,"Ideal","H","SI2",62.8,57,6451,6.92,6.87,4.33
"7203",32420,0.41,"Ideal","D","SI1",61,57,791,4.78,4.8,2.92
"7204",41358,0.6,"Premium","H","SI1",60.1,61,1219,5.43,5.39,3.25
"7205",34636,0.31,"Ideal","E","VS2",61.9,55,872,4.39,4.36,2.71
"7206",6695,0.31,"Ideal","G","SI2",61.7,56,408,4.34,4.38,2.69
"7207",31030,0.31,"Premium","F","VS2",60.7,61,749,4.4,4.36,2.66
"7208",39716,0.5,"Good","E","SI1",64,56,1090,5.03,4.97,3.2
"7209",43295,0.52,"Ideal","H","VS2",61.6,55,1401,5.19,5.24,3.21
"7210",1836,0.71,"Ideal","G","SI1",61.5,55,3061,5.75,5.79,3.55
"7211",43171,0.54,"Premium","H","VS2",61.6,58,1389,5.24,5.22,3.22
"7212",21572,1.2,"Premium","G","VS2",62.5,58,9677,6.74,6.67,4.19
"7213",38883,0.4,"Ideal","D","VS2",62.8,57,1050,4.72,4.68,2.95
"7214",1600,1.2,"Fair","I","I1",66.2,55,3011,6.61,6.51,4.34
"7215",19906,1.03,"Ideal","G","VVS1",62.4,57,8454,6.39,6.47,4.01
"7216",27188,2.01,"Premium","I","SI1",60.2,59,17474,8.18,8.12,4.91
"7217",8200,1.04,"Premium","H","SI2",58.6,60,4368,6.67,6.63,3.9
"7218",17810,1.23,"Very Good","H","VS2",60.2,63,7177,6.95,6.91,4.17
"7219",19790,1,"Good","E","VVS1",63.4,59,8359,6.27,6.24,4
"7220",35741,0.3,"Premium","D","VS2",62.9,61,911,4.29,4.27,2.69
"7221",44363,0.56,"Ideal","E","SI1",60.9,56,1580,5.32,5.35,3.25
"7222",33655,0.41,"Very Good","E","VS1",62.8,56,834,4.72,4.77,2.98
"7223",28615,0.3,"Good","E","SI1",63.8,55,675,4.28,4.25,2.72
"7224",13322,1,"Premium","E","SI1",61.6,59,5500,6.38,6.41,3.94
"7225",1421,0.78,"Premium","E","VS2",62.6,57,2970,5.91,5.85,3.68
"7226",47021,0.56,"Premium","G","VS1",61.2,60,1819,5.26,5.3,3.23
"7227",21221,1.22,"Ideal","H","VVS2",61.7,56,9366,6.83,6.87,4.23
"7228",50067,0.54,"Ideal","F","VS1",61.5,55,2202,5.26,5.27,3.24
"7229",49979,0.31,"Very Good","I","VVS1",63.6,55,541,4.27,4.32,2.73
"7230",21276,1.77,"Premium","J","VS2",59.6,58,9428,7.94,7.86,4.71
"7231",34547,0.36,"Ideal","G","VS1",62.3,57,869,4.57,4.55,2.84
"7232",13199,1.27,"Ideal","J","SI1",61.4,57,5455,6.97,7,4.29
"7233",53852,0.71,"Ideal","H","VVS1",62.1,57,2742,5.67,5.7,3.53
"7234",26645,2.51,"Premium","J","SI2",59.3,58,16427,8.87,8.83,5.25
"7235",17232,1.04,"Premium","G","VVS1",58.2,60,6890,6.71,6.66,3.89
"7236",15711,0.24,"Very Good","F","VVS1",60.4,56,608,4.05,4.07,2.45
"7237",21450,1.02,"Premium","F","VVS1",62.6,59,9550,6.41,6.36,4
"7238",12061,0.73,"Ideal","F","VVS1",61.4,56,5154,5.8,5.81,3.56
"7239",8577,1,"Premium","E","SI1",60.3,62,4435,6.52,6.43,3.91
"7240",42952,0.3,"Premium","J","VS1",61.2,61,506,4.33,4.3,2.64
"7241",13252,1.03,"Ideal","E","SI1",61.3,57,5476,6.48,6.51,3.98
"7242",29210,0.31,"Ideal","F","VVS2",61.3,56,695,4.38,4.39,2.69
"7243",31137,0.31,"Ideal","G","VVS1",59,62,755,4.41,4.43,2.61
"7244",30812,0.41,"Ideal","H","VS2",61.5,55,743,4.78,4.81,2.95
"7245",12103,1.13,"Ideal","I","VS2",62.2,55,5165,6.69,6.67,4.15
"7246",47647,0.23,"Ideal","F","VVS2",62,56,530,3.92,3.98,2.45
"7247",32217,0.31,"Ideal","G","VVS1",61.3,56,789,4.37,4.41,2.69
"7248",17371,0.32,"Ideal","D","SI2",61.7,55,612,4.4,4.38,2.71
"7249",5548,1.02,"Premium","J","SI1",61.8,58,3856,6.5,6.44,4
"7250",50435,0.77,"Very Good","I","VS2",63.4,58,2262,5.81,5.74,3.66
"7251",28518,0.32,"Ideal","I","IF",62.2,57,673,4.35,4.37,2.71
"7252",51690,0.7,"Very Good","H","VS1",60.3,63,2399,5.77,5.73,3.47
"7253",4227,0.9,"Very Good","I","VS2",63.2,56,3570,6.15,6.09,3.87
"7254",50149,0.7,"Premium","E","SI2",61.1,61,2215,5.74,5.69,3.49
"7255",12015,0.9,"Very Good","E","VS1",61.1,59,5151,6.14,6.2,3.77
"7256",50184,0.66,"Ideal","H","VS1",62.7,55,2222,5.6,5.57,3.5
"7257",9046,0.39,"Very Good","H","SI2",60.4,60,588,4.74,4.8,2.88
"7258",8783,1,"Premium","H","SI1",62.2,60,4469,6.45,6.34,3.98
"7259",31942,0.3,"Ideal","F","VS2",61.3,55,776,4.32,4.3,2.64
"7260",36610,0.32,"Ideal","D","SI2",61.8,55,477,4.38,4.42,2.72
"7261",4997,0.58,"Ideal","D","VVS1",62.2,56,3741,5.34,5.36,3.33
"7262",31580,0.35,"Ideal","E","VS2",61.6,56,767,4.52,4.54,2.79
"7263",28184,0.37,"Premium","H","SI1",60.4,59,666,4.63,4.58,2.78
"7264",52376,0.71,"Very Good","F","SI1",59,61,2505,5.84,5.88,3.46
"7265",6129,1.04,"Ideal","H","SI1",61.3,55,3984,6.49,6.44,3.96
"7266",1169,0.8,"Ideal","I","SI1",59.4,58,2927,6.07,6.09,3.61
"7267",9072,1.03,"Ideal","H","SI1",62.3,56,4520,6.45,6.48,4.03
"7268",20400,0.31,"Ideal","H","VVS2",61.5,56,625,4.35,4.37,2.68
"7269",37242,0.5,"Good","F","SI1",64.3,57,975,5.03,4.94,3.21
"7270",33305,0.38,"Very Good","J","IF",60.9,61,827,4.66,4.73,2.86
"7271",39642,0.41,"Ideal","E","VVS2",62.3,58,1085,4.73,4.78,2.96
"7272",14589,1,"Ideal","G","VS2",62.3,56,5887,6.43,6.32,3.97
"7273",27030,2,"Premium","F","SI1",58.8,61,17172,8.29,8.23,4.86
"7274",38355,0.33,"Ideal","F","VVS1",61.8,57,1021,4.47,4.43,2.75
"7275",26096,1.5,"Premium","F","VS1",59.6,60,15338,7.41,7.49,4.44
"7276",34134,0.33,"Ideal","F","VVS1",61.1,55,854,4.48,4.52,2.75
"7277",21322,1.51,"Ideal","F","SI2",62.6,55,9471,7.39,7.35,4.61
"7278",9170,0.9,"Very Good","G","VS2",62.7,59,4543,6.09,6.16,3.84
"7279",16053,1.01,"Premium","G","VS1",59.8,59,6412,6.5,6.55,3.9
"7280",2721,0.26,"Ideal","E","VVS2",62.5,55,564,4.07,4.09,2.55
"7281",51333,0.7,"Very Good","F","VS2",62.6,57,2362,5.62,5.69,3.54
"7282",37435,0.33,"Ideal","E","VVS1",61.7,56,984,4.46,4.48,2.76
"7283",39065,0.4,"Ideal","G","VVS1",61.2,56,1059,4.74,4.8,2.92
"7284",45177,0.5,"Ideal","E","VS2",60.6,59,1655,5.1,5.2,3.12
"7285",40021,0.55,"Ideal","I","SI2",60.4,56,1109,5.32,5.36,3.23
"7286",5496,0.91,"Premium","E","SI1",61.5,60,3842,6.24,6.19,3.82
"7287",39950,0.24,"Good","F","IF",65.1,58,492,3.86,3.88,2.52
"7288",45097,0.54,"Ideal","I","IF",61.6,53,1647,5.26,5.3,3.25
"7289",13620,0.95,"Very Good","G","VS1",59.9,58,5572,6.37,6.41,3.83
"7290",21174,1.53,"Very Good","H","SI1",60.4,60,9332,7.39,7.44,4.48
"7291",52786,0.7,"Ideal","G","SI1",61.9,58,2567,5.66,5.69,3.51
"7292",33796,0.4,"Premium","F","VS2",60.7,60,842,4.75,4.8,2.9
"7293",2163,0.74,"Ideal","G","SI1",61.9,55,3130,5.8,5.83,3.6
"7294",36485,0.32,"Ideal","F","IF",60.9,57,943,4.41,4.43,2.69
"7295",36914,0.41,"Ideal","H","VVS2",62.5,56,961,4.77,4.74,2.97
"7296",53701,0.7,"Ideal","F","VS2",61.3,56,2717,5.74,5.71,3.51
"7297",353,0.9,"Fair","I","SI1",67.3,59,2804,5.93,5.84,3.96
"7298",35488,0.43,"Very Good","G","SI1",63.1,58,903,4.79,4.75,3.01
"7299",21515,1.5,"Very Good","I","VS2",62.2,59,9611,7.34,7.3,4.55
"7300",12545,1.23,"Ideal","I","SI2",62.1,56,5269,6.88,6.84,4.26
"7301",21400,1.51,"Ideal","E","SI2",62.9,57,9513,7.29,7.23,4.57
"7302",14695,1,"Very Good","H","VVS2",60.3,59,5929,6.41,6.46,3.88
"7303",45780,0.51,"Ideal","G","VS1",60.9,56,1708,5.16,5.19,3.15
"7304",3422,0.9,"Very Good","I","VS2",63.2,54,3382,6.1,6.08,3.85
"7305",18904,1.13,"Ideal","F","VS2",61.8,54,7756,6.72,6.73,4.15
"7306",51357,0.71,"Premium","H","SI1",62.9,58,2364,5.66,5.62,3.55
"7307",41609,0.32,"Premium","J","VS2",61.9,59,393,4.35,4.38,2.7
"7308",8172,1.01,"Very Good","E","SI2",63.5,55,4363,6.32,6.38,4.03
"7309",50078,0.51,"Ideal","F","VVS2",62.4,57,2203,5.12,5.08,3.18
"7310",8241,1.07,"Ideal","F","SI2",61.9,55,4374,6.53,6.58,4.06
"7311",31863,0.3,"Premium","H","VVS2",60.8,58,776,4.37,4.34,2.65
"7312",19979,1.51,"Premium","J","VS1",61.8,61,8524,7.26,7.21,4.47
"7313",20042,0.42,"Ideal","H","SI2",61.4,56,625,4.81,4.86,2.97
"7314",9690,1,"Very Good","H","VS2",63.3,62,4652,6.37,6.29,4.01
"7315",34475,0.38,"Ideal","E","VS2",61.7,55,866,4.66,4.68,2.88
"7316",20307,1.51,"Good","I","VS2",62.9,57,8720,7.23,7.27,4.56
"7317",39394,0.41,"Ideal","D","VS2",62.4,55,1076,4.79,4.76,2.98
"7318",1251,0.72,"Ideal","H","VVS1",62.5,57,2946,5.7,5.73,3.57
"7319",21467,1.55,"Ideal","D","SI1",61.7,57,9565,7.47,7.43,4.59
"7320",36683,0.41,"Premium","F","VVS2",61.6,59,951,4.73,4.79,2.93
"7321",17728,0.39,"Ideal","E","SI2",61,55,614,4.74,4.77,2.9
"7322",18254,1.32,"Ideal","G","SI1",61.9,57,7414,7.05,7.01,4.35
"7323",14007,1.2,"Ideal","I","VS2",63.2,59,5699,6.73,6.68,4.24
"7324",8564,1.01,"Very Good","G","SI2",59.3,61,4435,6.56,6.52,3.88
"7325",46673,0.59,"Ideal","G","VS2",62.6,54,1789,5.38,5.32,3.35
"7326",14318,1.35,"Premium","G","SI1",62.4,58,5799,7.07,6.97,4.38
"7327",29982,0.31,"Ideal","F","VVS2",61.2,56,716,4.4,4.43,2.7
"7328",39004,0.42,"Ideal","G","VS1",61,56,1055,4.86,4.82,2.95
"7329",22254,1.18,"Ideal","G","VVS2",61.3,55,10308,6.86,6.81,4.19
"7330",36288,0.32,"Premium","G","SI1",62.6,58,477,4.35,4.37,2.73
"7331",39551,0.32,"Ideal","G","VVS1",60.2,56,1080,4.49,4.45,2.69
"7332",6311,0.56,"Very Good","D","IF",62.5,59,4025,5.26,5.3,3.3
"7333",29676,0.28,"Very Good","F","VVS1",61.5,56,707,4.24,4.27,2.61
"7334",36643,0.43,"Ideal","F","SI1",61.3,56,948,4.9,4.86,2.99
"7335",31944,0.3,"Ideal","F","VS2",60.7,57,776,4.34,4.29,2.62
"7336",43222,0.4,"Premium","G","IF",59.8,58,1397,4.85,4.79,2.88
"7337",11150,1.07,"Premium","E","SI2",61.3,59,4943,6.58,6.64,4.05
"7338",15579,1.06,"Ideal","F","SI1",61.7,55.1,6249,6.56,6.58,4.06
"7339",28490,0.29,"Ideal","G","VVS1",60.2,56,673,4.29,4.33,2.59
"7340",50679,1.01,"Fair","G","I1",64.5,56,2287,6.32,6.26,4.06
"7341",18436,1.37,"Ideal","I","VS2",61.3,56,7500,7.15,7.18,4.39
"7342",5954,0.7,"Ideal","G","IF",61.3,56,3949,5.72,5.73,3.51
"7343",26946,2.01,"Very Good","F","SI2",62,54,17005,8.03,8.12,5.01
"7344",4032,0.71,"Ideal","E","SI1",60.5,56,3527,5.81,5.84,3.53
"7345",17442,1.01,"Very Good","E","VS1",62,57,6996,6.46,6.38,3.98
"7346",38563,0.52,"Ideal","H","SI2",61.5,56,1035,5.17,5.21,3.19
"7347",20054,0.31,"Ideal","F","VS2",62.3,55,625,4.3,4.33,2.69
"7348",19258,1.55,"Ideal","J","SI1",61.7,54,7987,7.42,7.55,4.62
"7349",32912,0.42,"Premium","D","SI1",59.8,59,810,4.86,4.91,2.92
"7350",205,0.98,"Fair","H","SI2",67.9,60,2777,6.05,5.97,4.08
"7351",49577,0.58,"Ideal","G","VVS2",61.9,57,2132,5.33,5.36,3.31
"7352",24737,1.56,"Premium","G","VS1",60.2,60,13079,7.47,7.52,4.51
"7353",225,0.72,"Ideal","D","SI1",60.8,57,2782,5.76,5.75,3.5
"7354",4643,1.04,"Premium","J","SI2",62,59,3669,6.49,6.47,4.02
"7355",4973,0.73,"Ideal","D","VS2",62.6,55,3735,5.71,5.76,3.59
"7356",29433,0.42,"Ideal","H","SI1",62.4,57,700,4.76,4.79,2.98
"7357",43417,0.57,"Ideal","D","SI2",61.4,56,1413,5.33,5.38,3.29
"7358",1837,0.91,"Good","I","SI2",57.9,60,3061,6.46,6.39,3.72
"7359",47941,0.38,"Ideal","D","VVS1",60.3,56,1915,4.74,4.72,2.85
"7360",4172,0.92,"Premium","G","SI2",62.4,57,3555,6.22,6.18,3.87
"7361",8984,0.95,"Ideal","H","SI1",61.9,56,4508,6.29,6.35,3.91
"7362",21827,1.04,"Ideal","E","VVS2",62.4,56,9897,6.51,6.47,4.05
"7363",6586,1.09,"Very Good","I","SI2",63.8,57,4078,6.5,6.55,4.16
"7364",45855,0.54,"Premium","D","SI1",62.3,60,1715,5.22,5.18,3.24
"7365",4622,1.01,"Premium","I","SI2",59.6,62,3665,6.56,6.5,3.89
"7366",23876,2.03,"Very Good","J","SI2",60.9,60,11968,8.1,8.21,4.97
"7367",34668,0.31,"Premium","E","VS2",62.7,58,872,4.33,4.31,2.71
"7368",6512,1.12,"Premium","J","SI1",62.7,55,4064,6.65,6.61,4.16
"7369",20984,1.63,"Very Good","I","SI1",61.9,60,9199,7.51,7.55,4.66
"7370",52118,0.74,"Very Good","H","VS2",59.9,57,2463,5.87,5.91,3.53
"7371",19272,1.21,"Premium","G","VS2",62.2,58,7996,6.85,6.81,4.25
"7372",3541,1.01,"Good","I","SI2",64.1,58,3411,6.31,6.26,4.03
"7373",23566,1.57,"Premium","H","VS2",61,59,11575,7.54,7.5,4.59
"7374",5175,1.04,"Premium","I","SI2",62,57,3774,6.53,6.47,4.03
"7375",8389,0.35,"Very Good","F","SI1",61.7,58,583,4.51,4.54,2.79
"7376",19387,1.2,"Premium","G","VS1",62.4,59,8056,6.73,6.69,4.19
"7377",11530,1,"Premium","E","SI1",62.7,61,5027,6.37,6.32,3.98
"7378",8040,1.01,"Ideal","I","SI2",62.5,57,4336,6.38,6.45,4.01
"7379",26036,0.32,"Ideal","F","VS2",62.1,57,645,4.35,4.38,2.71
"7380",18357,1,"Good","G","VVS1",58.4,60,7467,6.55,6.61,3.84
"7381",41350,0.5,"Good","E","SI1",64,56,1217,5.03,4.9,3.18
"7382",38008,0.4,"Premium","F","VVS2",59.4,59,1008,4.85,4.78,2.86
"7383",781,0.9,"Very Good","J","SI2",63.6,58,2860,6.07,6.1,3.87
"7384",52575,0.7,"Premium","D","SI2",61.9,58,2536,5.71,5.67,3.52
"7385",42594,0.5,"Very Good","E","SI1",61.9,53,1331,5.14,5.16,3.19
"7386",51285,0.57,"Ideal","F","VVS2",62,55,2360,5.31,5.3,3.29
"7387",5975,0.9,"Premium","F","SI2",59.7,60,3951,6.25,6.22,3.72
"7388",10498,1.02,"Fair","D","SI1",66.4,60,4798,6.29,6.21,4.15
"7389",12022,1.06,"Premium","H","VS2",61.1,59,5152,6.58,6.51,4
"7390",5021,0.91,"Premium","F","SI2",58.2,61,3746,6.58,6.41,3.77
"7391",24783,1.5,"Ideal","G","VS2",62.2,54,13154,7.39,7.34,4.58
"7392",2895,0.92,"Good","F","SI2",64.2,58,3282,6.14,6.11,3.93
"7393",20138,1.2,"Ideal","G","VS1",62.4,57,8596,6.74,6.82,4.23
"7394",15860,1.03,"Premium","E","VS2",60,59,6344,6.54,6.6,3.94
"7395",24422,1.5,"Very Good","G","VS2",62.5,59,12672,7.23,7.27,4.53
"7396",28386,0.33,"Premium","I","VS1",61.6,60,668,4.45,4.42,2.73
"7397",17231,1.06,"Ideal","G","VS2",61.9,54,6890,6.54,6.58,4.06
"7398",43268,0.3,"Ideal","I","SI1",62.3,56,506,4.35,4.32,2.7
"7399",48022,0.7,"Good","J","VVS2",63.2,55,1922,5.63,5.57,3.54
"7400",40574,0.53,"Very Good","H","SI1",61.7,60,1152,5.17,5.21,3.2
"7401",6638,0.9,"Very Good","I","VS2",61.4,58,4089,6.22,6.25,3.83
"7402",11272,1.14,"Premium","D","SI2",60.3,58,4972,6.79,6.71,4.07
"7403",20424,1.6,"Ideal","H","SI2",61.5,55,8779,7.53,7.55,4.64
"7404",2510,0.7,"Ideal","D","SI1",61.7,57,3199,5.76,5.73,3.54
"7405",8439,1.23,"Premium","G","SI2",58.9,62,4408,7.03,6.97,4.12
"7406",12294,1.21,"Premium","H","SI2",61.9,55,5218,6.84,6.79,4.22
"7407",13342,1.46,"Fair","G","SI2",64.6,54,5504,7.11,7.03,4.57
"7408",51613,0.73,"Very Good","E","SI2",62.1,58,2395,5.75,5.81,3.59
"7409",12820,1.01,"Ideal","F","SI1",60.9,55,5345,6.5,6.48,3.95
"7410",26819,2.53,"Ideal","I","SI1",62.4,57,16709,8.68,8.59,5.39
"7411",30909,0.43,"Ideal","F","SI1",61.4,55,745,4.88,4.92,3.01
"7412",2201,0.73,"Ideal","F","VS1",61.1,57,3140,5.8,5.89,3.57
"7413",39059,0.57,"Premium","E","SI2",62.5,54,1058,5.35,5.3,3.33
"7414",37513,0.42,"Premium","F","VS1",59.8,57,985,4.89,4.85,2.91
"7415",29285,0.25,"Ideal","F","VS2",62.8,57,436,3.98,4.01,2.51
"7416",25413,2.14,"Ideal","I","SI2",60.7,57,14138,8.34,8.4,5.08
"7417",26303,1.32,"Ideal","D","VVS2",59.3,59,15802,7.16,7.23,4.27
"7418",45605,0.61,"Ideal","D","SI2",59.9,57,1690,5.55,5.53,3.32
"7419",16120,1.3,"Premium","I","VS2",60.1,58,6442,7.1,7.14,4.28
"7420",22523,1.53,"Ideal","I","VS1",61.5,55,10560,7.4,7.42,4.56
"7421",32921,0.44,"Very Good","E","SI1",62.2,60,810,4.79,4.86,3
"7422",40470,0.38,"Ideal","D","VS1",62,55,1140,4.68,4.64,2.89
"7423",7354,0.93,"Very Good","D","SI2",62.6,57,4214,6.2,6.26,3.9
"7424",2155,0.73,"Premium","E","VS2",61.9,57,3127,5.79,5.75,3.57
"7425",22769,1.4,"Very Good","F","VS2",60,58,10790,7.24,7.29,4.36
"7426",4452,0.9,"Ideal","F","SI2",61.9,56,3619,6.18,6.23,3.84
"7427",6632,0.81,"Ideal","D","VS2",62.1,56,4087,6.01,5.98,3.72
"7428",3749,0.23,"Premium","F","VVS2",61.3,59,571,3.99,3.94,2.43
"7429",33999,0.42,"Premium","G","VS2",60.6,58,847,4.83,4.88,2.94
"7430",50969,0.71,"Very Good","F","SI2",61.6,59,2326,5.7,5.76,3.53
"7431",23691,2.19,"Good","I","SI2",63.7,57,11756,8.23,8.19,5.23
"7432",26277,1.52,"Ideal","G","VVS2",60.6,57,15760,7.45,7.49,4.52
"7433",12721,1.24,"Premium","D","SI2",61,59,5311,6.93,6.97,4.24
"7434",10691,1.2,"Premium","I","VS2",62.3,57,4844,6.79,6.74,4.22
"7435",45304,0.3,"Ideal","D","SI1",62,53,524,4.33,4.35,2.69
"7436",10665,1.2,"Fair","J","SI1",65.2,58,4838,6.67,6.58,4.32
"7437",21651,1.2,"Ideal","G","VVS1",61.2,56,9744,6.89,6.86,4.21
"7438",18914,1.05,"Ideal","E","VS1",62.6,57,7762,6.5,6.44,4.05
"7439",46329,0.51,"Ideal","E","VS1",61.5,56,1758,5.11,5.16,3.16
"7440",18055,0.3,"Ideal","I","IF",62.5,56,615,4.26,4.28,2.67
"7441",1007,0.79,"Ideal","G","SI1",62.3,57,2898,5.9,5.85,3.66
"7442",43115,0.52,"Ideal","H","VS2",62,57,1385,5.12,5.08,3.16
"7443",12650,1.15,"Ideal","H","SI1",61.9,55,5296,6.74,6.77,4.18
"7444",44482,0.5,"Good","H","VVS1",63.3,57,1596,5.02,5.06,3.19
"7445",5647,1.2,"Very Good","J","SI2",59.6,62,3880,6.9,6.95,4.13
"7446",46037,0.57,"Ideal","E","SI1",62.1,56,1728,5.33,5.3,3.3
"7447",14871,1.01,"Very Good","F","VS2",61.1,56,5988,6.49,6.56,3.99
"7448",53065,0.72,"Fair","H","VVS2",56.5,68,2608,6.03,5.89,3.37
"7449",17578,1.09,"Ideal","G","VS1",60.5,57,7078,6.69,6.73,4.06
"7450",46162,0.5,"Premium","E","VS2",61.1,61,1746,5.13,5.11,3.13
"7451",33697,0.33,"Ideal","G","VVS1",61.7,55,838,4.44,4.48,2.75
"7452",43238,0.6,"Very Good","G","SI1",63.3,58,1399,5.34,5.31,3.37
"7453",17634,1.15,"Ideal","H","SI1",61.6,55,7100,6.74,6.79,4.17
"7454",47552,0.51,"Premium","D","VS1",59.5,57,1873,5.24,5.21,3.11
"7455",26425,2.06,"Premium","G","SI2",59.8,61,15949,8.26,8.22,4.93
"7456",19191,1.02,"Very Good","G","VVS2",63.1,59,7942,6.45,6.38,4.05
"7457",51236,0.72,"Very Good","G","SI1",63.1,57,2353,5.66,5.72,3.59
"7458",45413,0.51,"Ideal","G","VS1",61.7,56,1668,5.1,5.2,3.18
"7459",37946,0.36,"Premium","I","SI1",60.4,60,486,4.58,4.62,2.78
"7460",27073,1.67,"Ideal","F","VS2",61.8,57,17194,7.58,7.62,4.7
"7461",20733,1.59,"Ideal","I","SI2",60.5,55,8975,7.62,7.55,4.59
"7462",38116,0.3,"Premium","H","IF",62.9,58,1013,4.29,4.26,2.69
"7463",10010,1.01,"Very Good","G","SI1",62.4,60,4707,6.34,6.39,3.97
"7464",5582,0.78,"Ideal","D","VS2",62.2,55,3864,5.87,5.97,3.68
"7465",45801,0.5,"Premium","H","VVS1",62.5,58,1710,5.05,5.1,3.17
"7466",34073,0.45,"Very Good","E","SI1",62.8,58,851,4.84,4.88,3.05
"7467",33958,0.23,"Very Good","F","VVS1",60.1,57,465,4,4.02,2.41
"7468",10553,1.04,"Ideal","H","SI1",59.7,60,4812,6.61,6.59,3.94
"7469",44414,0.52,"Ideal","G","VS2",61.9,55,1586,5.15,5.19,3.2
"7470",12242,1.01,"Ideal","H","SI1",60.4,58,5200,6.47,6.5,3.92
"7471",7117,0.95,"Premium","F","SI2",62.4,59,4171,6.26,6.21,3.89
"7472",15920,1.16,"Premium","E","SI1",61.3,60,6366,6.7,6.64,4.09
"7473",46707,0.7,"Premium","F","SI2",61.2,59,1792,5.75,5.72,3.51
"7474",35968,0.3,"Ideal","G","SI1",61.8,56,477,4.34,4.37,2.69
"7475",11553,1.17,"Ideal","F","SI1",63,54,5032,6.71,6.66,4.21
"7476",44028,0.51,"Ideal","E","SI1",62.7,55,1546,5.1,5.07,3.19
"7477",2910,0.86,"Ideal","D","SI2",60.2,56,3284,6.16,6.19,3.72
"7478",47926,0.56,"Premium","G","VS1",62.4,58,1915,5.3,5.22,3.28
"7479",48873,1,"Fair","I","I1",64.5,58,2035,6.33,6.1,4.01
"7480",26405,2.4,"Premium","J","SI1",59.7,58,15920,8.75,8.71,5.21
"7481",19568,1.48,"Very Good","I","VS2",63,58,8196,7.16,7.19,4.52
"7482",20673,1.3,"Ideal","H","VVS2",61.5,55,8954,7.07,7.03,4.34
"7483",35173,0.31,"Ideal","G","IF",61.3,54,891,4.38,4.4,2.69
"7484",17785,1.32,"Premium","H","SI1",61.5,61,7163,7.05,6.97,4.31
"7485",48587,0.54,"Ideal","D","VS2",61.8,56,1993,5.24,5.21,3.23
"7486",2759,0.9,"Good","G","SI1",64.2,58,3250,6.04,6.01,3.87
"7487",49413,0.7,"Very Good","I","VVS2",58.6,60,2106,5.79,5.91,3.43
"7488",33941,0.27,"Ideal","H","VS1",62.3,56,464,4.15,4.17,2.59
"7489",40150,0.35,"Ideal","E","VVS1",62,56,1116,4.58,4.51,2.82
"7490",28211,0.4,"Ideal","E","SI2",61.2,55,666,4.74,4.77,2.91
"7491",13935,1.06,"Ideal","H","VS2",60.5,57,5669,6.63,6.6,4
"7492",28008,0.3,"Ideal","E","VS2",62.6,56,658,4.29,4.34,2.7
"7493",18582,1.44,"Premium","I","SI1",62.9,59,7580,7.2,7.15,4.51
"7494",42446,0.57,"Very Good","E","SI2",61.2,57,1315,5.31,5.35,3.26
"7495",5950,0.76,"Ideal","H","VS2",62,56,3948,5.86,5.88,3.64
"7496",17649,1.52,"Very Good","J","VS2",63.1,61,7109,7.23,7.19,4.55
"7497",33531,0.35,"Ideal","D","VS2",60.6,56,829,4.54,4.57,2.76
"7498",36246,0.41,"Ideal","E","VS2",61.8,57,935,4.76,4.78,2.95
"7499",31704,0.36,"Premium","F","SI1",61.9,59,770,4.54,4.51,2.8
"7500",53339,1.2,"Fair","G","I1",64.4,55,2655,6.77,6.61,4.31
"7501",3479,1.05,"Very Good","J","SI2",60.9,60,3395,6.51,6.59,3.99
"7502",41876,0.38,"Ideal","D","VVS2",61.3,56,1257,4.73,4.63,2.87
"7503",15476,1.19,"Premium","H","VS2",62.6,56,6198,6.81,6.76,4.25
"7504",37940,0.3,"Ideal","I","VS1",62.2,53.9,486,4.29,4.33,2.68
"7505",41840,0.59,"Very Good","H","SI2",61.2,60,1254,5.38,5.43,3.31
"7506",38316,0.41,"Very Good","E","VVS2",63.8,58,1019,4.67,4.7,2.99
"7507",39504,0.54,"Very Good","J","SI1",61.3,55,1080,5.23,5.28,3.22
"7508",40630,0.41,"Ideal","E","VS1",61.7,55,1153,4.78,4.75,2.94
"7509",44557,0.52,"Good","F","VS2",63.6,56,1605,5.12,5.07,3.24
"7510",40272,0.23,"Ideal","F","VS2",61.8,55,493,3.93,3.96,2.43
"7511",33669,0.34,"Ideal","E","VVS2",62.3,57,835,4.44,4.48,2.78
"7512",30108,0.32,"Premium","G","VS2",59.8,59,720,4.52,4.48,2.69
"7513",34042,0.3,"Ideal","G","IF",61.7,53,850,4.33,4.36,2.68
"7514",51832,0.72,"Good","F","SI1",63.6,55,2421,5.71,5.64,3.61
"7515",28655,0.32,"Very Good","G","VVS1",60.9,57,676,4.41,4.44,2.69
"7516",20382,0.31,"Ideal","F","VS2",62,56,625,4.35,4.39,2.71
"7517",37098,0.41,"Premium","E","SI1",62.8,59,969,4.75,4.74,2.98
"7518",748,0.33,"Ideal","I","SI1",63,57,557,4.39,4.37,2.76
"7519",2476,0.76,"Premium","E","VS2",60.1,59,3192,6.01,5.97,3.6
"7520",17592,1.59,"Fair","I","SI2",65.2,58,7080,7.28,7.24,4.73
"7521",49647,0.3,"Premium","H","SI1",59.5,62,540,4.35,4.32,2.58
"7522",38882,0.4,"Ideal","D","VS2",61.3,56,1050,4.79,4.74,2.92
"7523",43072,0.62,"Premium","I","VS2",61.9,59,1378,5.46,5.5,3.39
"7524",26544,1.75,"Premium","G","VS2",62.8,59,16220,7.62,7.53,4.76
"7525",41186,0.42,"Ideal","H","IF",62.4,57,1201,4.79,4.82,2.99
"7526",28679,0.24,"Ideal","E","VVS1",60.2,57,678,4.02,4.07,2.44
"7527",52966,0.24,"Ideal","F","VVS2",60.7,56,552,3.98,4.03,2.43
"7528",44500,0.51,"Ideal","G","VS1",61.6,54,1599,5.16,5.19,3.19
"7529",3080,0.9,"Premium","D","SI2",61,61,3312,6.17,6.15,3.76
"7530",19002,1,"Premium","G","IF",61.4,59,7822,6.47,6.39,3.95
"7531",53366,0.7,"Very Good","G","VS2",63.1,55,2657,5.64,5.61,3.55
"7532",17577,1.02,"Ideal","F","VS2",62,55,7078,6.47,6.5,4.02
"7533",37901,0.41,"Ideal","D","VS2",61.7,56,1007,4.78,4.81,2.96
"7534",48872,0.51,"Premium","G","VVS2",60.9,61,2035,5.17,5.11,3.13
"7535",11687,1.37,"Very Good","J","SI2",60.7,60,5063,7.07,7.19,4.33
"7536",26099,1.52,"Ideal","E","VS2",62.4,55,15348,7.32,7.42,4.6
"7537",7375,1.16,"Fair","H","SI2",66.3,57,4222,6.56,6.5,4.33
"7538",32419,0.41,"Very Good","D","SI1",62.9,58,791,4.7,4.75,2.97
"7539",39232,0.38,"Ideal","G","VVS1",61.6,57,1067,4.65,4.73,2.89
"7540",33342,0.41,"Very Good","G","VS2",59.9,59,827,4.82,4.86,2.9
"7541",1644,0.7,"Good","F","VVS1",63.2,58,3018,5.58,5.62,3.54
"7542",757,0.9,"Premium","I","VS2",61.9,59,2857,6.2,6.14,3.82
"7543",10531,1.01,"Premium","G","SI1",62.1,56,4805,6.42,6.36,3.97
"7544",2975,0.91,"Ideal","J","VS2",61.9,58,3299,6.18,6.22,3.84
"7545",15710,0.24,"Very Good","F","VVS1",62.3,56,608,3.97,4.01,2.49
"7546",43946,0.32,"Ideal","E","SI1",61.6,54,516,4.42,4.45,2.73
"7547",36155,0.33,"Premium","E","VS2",61.7,60,928,4.45,4.4,2.73
"7548",48248,0.73,"Very Good","J","VS2",60.6,61,1952,5.77,5.81,3.51
"7549",38780,0.31,"Premium","E","VVS2",61.3,60,1046,4.35,4.33,2.66
"7550",32475,0.33,"Very Good","G","VVS1",61.8,55,795,4.44,4.48,2.76
"7551",52566,0.9,"Fair","F","SI2",69,59,2536,5.89,5.82,4.04
"7552",5715,0.25,"Very Good","E","VVS2",60.2,59,575,4.07,4.14,2.47
"7553",32849,0.4,"Very Good","H","VS1",62.7,56,807,4.71,4.73,2.96
"7554",6001,1.01,"Premium","H","SI2",60.6,61,3959,6.45,6.38,3.89
"7555",26826,2.04,"Ideal","I","SI1",61,57,16718,8.18,8.21,5
"7556",44021,0.51,"Ideal","E","SI1",61.5,55,1546,5.18,5.16,3.18
"7557",28153,0.3,"Ideal","H","VVS1",61.1,58,665,4.33,4.35,2.65
"7558",11256,1.01,"Premium","F","SI1",62.3,59,4969,6.38,6.4,3.98
"7559",970,0.82,"Very Good","G","SI2",62.5,56,2893,5.99,6.04,3.76
"7560",33670,0.38,"Ideal","I","VVS2",62,55,836,4.65,4.67,2.89
"7561",22845,1.57,"Premium","H","VS1",61.7,58,10880,7.47,7.56,4.64
"7562",45206,0.51,"Ideal","E","VS2",61.5,57,1656,5.09,5.12,3.14
"7563",31842,0.41,"Ideal","J","VVS1",61.2,57,775,4.79,4.82,2.94
"7564",4661,1.13,"Ideal","H","I1",61.1,56,3669,6.77,6.71,4.12
"7565",46653,0.51,"Ideal","D","VS2",61.9,57,1787,5.09,5.15,3.17
"7566",40679,0.4,"Premium","G","VVS1",60.3,58,1155,4.83,4.79,2.9
"7567",24941,2.03,"Ideal","I","SI2",60.8,59,13398,8.12,8.2,4.96
"7568",41317,0.5,"Very Good","F","SI1",61.6,60,1214,5.07,5.1,3.13
"7569",8952,1.19,"Premium","J","SI1",63,54,4498,6.82,6.74,4.27
"7570",38181,0.41,"Ideal","D","SI1",60.8,57,1015,4.84,4.8,2.93
"7571",9415,1.01,"Good","G","SI1",63.6,57,4588,6.33,6.37,4.04
"7572",29021,0.31,"Ideal","G","VVS2",62.2,54,687,4.35,4.39,2.72
"7573",8885,1.04,"Ideal","F","SI2",62.4,56,4486,6.4,6.48,4.02
"7574",30696,0.4,"Ideal","E","SI1",62.7,57,737,4.69,4.72,2.95
"7575",28081,0.4,"Ideal","J","VVS2",61.8,55,662,4.76,4.79,2.95
"7576",43510,0.52,"Very Good","G","VS2",59.2,57,1423,5.28,5.37,3.15
"7577",24087,2.01,"Very Good","H","SI2",63.2,59,12229,8.04,8,5.07
"7578",29715,0.31,"Very Good","H","VVS1",61.9,58,707,4.32,4.34,2.68
"7579",53513,0.71,"Ideal","F","VS2",62.8,56,2686,5.66,5.61,3.54
"7580",29726,0.31,"Premium","H","VVS1",60.5,58,707,4.4,4.43,2.67
"7581",17927,1.01,"Ideal","E","VS2",59.3,57,7240,6.57,6.51,3.88
"7582",31652,0.35,"Premium","F","VS1",60.7,58,767,4.54,4.58,2.77
"7583",35323,0.31,"Ideal","F","VVS1",61.8,56,897,4.34,4.36,2.69
"7584",4519,1,"Fair","G","SI1",43,59,3634,6.32,6.27,3.97
"7585",40236,0.44,"Ideal","H","VVS1",61.1,57,1124,4.87,4.92,2.99
"7586",52196,0.7,"Premium","G","VS2",62.5,55,2479,5.69,5.64,3.54
"7587",45070,0.71,"Very Good","J","SI1",60.7,58,1643,5.78,5.81,3.52
"7588",46595,0.54,"Ideal","F","VS2",60.1,56,1786,5.31,5.28,3.18
"7589",15709,0.24,"Very Good","F","VVS1",62.2,57,608,3.97,4,2.48
"7590",53144,0.8,"Ideal","F","SI2",62.7,55,2622,5.94,5.9,3.71
"7591",22258,1.86,"Ideal","J","VS2",62.6,56,10312,7.95,7.87,4.95
"7592",36988,0.51,"Premium","H","SI2",60,62,964,5.18,5.15,3.1
"7593",2847,0.73,"Ideal","E","VS2",62.2,56,3270,5.78,5.76,3.59
"7594",49067,0.7,"Ideal","E","SI1",61.8,57,2058,5.71,5.68,3.52
"7595",36152,0.33,"Ideal","E","VS2",62.1,57,928,4.44,4.41,2.75
"7596",21313,1.51,"Very Good","I","VS1",61.8,63,9467,7.28,7.34,4.52
"7597",3445,0.9,"Very Good","H","SI1",63.4,58,3387,6.16,6.11,3.89
"7598",13154,1.27,"Ideal","J","VS2",61.5,57,5442,6.93,6.98,4.28
"7599",33737,0.33,"Ideal","D","VS1",61,56,839,4.45,4.47,2.72
"7600",41710,0.51,"Very Good","F","SI2",62.3,55,1243,5.13,5.15,3.2
"7601",27145,1.7,"Ideal","F","VS2",62.4,57,17360,7.65,7.57,4.75
"7602",19208,1.59,"Premium","J","VS2",62.6,59,7953,7.45,7.43,4.66
"7603",35707,0.3,"Ideal","D","VS2",61,55,911,4.36,4.33,2.65
"7604",42345,0.5,"Good","E","VS2",64.1,58,1299,5.01,5.03,3.22
"7605",13930,2,"Fair","I","I1",66,60,5667,7.78,7.74,5.1
"7606",29487,0.4,"Very Good","G","SI1",59.2,61,702,4.78,4.81,2.84
"7607",27723,2.01,"Ideal","G","SI1",62.1,57,18736,8.07,8.09,5.02
"7608",4803,1.31,"Premium","J","SI2",59.7,59,3697,7.06,7.01,4.2
"7609",50199,0.71,"Very Good","I","VS1",62.9,59,2226,5.68,5.71,3.58
"7610",11310,1.13,"Ideal","F","SI2",61.8,56,4984,6.69,6.73,4.15
"7611",46804,0.7,"Fair","D","SI2",65.5,57,1806,5.56,5.43,3.6
"7612",49954,0.3,"Ideal","H","SI1",62.9,57,540,4.29,4.26,2.69
"7613",27648,2.11,"Premium","D","SI2",60.9,60,18575,8.28,8.21,5.02
"7614",29322,0.31,"Ideal","H","VS1",62.2,57,698,4.37,4.34,2.71
"7615",1809,1.01,"Premium","H","SI2",61.1,60,3054,6.46,6.41,3.93
"7616",47112,0.7,"Premium","J","SI1",61.3,59,1827,5.75,5.73,3.52
"7617",2750,0.76,"Ideal","H","VVS2",61,56,3249,5.85,5.91,3.59
"7618",37894,0.41,"Very Good","G","VVS2",62.9,56,1007,4.7,4.74,2.97
"7619",47128,0.52,"Very Good","D","VS1",62.5,57,1829,5.11,5.16,3.21
"7620",51651,0.35,"Very Good","H","VS2",59.8,62,545,4.57,4.63,2.75
"7621",41000,0.49,"Good","F","VS1",59.5,62,1182,5.09,5.22,3.06
"7622",26892,2.04,"Premium","D","SI2",61.8,60,16872,8.09,8.13,5.01
"7623",19225,1.01,"Premium","E","VS1",60.8,59,7964,6.46,6.42,3.92
"7624",6609,0.9,"Very Good","H","VS2",63.3,59,4082,6.05,6.01,3.82
"7625",6439,0.91,"Premium","G","SI1",61.8,60,4045,6.18,6.21,3.83
"7626",2390,0.32,"Ideal","G","VS2",61.4,57,561,4.39,4.4,2.7
"7627",27658,2.42,"Premium","J","VS2",61.3,59,18615,8.61,8.58,5.27
"7628",42648,0.4,"Very Good","E","VVS1",61.2,61,1333,4.7,4.74,2.89
"7629",52318,0.33,"Very Good","F","SI1",59.9,61,550,4.44,4.47,2.67
"7630",27017,2.71,"Premium","E","SI2",60.4,59,17146,9.13,9.03,5.48
"7631",16518,1,"Premium","E","VS2",61.5,58,6600,6.39,6.42,3.94
"7632",46142,0.57,"Premium","F","SI2",60.7,59,1746,5.38,5.33,3.25
"7633",14555,1.2,"Very Good","F","SI2",62.8,57,5880,6.73,6.78,4.24
"7634",14680,1.09,"Ideal","F","SI1",62,56,5922,6.61,6.56,4.08
"7635",16955,1.01,"Very Good","F","VS2",61.6,57,6773,6.39,6.46,3.96
"7636",51991,0.56,"Ideal","G","IF",61.8,56,2442,5.28,5.34,3.28
"7637",3767,0.9,"Premium","F","SI2",61.6,58,3457,6.23,6.15,3.81
"7638",50705,0.71,"Ideal","F","SI2",60.7,57,2291,5.78,5.81,3.52
"7639",715,1,"Fair","G","SI2",67.8,61,2856,5.96,5.9,4.02
"7640",16540,1,"Ideal","H","VVS2",62.9,55,6607,6.34,6.39,4
"7641",20070,0.31,"Ideal","G","VS1",62.1,55,625,4.33,4.36,2.7
"7642",4205,1.04,"Premium","G","SI2",62.8,59,3564,6.47,6.42,4.05
"7643",48218,0.56,"Ideal","H","VS1",61.6,56,1949,5.31,5.34,3.28
"7644",15370,0.3,"Premium","F","VS2",62.5,58,605,4.26,4.28,2.67
"7645",40975,0.5,"Ideal","G","SI2",60.7,56,1180,5.13,5.18,3.13
"7646",42620,0.32,"Ideal","H","VS2",62.5,55,505,4.38,4.42,2.75
"7647",3101,0.71,"Ideal","D","VS2",62.1,56,3321,5.71,5.75,3.56
"7648",35682,0.32,"Ideal","D","VVS1",61.8,56,910,4.37,4.4,2.71
"7649",50451,0.7,"Very Good","F","SI1",61.1,59,2264,5.68,5.78,3.5
"7650",10205,1.04,"Ideal","F","SI2",61.2,57,4740,6.54,6.6,4.02
"7651",49342,0.71,"Good","H","SI1",63.5,57,2096,5.63,5.67,3.59
"7652",11365,1.1,"Very Good","G","SI1",59.4,58,4997,6.72,6.79,4.01
"7653",35399,0.4,"Very Good","H","VVS1",60.5,59,900,4.73,4.76,2.87
"7654",50681,0.73,"Very Good","I","VS1",62.4,56,2288,5.72,5.76,3.58
"7655",33295,0.31,"Very Good","G","SI1",63,58,462,4.3,4.34,2.72
"7656",23203,1.54,"Premium","G","SI1",61.8,59,11209,7.37,7.32,4.54
"7657",14332,1.16,"Ideal","D","SI1",62,56,5805,6.73,6.76,4.18
"7658",12699,0.3,"Fair","F","SI1",64.6,56,599,4.27,4.25,2.75
"7659",53030,0.72,"Ideal","I","VVS2",61,57,2602,5.81,5.84,3.55
"7660",15494,1,"Very Good","G","VS2",62.7,59,6208,6.32,6.38,3.98
"7661",45792,0.55,"Ideal","F","VS2",60.9,56,1709,5.3,5.34,3.24
"7662",25965,2.53,"Premium","H","SI2",61.1,57,15148,8.82,8.76,5.37
"7663",32666,0.31,"Ideal","G","VS1",61.5,56,802,4.43,4.39,2.71
"7664",19449,1.51,"Good","I","SI1",63.7,61,8097,7.11,7.15,4.54
"7665",20110,1.5,"Ideal","G","SI2",62,57,8580,7.26,7.31,4.52
"7666",51132,0.72,"Ideal","F","SI2",61.7,55,2340,5.77,5.81,3.57
"7667",32782,0.37,"Premium","D","VS1",60.2,60,803,4.63,4.68,2.8
"7668",324,1.04,"Premium","G","I1",62.2,58,2801,6.46,6.41,4
"7669",40937,0.32,"Ideal","J","SI1",62.3,57,499,4.44,4.33,2.73
"7670",46091,0.52,"Premium","E","VS1",59.2,59,1739,5.29,5.25,3.12
"7671",13936,1.25,"Ideal","H","SI2",62.7,56,5670,6.92,6.87,4.32
"7672",14973,1.21,"Premium","D","SI2",60.9,58,6031,6.89,6.83,4.18
"7673",46416,0.52,"Ideal","E","VS2",61.5,56,1767,5.17,5.14,3.17
"7674",46049,0.5,"Ideal","F","VS1",61,56,1731,5.14,5.15,3.14
"7675",41620,0.29,"Very Good","E","VS1",58.9,56,504,4.35,4.37,2.57
"7676",45098,0.53,"Very Good","G","VS1",62.3,55,1648,5.15,5.18,3.22
"7677",26986,2.01,"Premium","H","VS2",60.1,61,17068,8.14,8.06,4.87
"7678",20585,1.5,"Very Good","I","VS2",62.5,59,8893,7.26,7.3,4.55
"7679",45650,0.29,"Ideal","G","VS2",60.7,55,525,4.31,4.35,2.63
"7680",43692,0.5,"Good","F","VS2",63.2,58,1436,5,5.03,3.17
"7681",43193,0.58,"Very Good","G","SI1",63.5,56,1393,5.34,5.28,3.37
"7682",9063,1.2,"Ideal","J","SI2",62.5,57,4516,6.8,6.74,4.23
"7683",32808,0.34,"Ideal","E","VS1",62.1,56,805,4.48,4.5,2.79
"7684",34350,0.33,"Ideal","I","IF",61.2,56,862,4.46,4.49,2.74
"7685",1392,0.24,"Ideal","G","VVS1",62,56,559,3.97,4.01,2.47
"7686",44409,0.51,"Ideal","E","SI1",60.9,56,1585,5.16,5.19,3.15
"7687",37191,0.34,"Ideal","E","VVS1",61.4,56,973,4.51,4.54,2.78
"7688",40904,0.47,"Ideal","I","IF",62.2,55,1178,4.99,5.01,3.11
"7689",28483,0.32,"Very Good","E","SI1",63.3,55,672,4.36,4.33,2.75
"7690",5332,0.84,"Very Good","D","SI1",59.2,59,3809,6.18,6.21,3.67
"7691",7261,1.05,"Premium","G","SI2",61.8,60,4198,6.49,6.46,4
"7692",29355,0.31,"Ideal","G","VS2",61.4,57,698,4.37,4.33,2.67
"7693",2399,0.26,"Very Good","F","VVS1",61.3,58,562,4.13,4.16,2.54
"7694",4494,1,"Ideal","I","SI2",58.8,55,3629,6.53,6.46,3.82
"7695",46392,0.37,"Ideal","D","VVS1",61.3,56,1764,4.6,4.63,2.83
"7696",34520,0.33,"Premium","E","VVS2",60.3,58,868,4.47,4.49,2.7
"7697",35011,0.4,"Ideal","F","SI1",62.1,57,882,4.69,4.65,2.9
"7698",48408,0.61,"Very Good","H","VVS2",61.4,57,1970,5.46,5.5,3.36
"7699",39443,0.52,"Premium","G","SI2",58.4,62,1076,5.33,5.28,3.1
"7700",5912,0.91,"Very Good","E","SI2",62.4,58,3936,6.11,6.14,3.82
"7701",1030,0.62,"Ideal","E","VVS2",62,56,2904,5.48,5.52,3.41
"7702",24085,1.7,"Very Good","H","VS2",63.3,57,12228,7.59,7.54,4.79
"7703",37722,0.34,"Ideal","G","VVS2",61.9,57,995,4.48,4.44,2.76
"7704",37212,0.34,"Ideal","G","IF",61.9,55,974,4.51,4.54,2.8
"7705",723,0.36,"Ideal","H","SI1",61.9,55,556,4.57,4.59,2.83
"7706",52852,0.67,"Ideal","G","VVS1",62.4,55,2577,5.6,5.62,3.5
"7707",46354,0.61,"Good","D","SI1",59,57,1759,5.54,5.57,3.28
"7708",19984,1.11,"Very Good","F","VS1",60.7,55,8528,6.69,6.71,4.07
"7709",34369,0.41,"Ideal","F","VS2",62.7,57,863,4.73,4.78,2.98
"7710",15493,1,"Very Good","E","SI1",61.4,60,6207,6.4,6.44,3.94
"7711",34314,0.43,"Very Good","D","SI2",63.4,57,858,4.81,4.78,3.04
"7712",8025,1.04,"Very Good","H","SI2",60.2,60,4332,6.52,6.57,3.94
"7713",31351,0.34,"Ideal","F","VS1",61.9,55,760,4.49,4.52,2.79
"7714",49840,0.71,"Ideal","F","SI2",61.6,56,2168,5.73,5.67,3.51
"7715",44112,0.57,"Ideal","H","VS2",61.6,55,1558,5.34,5.36,3.29
"7716",44158,0.7,"Fair","F","SI2",66.4,56,1564,5.51,5.42,3.63
"7717",23982,1.75,"Ideal","I","VS2",61,56,12127,7.75,7.82,4.75
"7718",32402,0.37,"Premium","F","SI1",60.3,58,791,4.66,4.62,2.8
"7719",6514,0.9,"Ideal","H","VS1",61.2,57,4064,6.28,6.24,3.83
"7720",51498,0.7,"Fair","F","VS1",65.8,59,2381,5.58,5.48,3.64
"7721",4704,1.1,"Very Good","F","I1",59.8,61,3678,6.65,6.7,3.99
"7722",50511,0.7,"Good","I","VS1",64.3,58,2271,5.56,5.61,3.59
"7723",16274,1.29,"Ideal","I","VS2",62.7,57,6509,6.97,6.91,4.35
"7724",19577,1.53,"Premium","J","VS1",62.8,59,8205,7.34,7.31,4.6
"7725",20972,1.53,"Very Good","I","SI1",63,58,9183,7.24,7.32,4.59
"7726",31873,0.3,"Ideal","H","VVS2",62.1,56,776,4.32,4.28,2.67
"7727",36678,0.37,"Ideal","E","VS1",60.9,56,950,4.65,4.68,2.84
"7728",28042,0.38,"Good","I","SI1",63.7,57,659,4.63,4.57,2.93
"7729",37867,0.46,"Fair","F","SI1",64.9,58,1003,4.81,4.77,3.11
"7730",53198,0.7,"Ideal","E","VS2",62.1,57,2633,5.68,5.73,3.54
"7731",47060,0.59,"Ideal","D","SI1",61.2,56,1821,5.43,5.38,3.31
"7732",53927,0.71,"Ideal","E","SI1",61.9,56,2756,5.71,5.73,3.54
"7733",39891,0.42,"Ideal","F","VS1",61.3,57,1103,4.85,4.8,2.96
"7734",49077,0.54,"Ideal","G","VVS2",61.5,57,2060,5.21,5.26,3.22
"7735",37267,0.34,"Ideal","D","SI2",61.4,56,481,4.5,4.55,2.78
"7736",10262,1.01,"Good","E","SI2",63.7,58,4751,6.36,6.32,4.04
"7737",954,0.77,"Premium","F","VS2",61.8,56,2889,5.94,5.9,3.66
"7738",3253,0.8,"Ideal","I","IF",62.4,58,3357,5.9,5.96,3.7
"7739",11309,1.06,"Premium","H","SI1",61,58,4984,6.57,6.61,4.02
"7740",6880,0.82,"Ideal","G","VVS2",62.1,56,4130,5.97,6.01,3.72
"7741",27105,2.12,"Premium","I","VS2",61.5,58,17254,8.3,8.26,5.09
"7742",21080,1.35,"Premium","G","VS2",62.7,56,9253,7.08,7.05,4.43
"7743",16428,1.07,"Ideal","E","SI1",61.4,55,6561,6.57,6.62,4.05
"7744",6647,0.79,"Ideal","I","VVS2",61.7,56,4092,5.94,5.95,3.67
"7745",49956,0.3,"Ideal","H","SI1",63,54,540,4.3,4.27,2.7
"7746",33446,0.32,"Premium","G","VS1",61.7,58,828,4.41,4.38,2.71
"7747",4783,1.21,"Premium","J","VS2",59,60,3694,6.93,6.88,4.07
"7748",22485,1.51,"Good","F","SI1",64.2,57,10514,7.09,7.2,4.59
"7749",41275,0.28,"Ideal","I","VS1",62,56,503,4.2,4.24,2.62
"7750",16572,1.01,"Premium","G","VS1",62.7,58,6618,6.41,6.38,4.01
"7751",1015,0.81,"Premium","E","SI2",62.5,59,2901,5.97,5.9,3.71
"7752",1150,0.75,"Very Good","E","SI1",62.3,58,2923,5.78,5.81,3.61
"7753",18122,1.23,"Ideal","E","SI2",62.1,55,7336,6.91,6.84,4.27
"7754",7444,0.9,"Good","F","SI1",64.2,56,4232,6.02,6.1,3.89
"7755",5697,0.91,"Premium","D","SI2",61.2,58,3889,6.25,6.21,3.81
"7756",8011,1.15,"Premium","E","SI2",62.5,58,4328,6.72,6.65,4.18
"7757",42625,0.32,"Very Good","H","VS2",60.7,61,505,4.39,4.41,2.67
"7758",41765,0.44,"Ideal","I","VS1",61.4,55,1245,4.89,4.92,3.01
"7759",23185,1.61,"Ideal","G","SI1",61.2,55,11192,7.57,7.62,4.65
"7760",5856,0.7,"Very Good","D","VVS1",61.5,63,3920,5.78,5.64,3.51
"7761",42041,0.53,"Ideal","H","SI1",60.8,56,1268,5.27,5.29,3.21
"7762",47562,0.51,"Ideal","G","VVS2",61.3,57,1875,5.12,5.15,3.15
"7763",18985,1.09,"Premium","E","VS2",61.6,59,7813,6.62,6.54,4.05
"7764",50009,0.57,"Ideal","H","IF",62.2,56,2195,5.3,5.33,3.3
"7765",919,1.02,"Ideal","J","SI2",60.3,54,2879,6.53,6.5,3.93
"7766",42726,0.43,"Ideal","G","IF",61.6,57,1341,4.84,4.81,2.97
"7767",50123,0.57,"Ideal","H","IF",61,57,2210,5.35,5.38,3.27
"7768",17695,1.21,"Ideal","I","VVS2",62.2,55,7134,6.79,6.83,4.23
"7769",15680,1.01,"Good","F","VS2",61.7,58,6288,6.3,6.34,3.9
"7770",40921,0.29,"Very Good","E","VS1",60.4,58,499,4.28,4.33,2.6
"7771",38508,0.5,"Fair","F","SI2",65.5,54,1031,5.06,4.92,3.25
"7772",53522,0.82,"Premium","F","SI2",59.5,62,2688,6.13,6.08,3.63
"7773",28515,0.32,"Premium","I","IF",60.3,58,673,4.41,4.45,2.67
"7774",25769,2.43,"Premium","I","SI2",62.2,60,14727,8.59,8.53,5.33
"7775",26612,1.62,"Ideal","E","VS2",61.4,57,16358,7.54,7.58,4.64
"7776",37798,0.41,"Ideal","G","VVS1",61.8,55,1000,4.76,4.79,2.95
"7777",26578,2.01,"Ideal","I","SI1",64.8,62,16287,7.92,7.82,5.1
"7778",17988,1.14,"Premium","F","VS2",62,59,7275,6.71,6.64,4.14
"7779",14914,2.03,"Fair","H","I1",66.6,57,6002,7.81,7.75,5.19
"7780",23092,2.25,"Premium","I","SI2",61.9,59,11114,8.42,8.35,5.19
"7781",15611,1.21,"Ideal","F","VS2",62.6,55,6261,6.81,6.74,4.24
"7782",3805,0.9,"Very Good","F","SI2",63.4,60,3465,6.06,6.09,3.85
"7783",8965,1.03,"Premium","F","SI2",60.7,60,4503,6.47,6.52,3.94
"7784",15857,1.37,"Ideal","I","VS2",61.5,56,6343,7.14,7.11,4.38
"7785",46186,0.59,"Very Good","E","SI1",61.3,58,1748,5.41,5.45,3.33
"7786",3987,1.02,"Premium","J","VS2",61.6,58,3513,6.4,6.35,3.93
"7787",27389,0.41,"Premium","J","VS1",62.1,58,647,4.75,4.79,2.96
"7788",41150,0.52,"Ideal","G","SI1",61.1,55,1197,5.22,5.26,3.2
"7789",30104,0.32,"Premium","H","VS1",62.4,58,720,4.4,4.35,2.73
"7790",20064,0.31,"Ideal","F","VS2",62.1,53,625,4.34,4.39,2.71
"7791",33709,0.3,"Ideal","E","VVS1",61.6,56,838,4.31,4.32,2.66
"7792",41443,0.4,"Very Good","G","IF",61.4,54,1229,4.76,4.79,2.93
"7793",10657,1,"Fair","G","VS2",66.1,61,4838,6.08,5.99,3.99
"7794",40909,0.56,"Very Good","H","SI1",61.2,57,1179,5.28,5.31,3.24
"7795",4936,0.9,"Premium","I","VVS2",60.9,59,3730,6.25,6.22,3.8
"7796",14465,1.12,"Ideal","H","SI1",61.8,56,5838,6.67,6.69,4.13
"7797",27924,0.4,"Ideal","J","VS1",62.2,54.3,658,4.73,4.75,2.95
"7798",50648,0.31,"Good","E","SI1",63.6,57,544,4.28,4.3,2.73
"7799",21272,1.2,"Ideal","D","VS2",61.4,55,9424,6.78,6.87,4.19
"7800",44096,0.5,"Ideal","E","SI1",61.2,56,1555,5.12,5.15,3.14
"7801",9864,1.03,"Very Good","D","SI2",61.3,61,4679,6.46,6.49,3.97
"7802",24933,2.01,"Fair","F","SI1",58.6,95,13387,8.32,8.31,4.87
"7803",35880,0.32,"Ideal","G","IF",61,56,918,4.41,4.44,2.7
"7804",52220,0.5,"Ideal","D","VVS2",61.4,55,2482,5.13,5.16,3.16
"7805",49856,0.67,"Premium","H","VVS2",60.6,61,2171,5.65,5.61,3.41
"7806",30877,0.33,"Premium","E","SI1",60.7,57,743,4.47,4.43,2.7
"7807",14275,1.29,"Ideal","J","VS1",62,57,5779,6.98,6.92,4.31
"7808",44097,0.52,"Ideal","E","SI1",61.6,55,1555,5.16,5.19,3.19
"7809",31374,0.3,"Premium","H","VVS1",61.3,58,761,4.32,4.3,2.64
"7810",7159,1.01,"Fair","E","SI1",64.7,59,4181,6.23,6.11,3.99
"7811",4360,0.71,"Premium","F","VVS1",60.9,58,3604,5.76,5.8,3.52
"7812",8708,0.28,"Ideal","G","VVS2",61.5,56,586,4.22,4.24,2.6
"7813",12328,1.2,"Very Good","J","VS1",62.9,60,5226,6.64,6.69,4.19
"7814",22993,1.7,"Premium","G","SI2",62,57,11043,7.72,7.63,4.76
"7815",19277,1.52,"Fair","H","SI1",65.3,58,8001,7.14,7.1,4.65
"7816",22765,1.2,"Ideal","G","VVS1",63.1,56,10786,6.74,6.7,4.24
"7817",27528,2.13,"Ideal","H","SI1",62.2,55,18275,8.2,8.27,5.12
"7818",13604,1.02,"Very Good","E","VS2",62.8,59,5565,6.39,6.44,4.03
"7819",5506,0.83,"Ideal","H","VVS1",63.4,56,3846,5.96,5.99,3.79
"7820",18064,1.01,"Good","E","VVS2",64.2,57,7293,6.3,6.34,4.06
"7821",32235,0.31,"Ideal","G","VVS1",61.7,54,789,4.36,4.39,2.7
"7822",44341,0.72,"Premium","J","SI1",60.4,61,1579,5.87,5.82,3.53
"7823",32138,0.31,"Ideal","G","IF",62.8,56,786,4.34,4.39,2.74
"7824",53757,0.84,"Fair","G","VS1",55.6,64,2724,6.42,6.32,3.54
"7825",52018,0.7,"Good","F","SI1",61.1,61,2445,5.68,5.71,3.48
"7826",41248,0.54,"Ideal","H","SI2",61.2,56,1208,5.27,5.24,3.21
"7827",39180,0.35,"Ideal","D","VS2",62.3,55,1063,4.54,4.52,2.82
"7828",39507,0.5,"Ideal","F","SI2",61.7,55,1080,5.13,5.15,3.17
"7829",39103,0.41,"Ideal","I","VVS2",61.6,57,1061,4.78,4.76,2.94
"7830",39036,0.37,"Ideal","G","IF",62.1,55,1056,4.6,4.64,2.87
"7831",32284,0.26,"Very Good","E","VS1",60.7,59,453,4.09,4.12,2.49
"7832",14537,1.1,"Ideal","G","SI1",62.2,56.6,5868,6.56,6.6,4.09
"7833",25307,2.21,"Premium","H","SI1",61.1,58,13983,8.39,8.34,5.11
"7834",40572,0.4,"Ideal","D","VVS2",61.4,56,1152,4.8,4.75,2.93
"7835",26468,3.01,"Ideal","J","SI2",61.7,58,16037,9.25,9.2,5.69
"7836",27067,2.56,"Premium","J","SI1",61.4,58,17186,8.76,8.73,5.37
"7837",34740,0.32,"Ideal","F","VS1",62,54,876,4.44,4.43,2.75
"7838",50932,0.71,"Ideal","I","SI1",62.1,55,2319,5.67,5.73,3.55
"7839",24043,0.43,"Very Good","F","SI2",58.3,62,633,4.91,4.97,2.88
"7840",48156,0.54,"Ideal","D","VS1",62,56,1941,5.21,5.25,3.24
"7841",46708,0.7,"Very Good","F","SI2",63.2,59,1792,5.66,5.61,3.56
"7842",28182,0.37,"Premium","I","VS2",61.6,60,666,4.61,4.58,2.83
"7843",53310,0.3,"Very Good","I","VVS1",62.5,60,552,4.24,4.27,2.66
"7844",46576,1,"Fair","J","I1",65,59,1784,6.27,6.17,4.05
"7845",44342,0.5,"Very Good","D","VS2",63.8,56,1580,5.05,5.08,3.23
"7846",45314,0.3,"Ideal","G","VS1",61.4,55,524,4.32,4.38,2.67
"7847",6696,0.31,"Good","I","SI1",63.3,53,408,4.3,4.32,2.73
"7848",15883,1,"Very Good","F","VS2",62.9,55,6352,6.34,6.38,4
"7849",492,0.7,"Premium","E","VS2",60.2,60,2822,5.73,5.7,3.44
"7850",18246,1.01,"Ideal","F","VS2",60.9,58,7411,6.43,6.47,3.93
"7851",33966,0.34,"Ideal","F","VVS2",62,54.2,846,4.47,4.49,2.78
"7852",7458,0.96,"Good","G","SI1",57.6,59,4234,6.53,6.56,3.77
"7853",45642,0.25,"Ideal","G","VVS2",62,54,525,4.05,4.08,2.52
"7854",25860,2.27,"Premium","I","SI2",62.5,59,14937,8.45,8.39,5.26
"7855",28950,0.32,"Very Good","G","VVS1",60.6,57,685,4.46,4.48,2.71
"7856",6610,1,"Very Good","F","SI2",60.2,59,4082,6.41,6.48,3.88
"7857",32158,0.28,"Ideal","E","VVS1",60.6,55,787,4.28,4.3,2.6
"7858",52994,1.29,"Fair","H","I1",67.7,62,2596,6.69,6.59,4.5
"7859",6070,1.13,"Very Good","E","SI2",59.4,62,3967,6.78,6.83,4.04
"7860",34005,0.42,"Ideal","G","VS2",61.8,56,847,4.81,4.84,2.98
"7861",2096,0.9,"Very Good","G","SI2",60.1,60,3114,6.22,6.32,3.77
"7862",32950,0.25,"Ideal","F","VS2",62.2,54,460,4.03,4.07,2.52
"7863",34781,0.41,"Premium","D","SI2",62.4,60,876,4.77,4.71,2.96
"7864",1338,0.73,"Premium","F","VS1",61.9,56,2961,5.81,5.76,3.58
"7865",22697,0.3,"Premium","G","VS2",59.3,59,630,4.42,4.38,2.61
"7866",21189,1.61,"Ideal","H","SI1",62.3,56,9341,7.51,7.47,4.67
"7867",1024,0.72,"Ideal","D","SI1",61.9,55,2903,5.78,5.75,3.57
"7868",52887,0.72,"Premium","H","VS2",60.7,59,2583,5.84,5.8,3.53
"7869",40769,0.5,"Ideal","J","VS2",62,56,1166,5.08,5.12,3.16
"7870",26820,2.48,"Premium","I","SI1",61,60,16715,8.68,8.61,5.27
"7871",41148,0.39,"Ideal","D","VS2",61.4,56,1197,4.71,4.73,2.9
"7872",41390,0.42,"Ideal","F","VVS2",61.7,57,1221,4.81,4.78,2.96
"7873",8437,1.03,"Ideal","G","SI2",62.1,56,4407,6.44,6.48,4.01
"7874",7558,1.15,"Very Good","E","SI2",61.7,60,4250,6.7,6.78,4.16
"7875",30715,0.33,"Ideal","F","VS1",61.6,55,738,4.46,4.47,2.76
"7876",11809,1.01,"Premium","F","SI1",62.9,58,5090,6.43,6.35,4.02
"7877",20647,1.2,"Premium","G","VS1",63,61,8938,6.62,6.59,4.16
"7878",2260,0.9,"Good","D","SI2",63.9,60,3153,6.07,6.11,3.89
"7879",30774,0.37,"Ideal","G","VS1",61.9,54,741,4.62,4.68,2.88
"7880",44709,0.57,"Ideal","E","SI1",62.2,55,1613,5.37,5.31,3.32
"7881",51712,0.7,"Very Good","F","SI1",63.5,56,2401,5.58,5.66,3.57
"7882",37595,0.24,"Very Good","E","VVS2",62.2,60,485,3.97,4.01,2.48
"7883",6317,0.71,"Ideal","E","VVS1",61.9,55,4027,5.73,5.77,3.56
"7884",36730,0.32,"Ideal","E","VVS1",61.7,56,954,4.4,4.42,2.72
"7885",35101,0.3,"Ideal","F","IF",61.4,56,886,4.32,4.34,2.66
"7886",11078,0.9,"Very Good","F","VS2",62.3,58,4924,6.14,6.16,3.83
"7887",2605,0.72,"Ideal","D","VS2",62.7,56,3219,5.71,5.78,3.6
"7888",34079,0.34,"Ideal","H","VVS2",61.4,56,852,4.48,4.51,2.76
"7889",30205,0.34,"Ideal","F","VS1",60.9,57,723,4.53,4.56,2.77
"7890",47558,0.7,"Ideal","J","VS2",62.4,55,1874,5.68,5.7,3.55
"7891",15562,1.01,"Very Good","G","VS1",60.7,63,6239,6.38,6.4,3.88
"7892",51731,0.73,"Fair","G","VS2",60.1,65,2401,5.91,5.81,3.52
"7893",24496,1.73,"Premium","D","SI1",60.6,59,12770,7.76,7.68,4.68
"7894",22322,1.51,"Very Good","D","SI2",63.3,58,10362,7.25,7.28,4.6
"7895",42472,0.54,"Very Good","I","VS2",62.3,56,1317,5.17,5.22,3.24
"7896",32634,0.27,"Ideal","I","VVS2",62.1,55,459,4.17,4.2,2.6
"7897",4307,0.82,"Very Good","D","SI1",61.3,56,3593,6.02,6.06,3.7
"7898",19056,1.01,"Premium","E","VS1",62.9,60,7839,6.36,6.32,3.99
"7899",32710,0.31,"Ideal","F","VS2",61.8,56,802,4.37,4.33,2.69
"7900",42949,0.3,"Very Good","F","SI2",63.3,55,506,4.33,4.29,2.73
"7901",18650,1.12,"Ideal","H","VS1",60.9,57,7616,6.71,6.73,4.09
"7902",23038,0.33,"Premium","D","SI2",59.5,59,631,4.5,4.48,2.67
"7903",35981,0.42,"Premium","G","VS1",60.8,59,921,4.79,4.85,2.93
"7904",17272,1.04,"Very Good","D","VS1",60.8,58,6915,6.5,6.53,3.96
"7905",35875,0.4,"Ideal","D","VS2",62.8,56,918,4.66,4.7,2.94
"7906",31876,0.3,"Ideal","H","VVS2",62.6,55,776,4.28,4.25,2.67
"7907",47499,0.47,"Ideal","H","IF",61.9,56,1865,4.99,5.02,3.1
"7908",32611,0.26,"Ideal","G","VS1",61.4,56,456,4.12,4.16,2.54
"7909",29527,0.38,"Ideal","I","VS1",61.5,53.9,703,4.66,4.7,2.89
"7910",47296,0.3,"Good","F","SI2",63.4,56,394,4.26,4.29,2.71
"7911",19645,1.5,"Good","I","SI1",63.1,54,8258,7.31,7.34,4.62
"7912",14926,1.27,"Very Good","I","VS2",62.6,59,6007,6.86,6.95,4.32
"7913",33200,0.3,"Premium","G","VVS2",62.9,58,819,4.29,4.26,2.69
"7914",14940,0.9,"Ideal","E","VS2",62.3,57,6018,6.16,6.19,3.85
"7915",37969,0.41,"Ideal","G","VVS2",61.3,56,1007,4.76,4.77,2.92
"7916",51098,0.7,"Good","H","SI1",63.7,59,2335,5.59,5.53,3.54
"7917",6918,0.9,"Premium","G","VS2",62.8,58,4137,6.14,6.09,3.84
"7918",28292,0.27,"Ideal","I","VS1",62.1,54,432,4.16,4.18,2.59
"7919",33750,0.31,"Ideal","F","VVS1",62,54,840,4.37,4.41,2.72
"7920",37457,0.35,"Ideal","E","VS2",62,57,984,4.55,4.51,2.81
"7921",18687,1.02,"Premium","D","VS2",62.5,58,7643,6.4,6.37,3.99
"7922",13727,0.27,"Ideal","E","VS2",62.7,55,603,4.18,4.15,2.61
"7923",5257,0.9,"Good","G","VS2",63.9,61,3792,6.01,5.97,3.83
"7924",39734,0.39,"Very Good","D","VVS1",63,60,1092,4.61,4.63,2.91
"7925",12223,1,"Ideal","F","SI1",61.5,57,5197,6.41,6.46,3.96
"7926",31262,0.32,"Very Good","I","VS2",61.1,57,449,4.39,4.42,2.69
"7927",8222,1.06,"Premium","I","SI1",61.9,59,4372,6.5,6.52,4.03
"7928",23107,1.24,"Very Good","F","VVS2",62,55,11130,6.88,6.95,4.29
"7929",9517,1.22,"Ideal","I","SI2",61.8,57,4612,6.9,6.83,4.23
"7930",3874,0.81,"Ideal","F","SI1",62.3,55,3481,5.96,6,3.72
"7931",34126,0.35,"Premium","E","VS2",61.4,58,853,4.55,4.51,2.78
"7932",48819,0.51,"Good","G","VVS1",63.9,57,2027,5.08,5.06,3.24
"7933",23679,1.39,"Ideal","E","VS2",60.8,57,11726,7.24,7.21,4.39
"7934",50220,0.7,"Very Good","F","SI1",61.8,58,2230,5.67,5.72,3.52
"7935",4240,0.93,"Very Good","J","VS2",62.8,56,3576,6.14,6.22,3.88
"7936",36824,0.3,"Very Good","E","IF",61.8,54,957,4.34,4.37,2.69
"7937",41302,0.39,"Ideal","D","VVS2",62.1,56,1212,4.65,4.69,2.9
"7938",43826,0.51,"Premium","E","SI1",58.8,58,1443,5.28,5.23,3.09
"7939",5223,1.01,"Premium","I","SI1",62.8,58,3782,6.4,6.34,4
"7940",11649,1.01,"Good","D","SI1",63.9,62,5055,6.25,6.31,4.01
"7941",38541,0.34,"Ideal","D","VS2",62,55,1033,4.49,4.45,2.77
"7942",42634,0.58,"Premium","H","SI1",59.7,57,1332,5.47,5.41,3.25
"7943",29395,0.31,"Good","E","SI1",63.6,57,698,4.3,4.28,2.73
"7944",21396,1.24,"Premium","F","VS2",62.4,60,9513,6.83,6.8,4.25
"7945",46839,0.51,"Ideal","D","VS1",62.2,55,1810,5.15,5.17,3.21
"7946",17496,1.01,"Premium","D","VS2",60.4,58,7032,6.57,6.47,3.94
"7947",21728,1.59,"Ideal","G","VS2",61.8,56,9794,7.51,7.44,4.62
"7948",31457,0.34,"Good","E","SI1",63.9,56,765,4.48,4.44,2.85
"7949",47479,0.6,"Ideal","G","VS2",60.4,57,1861,5.49,5.51,3.32
"7950",47388,0.54,"Ideal","E","VS2",61.9,55,1847,5.24,5.2,3.23
"7951",496,0.71,"Premium","D","SI1",62.7,60,2822,5.71,5.67,3.57
"7952",28940,0.3,"Premium","H","VVS1",62.7,59,684,4.29,4.32,2.7
"7953",29202,0.33,"Very Good","I","IF",62,58,694,4.44,4.46,2.76
"7954",36379,0.34,"Ideal","F","IF",62.2,55,941,4.47,4.5,2.79
"7955",10663,0.9,"Ideal","H","VVS2",62,57,4838,6.2,6.15,3.83
"7956",31984,0.3,"Ideal","F","VS2",62.7,57,776,4.31,4.27,2.69
"7957",821,0.81,"Ideal","E","SI2",60.3,57,2864,6.07,6.04,3.65
"7958",25370,0.28,"Ideal","F","VVS2",61.1,57,642,4.22,4.26,2.59
"7959",16291,1.01,"Very Good","E","VS2",61.1,62,6517,6.39,6.5,3.94
"7960",15089,1.02,"Ideal","H","VS2",61.8,55,6065,6.48,6.51,4.01
"7961",15516,1.51,"Good","J","SI2",58.1,64,6215,7.57,7.53,4.39
"7962",210,0.74,"Ideal","E","SI1",61.7,56,2779,5.84,5.8,3.59
"7963",42343,0.42,"Ideal","I","VVS2",61.2,57,1299,4.83,4.87,2.97
"7964",27771,0.32,"Ideal","H","VS2",62,55,648,4.4,4.38,2.72
"7965",30962,0.46,"Ideal","J","VS2",61.4,56,746,4.96,5,3.06
"7966",43899,0.27,"Ideal","H","VS2",60.5,57,509,4.19,4.17,2.53
"7967",12693,0.38,"Very Good","G","SI1",57.5,60,599,4.83,4.88,2.79
"7968",28664,0.31,"Ideal","G","VVS2",61.2,54,677,4.38,4.41,2.69
"7969",20195,1.51,"Very Good","I","SI1",62.6,60,8637,7.27,7.34,4.57
"7970",13299,1.03,"Ideal","E","SI2",61.7,55,5491,6.52,6.46,4.01
"7971",47650,0.23,"Ideal","F","VVS2",61,57,530,3.98,4.02,2.44
"7972",47975,0.3,"Ideal","I","VVS1",62.2,54,532,4.29,4.35,2.68
"7973",17784,1,"Very Good","G","VVS2",60.3,62,7163,6.41,6.45,3.88
"7974",24291,1.23,"Ideal","E","VVS2",61.7,57,12539,6.85,6.91,4.25
"7975",36462,0.31,"Premium","D","VS2",61.7,59,942,4.34,4.31,2.67
"7976",17627,1.5,"Very Good","G","SI2",63.2,58,7098,7.25,7.19,4.56
"7977",1407,0.36,"Ideal","F","SI1",61.6,56,560,4.57,4.62,2.83
"7978",18692,0.33,"Ideal","F","VS2",60.9,56,619,4.47,4.49,2.73
"7979",32125,0.4,"Good","F","VS2",62.2,61,784,4.71,4.74,2.94
"7980",48598,0.7,"Fair","G","SI1",61.6,66,1995,5.62,5.57,3.45
"7981",32966,0.32,"Premium","H","SI1",62,58,461,4.38,4.39,2.72
"7982",27504,2.02,"Premium","H","VS2",62.7,53,18207,8.02,7.95,0
"7983",25475,1.5,"Ideal","F","VS2",61.4,55,14242,7.35,7.44,4.54
"7984",10634,1.15,"Premium","H","SI2",62,58,4830,6.7,6.66,4.14
"7985",28062,0.31,"Ideal","E","SI1",61.5,55,660,4.37,4.41,2.7
"7986",46494,0.52,"Ideal","F","VS1",62,57,1778,5.13,5.16,3.19
"7987",13390,0.35,"Ideal","D","SI1",62.1,57,601,4.47,4.49,2.78
"7988",35551,0.35,"Ideal","H","VVS2",62.5,57,906,4.54,4.48,2.82
"7989",44713,0.5,"Ideal","E","VS2",61.4,55,1614,5.13,5.16,3.16
"7990",28880,0.31,"Ideal","D","SI1",61.8,57,684,4.37,4.33,2.69
"7991",8145,1.01,"Premium","H","SI2",61.3,59,4355,6.47,6.41,3.95
"7992",30984,0.37,"Good","G","VS1",63.1,56,746,4.57,4.59,2.89
"7993",19189,1.01,"Ideal","G","VVS2",62.5,56,7941,6.38,6.41,4
"7994",30424,0.32,"Premium","H","VVS1",61.4,58,730,4.38,4.41,2.7
"7995",23287,2.01,"Good","I","SI2",56.9,59,11312,8.41,8.3,4.74
"7996",2807,1.11,"Premium","H","I1",61,59,3263,6.67,6.61,4.05
"7997",11397,0.34,"Very Good","E","SI1",59.6,57,596,4.52,4.61,2.72
"7998",4671,0.76,"Ideal","G","VVS1",62,54.7,3671,5.83,5.87,3.62
"7999",25757,1.51,"Very Good","E","VS2",62.4,59,14709,7.26,7.36,4.56
"8000",16863,1.04,"Good","F","VS2",63.7,58,6727,6.43,6.34,4.07
"8001",49715,0.56,"Ideal","G","VVS2",62.6,53,2148,5.27,5.31,3.31
"8002",31613,0.24,"Very Good","F","SI1",61.6,57,370,4.02,4.05,2.48
"8003",11512,1.01,"Good","G","SI1",63.2,59,5021,6.32,6.36,4.01
"8004",9307,1.01,"Good","H","SI1",62.9,55,4574,6.35,6.41,4.01
"8005",34459,0.34,"Ideal","D","VS1",60.9,56,865,4.51,4.56,2.76
"8006",34549,0.46,"Ideal","E","SI2",61.3,56,870,4.96,5.02,3.06
"8007",33082,0.3,"Premium","E","VS1",61.4,59,814,4.32,4.28,2.64
"8008",39639,0.49,"Premium","G","SI2",59.4,60,1084,5.17,5.14,3.06
"8009",7889,1,"Fair","D","SI2",64.5,54,4312,6.34,6.28,4.07
"8010",31108,0.4,"Premium","G","VS2",60.4,58,753,4.75,4.78,2.88
"8011",18120,1.21,"Premium","E","SI1",62.6,58,7334,6.82,6.79,4.26
"8012",28475,0.32,"Ideal","G","VS2",62,57,672,4.41,4.37,2.72
"8013",31290,0.32,"Ideal","I","SI1",61.9,54,450,4.41,4.45,2.74
"8014",44161,0.6,"Very Good","G","SI1",63.1,57,1565,5.32,5.41,3.39
"8015",24724,2.03,"Very Good","I","SI2",62.8,59,13063,8.04,8.08,5.06
"8016",35792,0.34,"Ideal","G","VVS1",61.8,56,913,4.48,4.51,2.78
"8017",53108,0.8,"Very Good","G","SI2",63,55,2616,5.92,5.95,3.74
"8018",25640,2.04,"Very Good","J","VS1",62.6,58,14527,8.06,8.11,5.06
"8019",47696,0.5,"Ideal","G","VVS1",61.9,58,1883,5.06,5.09,3.14
"8020",24935,2.01,"Premium","E","SI2",62.2,60,13387,8.02,7.96,4.97
"8021",41031,0.41,"Ideal","H","IF",61.8,55,1187,4.76,4.79,2.95
"8022",29892,0.3,"Ideal","D","VS2",61.8,55,710,4.3,4.34,2.67
"8023",48755,0.7,"Good","G","SI1",64,55,2016,5.62,5.59,3.59
"8024",41894,0.5,"Good","E","SI1",61.8,62,1259,5.05,5.08,3.13
"8025",2501,0.71,"Ideal","E","VS1",61.4,59,3198,5.71,5.75,3.52
"8026",11370,1.13,"Good","F","SI2",56.5,62,4998,6.93,6.88,3.9
"8027",22205,1.09,"Ideal","F","VVS2",62.1,56,10246,6.55,6.59,4.08
"8028",44902,0.76,"Premium","G","I1",63,55,1629,5.83,5.74,3.65
"8029",49073,0.48,"Ideal","F","IF",62,54,2059,5,5.05,3.11
"8030",50707,0.74,"Premium","D","SI2",61.8,59,2291,5.85,5.83,3.61
"8031",596,0.82,"Fair","F","SI1",64.9,58,2838,5.83,5.79,3.77
"8032",25232,2.01,"Premium","I","SI2",62.6,56,13833,8.1,8,5.04
"8033",53883,0.71,"Fair","D","VS1",65.4,59,2747,5.62,5.58,3.66
"8034",33646,0.38,"Ideal","G","VS1",60.8,56,833,4.66,4.71,2.85
"8035",45959,0.56,"Ideal","D","SI1",61.4,57,1723,5.31,5.34,3.27
"8036",33364,0.41,"Ideal","G","VS2",62.4,54,827,4.78,4.81,2.99
"8037",11406,1.08,"Ideal","I","VS2",61.6,56,5000,6.63,6.59,4.07
"8038",6408,1.02,"Very Good","H","SI2",61.1,61,4039,6.48,6.51,3.97
"8039",24909,1.06,"Ideal","E","IF",62,57,13344,6.49,6.54,4.04
"8040",34144,0.33,"Very Good","F","VS2",63.2,56,854,4.41,4.39,2.78
"8041",31805,0.43,"Very Good","G","SI1",58.9,60,774,4.94,4.97,2.92
"8042",18405,1.4,"Premium","F","SI2",59.9,60,7479,7.38,7.29,4.39
"8043",5127,0.78,"Ideal","D","VS2",61.9,56,3763,5.88,5.94,3.66
"8044",42266,0.44,"Ideal","G","VVS1",61.6,56,1294,4.9,4.88,3.01
"8045",35486,0.43,"Premium","E","SI2",61,60,903,4.94,4.87,2.99
"8046",22750,1.56,"Premium","G","SI1",58.8,57,10766,7.68,7.62,4.5
"8047",49458,0.51,"Premium","G","VVS1",60.1,56,2111,5.35,5.16,3.16
"8048",48899,0.63,"Ideal","H","VS1",61.2,57,2040,5.5,5.55,3.37
"8049",45983,0.3,"Good","H","VS1",63.2,56,526,4.25,4.29,2.7
"8050",1505,0.75,"Ideal","E","SI1",61.1,57,2993,5.83,5.86,3.57
"8051",30098,0.32,"Ideal","H","VS1",61.9,55,720,4.42,4.4,2.73
"8052",39177,0.35,"Ideal","D","VS2",61.6,56,1063,4.56,4.53,2.8
"8053",2357,1.01,"Fair","G","SI2",68.5,63,3173,6.08,6,4.14
"8054",44194,0.51,"Premium","F","VS2",62.1,58,1569,5.09,5.12,3.17
"8055",21108,1.5,"Good","I","VS1",61.2,62,9278,7.26,7.32,4.46
"8056",48205,0.53,"Ideal","G","VVS2",60.4,56,1948,5.24,5.29,3.18
"8057",17437,1,"Premium","G","VS1",58.6,61,6989,6.57,6.5,3.83
"8058",9698,0.32,"Premium","D","SI1",60.9,60,589,4.39,4.41,2.68
"8059",43156,0.5,"Good","E","VS2",64.9,59,1389,4.89,4.94,3.19
"8060",36028,0.53,"Good","I","SI1",65.5,59,923,5.01,5.06,3.3
"8061",41441,0.61,"Ideal","G","SI2",59.5,57,1228,5.55,5.51,3.29
"8062",52582,0.7,"Very Good","G","VS2",63.3,57,2538,5.62,5.66,3.57
"8063",35545,0.35,"Ideal","F","VS2",62.5,57,906,4.53,4.5,2.82
"8064",37675,0.42,"Ideal","E","SI1",62.3,57,992,4.8,4.76,2.98
"8065",48158,0.72,"Very Good","H","SI2",63.5,58,1942,5.65,5.68,3.6
"8066",17651,1.08,"Ideal","F","VS2",61.9,55,7110,6.58,6.64,4.09
"8067",29472,0.32,"Ideal","E","VS2",62.1,56,702,4.4,4.43,2.74
"8068",53583,0.6,"Ideal","F","VVS2",60.9,57,2698,5.45,5.48,3.33
"8069",24633,1.52,"Very Good","G","VS1",62.1,57,12968,7.27,7.32,4.53
"8070",14350,1.14,"Premium","H","VS1",62,62,5809,6.74,6.65,4.15
"8071",47148,0.51,"Ideal","D","VS2",61,57,1832,5.18,5.15,3.15
"8072",25433,2.02,"Ideal","H","VS2",62.6,57,14182,8.01,7.97,5
"8073",858,1.04,"Premium","I","I1",61.6,61,2870,6.47,6.45,3.98
"8074",35285,0.3,"Premium","J","VS2",61.6,61,473,4.33,4.28,2.65
"8075",33101,0.38,"Premium","D","SI1",59.1,58,815,4.77,4.74,2.81
"8076",18841,1.51,"Very Good","H","SI2",60.8,58,7723,7.4,7.51,4.53
"8077",6692,0.31,"Very Good","I","SI1",60.7,60,408,4.33,4.37,2.64
"8078",17606,1.33,"Premium","I","VS1",61.5,58,7090,7.06,7.02,4.33
"8079",13381,0.3,"Ideal","F","VS2",62,53.7,601,4.31,4.33,2.68
"8080",40145,0.51,"Premium","H","SI1",61.9,56,1116,5.13,5.12,3.17
"8081",14137,0.91,"Very Good","F","VVS2",62.6,59,5733,6.1,6.16,3.84
"8082",32393,0.4,"Very Good","G","VS1",60.8,59,791,4.75,4.83,2.91
"8083",30064,0.34,"Ideal","G","VS1",60.6,57,720,4.52,4.57,2.75
"8084",38638,0.31,"Very Good","H","VS2",60.5,63,489,4.33,4.37,2.63
"8085",31284,0.32,"Ideal","G","SI2",61.6,56,450,4.44,4.46,2.74
"8086",27356,2,"Good","G","SI1",59.1,61,17930,8.14,8.18,4.82
"8087",26261,2.13,"Ideal","I","SI2",62,55,15718,8.25,8.27,5.12
"8088",2894,0.92,"Fair","F","SI2",65.3,58,3282,6.08,6.04,3.96
"8089",42473,0.5,"Very Good","I","VS1",61.5,55,1317,5.12,5.16,3.16
"8090",49492,0.56,"Ideal","E","VS1",61.1,56,2117,5.34,5.29,3.25
"8091",24739,1.75,"Premium","H","SI1",61.4,59,13081,7.79,7.69,4.75
"8092",14766,1.2,"Very Good","I","VS2",60.5,60,5941,6.86,6.93,4.17
"8093",49763,0.72,"Very Good","H","SI2",62.4,59,2160,5.67,5.71,3.55
"8094",8824,1.16,"Ideal","I","SI2",62.6,56,4478,6.68,6.73,4.2
"8095",35914,0.39,"Ideal","F","SI1",61.3,56,919,4.69,4.72,2.88
"8096",47950,0.31,"Ideal","D","IF",60.5,57,1917,4.39,4.41,2.66
"8097",10733,0.33,"Premium","I","VS2",60.6,58,594,4.47,4.44,2.7
"8098",24884,1.01,"Very Good","D","VVS1",62.8,57,13312,6.36,6.41,4.01
"8099",15937,1.05,"Very Good","D","VS2",62.9,57,6373,6.39,6.51,4.06
"8100",25372,0.28,"Ideal","F","VVS2",62.5,57,642,4.18,4.21,2.62
"8101",34969,0.23,"Very Good","E","VVS1",61.9,58,472,3.94,3.98,2.45
"8102",37851,0.33,"Ideal","E","VS1",62.7,57,1002,4.45,4.38,2.77
"8103",13292,1.21,"Premium","J","VS1",60,60,5489,6.95,6.88,4.15
"8104",5610,0.74,"Very Good","E","VS1",62.1,53.4,3872,5.8,5.82,3.61
"8105",47355,0.5,"Ideal","E","VS2",63.8,54,1845,5.07,5.05,3.23
"8106",50880,0.71,"Good","H","VS1",63.6,55,2315,5.58,5.65,3.57
"8107",483,0.73,"Good","E","SI1",63.6,57,2821,5.72,5.7,3.63
"8108",41508,0.57,"Very Good","F","SI2",60.1,56,1235,5.4,5.42,3.25
"8109",51081,0.72,"Premium","I","VS2",60.9,60,2333,5.8,5.76,3.52
"8110",11702,0.34,"Premium","G","VS2",61.3,58,596,4.51,4.53,2.77
"8111",11347,1.01,"Very Good","F","SI1",63.5,59,4989,6.38,6.29,4.02
"8112",33245,0.34,"Very Good","F","VVS2",61.9,57,825,4.48,4.52,2.78
"8113",1386,0.31,"Very Good","G","VS2",61.4,55,559,4.38,4.41,2.69
"8114",11180,1,"Premium","E","SI1",61.9,62,4953,6.4,6.34,3.94
"8115",50007,0.7,"Very Good","F","SI2",60.7,58,2195,5.73,5.77,3.49
"8116",2360,0.7,"Ideal","H","VVS1",60.2,57,3175,5.78,5.82,3.49
"8117",44117,0.54,"Very Good","E","SI1",59.6,62,1559,5.31,5.36,3.18
"8118",28882,0.39,"Premium","I","SI2",61,58,684,4.75,4.7,2.88
"8119",25582,1.52,"Premium","G","VS1",61.2,60,14424,7.4,7.37,4.52
"8120",39316,0.53,"Very Good","G","SI2",60.8,58,1070,5.19,5.21,3.16
"8121",32964,0.3,"Ideal","F","SI1",62.5,57,461,4.27,4.31,2.68
"8122",53227,0.8,"Good","E","SI2",57.7,65,2640,6.13,6.08,3.52
"8123",30767,0.33,"Premium","F","VS2",60,60,740,4.49,4.45,2.68
"8124",50047,0.59,"Very Good","E","VS1",61.2,58,2200,5.4,5.45,3.32
"8125",29204,0.44,"Good","J","VS1",63.1,57,694,4.83,4.87,3.06
"8126",3953,0.7,"Ideal","E","VS2",61,56,3504,5.74,5.78,3.52
"8127",39835,0.51,"Very Good","E","SI2",62,57,1098,5.09,5.13,3.17
"8128",16943,1.04,"Very Good","G","VVS1",58.2,60,6766,6.66,6.71,3.89
"8129",12339,1.22,"Ideal","I","SI2",61.3,57,5226,6.91,6.85,4.22
"8130",4048,1.03,"Fair","G","SI2",65.7,58,3530,6.32,6.26,4.13
"8131",49025,0.57,"Ideal","F","VS1",61.9,56,2052,5.39,5.3,3.31
"8132",18804,1.51,"Ideal","H","SI1",61.3,57,7695,7.41,7.34,4.52
"8133",26794,2,"Good","H","SI1",63.6,58,16650,7.96,7.87,5.03
"8134",36807,0.3,"Ideal","G","IF",60.9,57,956,4.32,4.29,2.62
"8135",30060,0.41,"Premium","G","SI1",60.3,59,719,4.76,4.79,2.88
"8136",12060,0.26,"Very Good","E","VVS2",63,58,597,4.08,4.11,2.58
"8137",52211,0.7,"Very Good","E","SI1",59.4,63,2481,5.79,5.73,3.42
"8138",38705,0.37,"Premium","E","VS2",61.8,59,1041,4.6,4.56,2.83
"8139",8950,1.19,"Premium","I","SI2",60.1,59,4498,6.9,6.82,4.12
"8140",51774,0.73,"Premium","E","SI2",60.8,60,2409,5.87,5.78,3.54
"8141",49087,0.57,"Ideal","E","VS1",60.8,54.8,2061,5.36,5.4,3.27
"8142",43954,0.31,"Very Good","F","SI1",60.6,60,516,4.34,4.37,2.64
"8143",12809,1,"Very Good","D","SI1",62.3,59,5342,6.26,6.29,3.91
"8144",30418,0.32,"Ideal","H","VVS1",60.4,57,730,4.42,4.46,2.68
"8145",52138,0.74,"Very Good","G","SI1",63.5,60,2468,5.73,5.68,3.62
"8146",32423,0.41,"Premium","D","SI1",59.6,59,791,4.82,4.85,2.88
"8147",29072,0.34,"Premium","D","VS2",59.3,59,687,4.55,4.59,2.71
"8148",26883,2.48,"Premium","I","VS2",60.1,58,16820,8.83,8.76,5.29
"8149",783,0.71,"Premium","D","VS1",62.9,57,2860,5.66,5.6,3.54
"8150",26332,2,"Very Good","E","SI2",58.1,60,15840,8.25,8.32,4.81
"8151",7180,1.11,"Ideal","G","SI2",61.9,55,4185,6.65,6.6,4.1
"8152",33718,0.33,"Ideal","H","IF",61.8,54,838,4.47,4.49,2.77
"8153",16408,1.01,"Very Good","E","VS2",62.9,57,6552,6.34,6.42,4.01
"8154",23183,1.51,"Very Good","F","SI1",62.4,55,11190,7.28,7.34,4.56
"8155",25326,1.5,"Good","E","VS2",63.9,58,14026,7.24,7.2,4.61
"8156",26865,2.37,"Ideal","J","VS2",62.2,57,16789,8.58,8.52,5.32
"8157",22266,1.52,"Ideal","F","SI2",61.8,58,10316,7.38,7.4,4.57
"8158",4629,0.91,"Very Good","J","VS1",62.1,55,3666,6.16,6.24,3.85
"8159",8702,0.3,"Very Good","G","VS1",62.1,55,585,4.28,4.31,2.67
"8160",5748,0.9,"Very Good","E","VS2",63.4,59,3894,6.19,6.11,3.9
"8161",29405,0.33,"Ideal","G","VS1",61.5,56,699,4.45,4.48,2.74
"8162",2445,0.96,"Premium","J","SI1",62.9,59,3187,6.3,6.22,3.94
"8163",7099,0.71,"Ideal","F","VVS2",62.2,56,4167,5.7,5.74,3.56
"8164",980,0.76,"Ideal","F","SI1",61.4,56,2894,5.88,5.92,3.62
"8165",24678,1.52,"Premium","G","VS1",61.4,58,13034,7.38,7.35,4.52
"8166",36676,0.3,"Ideal","D","VVS2",59.5,56,950,4.42,4.38,2.62
"8167",17554,1.13,"Ideal","D","SI1",61.4,56,7066,6.69,6.74,4.12
"8168",20594,1.72,"Ideal","J","SI1",62,57,8900,7.66,7.62,4.74
"8169",19051,1.59,"Very Good","I","SI2",61.6,57,7835,7.51,7.56,4.64
"8170",53870,0.75,"Ideal","F","SI1",62.3,57,2744,5.82,5.77,3.61
"8171",45771,0.52,"Ideal","D","VS1",60.9,56,1707,5.17,5.21,3.16
"8172",19023,0.27,"Ideal","E","VVS2",60.5,57,620,4.18,4.25,2.55
"8173",34797,0.5,"Good","J","SI1",63.3,60,877,4.97,4.99,3.15
"8174",8234,1.12,"Premium","I","SI1",61.1,59,4373,6.66,6.69,4.08
"8175",5284,0.71,"Very Good","D","VVS2",62.3,60,3799,5.65,5.71,3.54
"8176",2297,0.71,"Premium","D","VS2",59.2,59,3161,5.86,5.8,3.45
"8177",3150,0.9,"Good","E","SI1",63.8,61,3332,6.08,6.05,3.87
"8178",10503,1.02,"Ideal","H","VVS2",60.9,57,4798,6.49,6.44,3.94
"8179",38083,0.36,"Ideal","E","VS2",61.2,56,1013,4.63,4.59,2.82
"8180",10412,1.27,"Ideal","J","SI2",62.6,57,4779,6.88,6.85,4.3
"8181",44063,0.55,"Ideal","E","SI1",61.4,55,1551,5.26,5.29,3.24
"8182",20546,1.55,"Premium","I","SI1",62.5,60,8866,7.33,7.35,4.59
"8183",50858,0.72,"Ideal","I","VS2",61.6,55,2312,5.76,5.78,3.55
"8184",1049,0.79,"Ideal","G","SI1",60.3,60,2907,5.98,6.02,3.62
"8185",36287,0.34,"Very Good","E","SI2",61.7,61,477,4.47,4.51,2.77
"8186",12942,1.2,"Ideal","G","SI2",62.2,56,5385,6.74,6.84,4.22
"8187",38419,0.39,"Ideal","E","VS1",62.3,57,1026,4.64,4.67,2.9
"8188",11825,1.05,"Ideal","H","SI1",61.4,57,5095,6.49,6.54,4
"8189",46184,0.57,"Very Good","D","VS2",62.5,59,1748,5.28,5.32,3.31
"8190",23818,1.22,"Ideal","F","VVS2",62.7,54,11880,6.79,6.84,4.27
"8191",38770,0.31,"Premium","E","VVS2",60.8,55,1046,4.43,4.38,2.68
"8192",12688,1.36,"Premium","J","SI2",62.6,58,5310,7.12,7,4.42
"8193",46499,0.4,"Ideal","E","VVS1",61.7,55,1778,4.74,4.76,2.93
"8194",48926,0.7,"Very Good","G","SI1",61.9,56,2042,5.68,5.73,3.53
"8195",1492,0.76,"Very Good","G","VS2",62.1,54,2990,5.88,5.94,3.67
"8196",48223,0.57,"Premium","G","VS1",62.4,58,1949,5.32,5.29,3.31
"8197",42570,0.38,"Ideal","E","VVS1",62.4,56,1327,4.67,4.64,2.9
"8198",49323,0.72,"Very Good","J","VVS1",61.4,61,2093,5.7,5.77,3.52
"8199",42097,0.44,"Ideal","E","VVS2",61.9,56,1274,4.88,4.91,3.03
"8200",43730,0.51,"Ideal","H","VS1",62.6,57,1438,5.09,5.13,3.2
"8201",24322,2,"Premium","D","SI2",59.3,62,12576,8.12,8.06,4.8
"8202",51518,0.72,"Premium","E","SI1",62.1,58,2385,5.72,5.69,3.54
"8203",9767,1.02,"Ideal","F","SI2",62.4,55,4662,6.46,6.43,4.02
"8204",19227,1.01,"Premium","E","VS1",62,59,7964,6.42,6.38,3.97
"8205",20718,0.31,"Good","G","VS1",63.7,56,625,4.27,4.3,2.73
"8206",53851,0.71,"Very Good","F","SI1",61.1,58,2742,5.71,5.77,3.51
"8207",11970,1.14,"Premium","G","SI2",60.9,56,5139,6.8,6.73,4.12
"8208",39858,0.51,"Ideal","F","SI2",61,55,1100,5.18,5.21,3.17
"8209",31041,0.34,"Ideal","D","VS1",61.4,56,749,4.5,4.53,2.77
"8210",2872,0.9,"Premium","I","SI1",59.6,60,3276,6.37,6.24,3.76
"8211",29494,0.32,"Ideal","E","VS2",61.6,55,702,4.41,4.42,2.72
"8212",5474,1.02,"Good","E","SI2",62.8,64,3838,6.36,6.32,3.98
"8213",22122,1.57,"Premium","H","SI1",62.2,61,10149,7.38,7.32,4.57
"8214",6643,1.09,"Premium","I","VS2",59,61,4090,6.78,6.75,3.98
"8215",39373,0.41,"Premium","G","VVS1",59.7,60,1074,4.83,4.85,2.89
"8216",14903,1.02,"Premium","D","SI1",60.6,59,5998,6.53,6.47,3.94
"8217",46657,0.51,"Ideal","D","VS2",62.1,56,1787,5.11,5.16,3.19
"8218",26346,0.32,"Very Good","G","VS1",62.8,58,645,4.34,4.39,2.74
"8219",22179,1.55,"Fair","F","SI1",59.7,66,10217,7.59,7.47,4.49
"8220",16380,0.29,"Very Good","E","VVS1",59.5,61,609,4.29,4.31,2.56
"8221",36645,0.43,"Good","F","SI1",63.8,57,948,4.82,4.8,3.07
"8222",1636,0.96,"Premium","E","SI2",62.8,60,3016,6.3,6.24,3.94
"8223",37404,0.38,"Ideal","D","VS1",61.9,53.5,983,4.66,4.69,2.9
"8224",48001,0.52,"Ideal","D","VS2",61.5,56,1919,5.19,5.15,3.18
"8225",5659,1,"Premium","F","SI1",59.4,62,3881,6.55,6.52,3.88
"8226",14478,1.12,"Premium","H","VS1",62.1,58,5845,6.6,6.64,4.11
"8227",44216,0.56,"Ideal","H","SI2",60.7,56,1571,5.34,5.37,3.25
"8228",36338,0.32,"Premium","G","VVS2",62.6,58,936,4.37,4.35,2.73
"8229",11427,1.01,"Very Good","E","SI1",63.4,59,5002,6.38,6.34,4.03
"8230",7576,0.92,"Very Good","E","SI1",63,57,4254,6.17,6.21,3.9
"8231",50230,0.82,"Very Good","G","SI2",63.4,55,2232,5.96,5.93,3.77
"8232",50053,0.58,"Very Good","F","VVS2",60,57,2201,5.44,5.42,3.26
"8233",18852,1.12,"Ideal","F","VS2",61.9,55,7727,6.73,6.68,4.15
"8234",43306,0.6,"Very Good","I","VS2",60.6,60,1402,5.46,5.49,3.32
"8235",48971,0.36,"Ideal","G","SI1",62.7,55,537,4.54,4.59,2.86
"8236",31336,0.41,"Ideal","G","SI1",61.9,54,759,4.77,4.82,2.97
"8237",52613,0.72,"Ideal","F","VS2",62.5,56,2546,5.73,5.76,3.59
"8238",19694,0.3,"Ideal","G","VS1",62.4,57,624,4.3,4.32,2.69
"8239",44060,0.59,"Premium","E","SI1",58.7,57,1550,5.53,5.47,3.23
"8240",38708,0.35,"Ideal","G","IF",61.8,56,1041,4.57,4.52,2.81
"8241",17035,0.9,"Good","E","IF",63.6,56,6804,6.11,6.02,3.86
"8242",52675,0.72,"Premium","G","VS2",61.4,57,2550,5.83,5.77,3.56
"8243",1082,0.73,"Ideal","I","VS1",61.5,55,2908,5.8,5.84,3.58
"8244",39342,0.52,"Good","H","SI1",63.6,62,1073,5.11,5.04,3.23
"8245",6587,1.01,"Ideal","H","SI2",60.7,59,4078,6.47,6.45,3.92
"8246",39558,0.32,"Ideal","G","VVS1",61.9,56,1080,4.4,4.39,2.72
"8247",24946,2.1,"Ideal","H","VS2",62.5,57,13403,8.21,8.18,5.12
"8248",4334,0.9,"Premium","E","SI2",62.2,60,3599,6.19,6.15,3.84
"8249",13934,1.2,"Premium","H","SI1",61.8,58,5669,6.8,6.72,4.18
"8250",51807,0.71,"Very Good","F","SI1",63,55,2416,5.65,5.71,3.58
"8251",48958,0.7,"Very Good","H","SI1",62.9,56,2048,5.64,5.68,3.56
"8252",123,0.7,"Very Good","F","VS2",61.7,63,2762,5.64,5.61,3.47
"8253",15817,1.18,"Ideal","E","SI2",60.9,57,6328,6.86,6.89,4.19
"8254",25863,2.04,"Premium","H","SI2",60.8,58,14945,8.23,8.14,4.98
"8255",38904,0.33,"Ideal","E","VVS1",61.5,56,1052,4.49,4.46,2.75
"8256",24120,1.63,"Very Good","F","SI1",59.7,62,12282,7.65,7.73,4.59
"8257",20833,1.51,"Very Good","E","SI2",62.8,59,9058,7.24,7.31,4.57
"8258",5117,1.09,"Ideal","E","SI2",59.4,57,3760,6.74,6.65,3.98
"8259",50556,0.7,"Ideal","G","SI1",62.4,56,2276,5.66,5.69,3.54
"8260",22497,1.71,"Ideal","H","VS2",63,57,10534,7.57,7.53,4.76
"8261",28384,0.33,"Premium","I","VS1",62.7,58,668,4.43,4.4,2.77
"8262",1305,0.76,"Ideal","G","VS2",61.7,54,2954,5.88,5.92,3.64
"8263",9358,1.09,"Ideal","G","SI2",62.1,56,4586,6.59,6.66,4.12
"8264",32684,0.31,"Premium","G","VS1",62.4,58,802,4.34,4.31,2.7
"8265",23838,1.7,"Good","I","VS1",58,60,11921,7.84,7.88,4.56
"8266",418,0.36,"Ideal","I","VS2",61.9,56,556,4.54,4.57,2.82
"8267",4811,1.02,"Premium","H","SI2",59.2,59,3701,6.57,6.54,3.88
"8268",50357,0.72,"Very Good","G","SI2",63.3,58,2246,5.72,5.68,3.61
"8269",22246,1.46,"Ideal","G","VS2",62.3,56,10302,7.28,7.2,4.51
"8270",41887,0.5,"Ideal","E","SI1",62.4,56,1259,5.03,5.07,3.15
"8271",8009,0.9,"Very Good","H","VS1",62.5,58,4328,6.08,6.14,3.82
"8272",7359,1.1,"Very Good","J","SI2",61.9,55,4217,6.59,6.63,4.09
"8273",45958,0.56,"Ideal","F","VS2",61.6,55,1723,5.29,5.32,3.27
"8274",27722,1.94,"Premium","F","SI1",62.6,58,18735,7.91,7.87,4.94
"8275",9995,1,"Very Good","D","SI2",63.3,56,4704,6.38,6.35,4.03
"8276",49204,0.7,"Ideal","I","SI2",62.1,57,2079,5.66,5.71,3.53
"8277",50703,0.53,"Ideal","F","VVS2",61.3,55,2291,5.23,5.27,3.22
"8278",11498,1.12,"Ideal","G","SI2",61.5,57,5018,6.74,6.68,4.13
"8279",17601,1.18,"Ideal","D","SI1",61.9,55,7087,6.76,6.8,4.2
"8280",5329,0.9,"Ideal","E","SI2",62.6,57,3808,6.13,6.2,3.86
"8281",44934,0.51,"Ideal","D","VS2",61.7,56,1633,5.12,5.15,3.17
"8282",28577,0.3,"Ideal","H","VS1",62.5,56,675,4.27,4.24,2.66
"8283",37668,0.42,"Ideal","E","SI1",62.6,57,992,4.84,4.81,3.02
"8284",7561,1.1,"Ideal","H","SI2",61.9,56,4250,6.65,6.63,4.11
"8285",19876,1.31,"Ideal","H","VS1",61.5,56,8429,7,7.06,4.32
"8286",45398,0.51,"Very Good","G","VS1",61.1,56,1668,5.17,5.2,3.17
"8287",41714,0.53,"Ideal","D","SI2",61.7,55,1243,5.2,5.24,3.22
"8288",23327,1.53,"Premium","F","SI1",62,56,11370,7.47,7.39,4.61
"8289",31378,0.31,"Ideal","F","VVS2",61.2,56,761,4.37,4.39,2.68
"8290",8090,1.07,"Very Good","G","SI2",64.6,60,4340,6.35,6.4,4.12
"8291",24446,1.5,"Ideal","H","VS1",62.4,56,12702,7.29,7.34,4.57
"8292",19539,1.51,"Ideal","J","VS1",61.9,58,8170,7.28,7.33,4.52
"8293",6110,1.06,"Ideal","E","SI2",60.7,57,3977,6.61,6.59,4
"8294",12568,1.02,"Very Good","E","SI1",63.2,61,5278,6.37,6.31,4.01
"8295",20289,1.51,"Good","D","SI2",64.1,61,8706,7.18,7.14,4.59
"8296",49887,0.53,"Ideal","F","VVS2",62,57,2177,5.17,5.2,3.21
"8297",18159,1.24,"Premium","H","VS1",61.2,59,7358,6.91,6.94,4.24
"8298",35715,0.3,"Ideal","D","VS2",61.8,55,911,4.36,4.32,2.68
"8299",5379,0.34,"Premium","I","SI1",61.8,57,574,4.51,4.46,2.77
"8300",26216,1.56,"Ideal","G","VVS2",62.5,55,15609,7.39,7.45,4.64
"8301",39377,0.52,"Ideal","I","SI1",61.8,55,1074,5.16,5.19,3.2
"8302",32016,0.38,"Premium","J","VVS2",60.5,59,778,4.72,4.69,2.84
"8303",11166,1.07,"Premium","D","SI2",62.4,61,4949,6.51,6.48,4.05
"8304",20083,1.33,"Ideal","H","VS1",59.3,57,8558,7.18,7.22,4.27
"8305",47543,0.52,"Ideal","F","VS1",61.6,56,1872,5.2,5.16,3.18
"8306",23695,2.02,"Very Good","J","SI2",59.2,60,11757,8.27,8.39,4.91
"8307",1878,0.71,"Ideal","E","VS2",62.2,57,3073,5.69,5.73,3.55
"8308",20841,1.51,"Good","I","SI1",63.9,59,9069,7.18,7.26,4.61
"8309",24584,1.42,"Very Good","G","VVS2",62.6,60,12891,7.14,7.17,4.48
"8310",39737,0.38,"Ideal","D","VS1",62.1,53.9,1092,4.65,4.67,2.9
"8311",48069,0.56,"Very Good","F","VS1",61.2,58,1929,5.32,5.33,3.26
"8312",25140,2.22,"Premium","J","SI2",61.8,58,13703,8.42,8.31,5.17
"8313",14390,0.3,"Good","G","VS1",63.1,58,605,4.24,4.28,2.69
"8314",37589,0.44,"Premium","G","SI1",61.9,58,990,4.87,4.83,3
"8315",10060,0.31,"Ideal","F","VS2",61.3,55,591,4.35,4.39,2.68
"8316",19081,1.04,"Premium","D","VS2",61.1,60,7852,6.51,6.48,3.97
"8317",48473,0.59,"Ideal","D","VS2",61.4,57,1978,5.39,5.4,3.31
"8318",1419,0.72,"Very Good","G","VS1",60.6,56,2970,5.84,5.87,3.55
"8319",25072,1.21,"Ideal","E","VVS1",62,55,13595,6.8,6.88,4.24
"8320",18971,1.13,"Ideal","G","VS1",61,56.4,7808,6.7,6.75,4.1
"8321",22208,1.5,"Good","H","VS1",63.4,59,10256,7.2,7.29,4.59
"8322",10358,1.11,"Ideal","I","SI1",62.3,58,4771,6.6,6.65,4.13
"8323",46291,0.3,"Premium","H","VS1",61.3,58,526,4.29,4.32,2.64
"8324",42308,0.41,"Ideal","F","VVS1",62.1,57,1295,4.75,4.79,2.96
"8325",34198,0.33,"Ideal","F","VS2",62.1,54,854,4.46,4.43,2.76
"8326",9979,1.32,"Premium","I","SI2",60.8,58,4704,7.03,7.11,4.3
"8327",9135,1.1,"Very Good","I","SI1",62,59,4537,6.54,6.59,4.07
"8328",24277,1.52,"Premium","D","SI1",60.2,58,12502,7.49,7.46,4.5
"8329",31023,0.37,"Premium","H","VS2",59.5,61,749,4.67,4.64,2.77
"8330",25895,1.82,"Very Good","G","SI1",62.7,58,15025,7.68,7.75,4.84
"8331",44838,0.55,"Very Good","F","VS2",62.5,56,1625,5.23,5.27,3.28
"8332",51304,0.31,"Good","E","SI1",63.5,57,544,4.28,4.32,2.73
"8333",19683,0.33,"Very Good","G","VS2",61.5,59.4,623,4.45,4.49,2.75
"8334",1441,0.7,"Very Good","F","VS1",62.1,57,2975,5.69,5.72,3.54
"8335",42475,0.5,"Ideal","E","SI1",63,56,1317,5.13,5.06,3.21
"8336",1930,1.01,"Premium","H","SI2",59.4,62,3083,6.47,6.43,3.83
"8337",38483,0.42,"Ideal","F","VS1",61.3,57,1031,4.8,4.85,2.96
"8338",38402,0.35,"Ideal","H","VVS1",62.3,55,1024,4.55,4.51,2.82
"8339",30768,0.36,"Very Good","F","VS2",61.3,59,741,4.55,4.6,2.79
"8340",24081,1.65,"Ideal","H","VVS2",62.1,56,12225,7.68,7.65,4.76
"8341",23561,1.21,"Ideal","G","VVS1",61.5,56,11572,6.83,6.89,4.22
"8342",5865,1.03,"Ideal","J","SI1",62.6,57,3922,6.45,6.43,4.03
"8343",188,0.71,"Premium","F","VS2",62.1,58,2777,5.67,5.7,3.53
"8344",61,0.35,"Ideal","I","VS1",60.9,57,552,4.54,4.59,2.78
"8345",12822,1.21,"Very Good","I","SI1",62.8,57,5346,6.73,6.8,4.25
"8346",11456,1.27,"Ideal","J","VS1",62,57,5008,6.96,6.92,4.3
"8347",19858,1.5,"Very Good","J","VVS1",62.3,62,8415,7.16,7.23,4.48
"8348",4116,0.81,"Ideal","E","VS2",62,55,3538,5.99,5.97,3.71
"8349",50504,0.71,"Ideal","I","VS2",62.1,57,2270,5.72,5.64,3.53
"8350",19314,1.02,"Ideal","F","VS1",61.2,57,8024,6.45,6.52,3.98
"8351",45947,0.56,"Premium","D","SI1",61.9,58,1723,5.27,5.33,3.28
"8352",20132,1.12,"Ideal","G","VVS2",62.5,56,8592,6.59,6.66,4.14
"8353",53453,0.91,"Good","I","SI1",64.2,59,2676,5.98,6.05,3.86
"8354",53566,0.7,"Very Good","E","VS1",63.4,62,2695,5.64,5.56,3.55
"8355",28848,0.41,"Very Good","H","SI1",62.4,56,683,4.74,4.78,2.97
"8356",18299,1.47,"Very Good","H","SI2",59.1,56,7438,7.46,7.51,4.42
"8357",7371,1.01,"Good","F","SI2",63.3,57,4221,6.37,6.39,4.04
"8358",48878,0.76,"Very Good","J","VS1",59.3,63,2036,6.12,5.93,3.55
"8359",21287,1.57,"Very Good","I","VS2",60.2,58,9443,7.51,7.57,4.54
"8360",29667,0.35,"Ideal","F","VS2",60.5,57,706,4.52,4.6,2.76
"8361",47424,0.7,"Good","F","SI2",64.1,55,1851,5.58,5.52,3.56
"8362",15713,0.37,"Very Good","H","VS2",63.5,59,608,4.51,4.55,2.88
"8363",15615,1,"Very Good","G","VS1",62.4,60,6263,6.37,6.39,3.98
"8364",5061,0.34,"Very Good","F","SI2",63.3,54,574,4.48,4.46,2.83
"8365",6590,1.06,"Premium","E","SI1",59.2,60,4078,6.64,6.6,3.92
"8366",32303,0.37,"Premium","J","VS2",61.1,60,454,4.6,4.63,2.82
"8367",30075,0.32,"Ideal","E","SI1",61.8,55,720,4.45,4.42,2.74
"8368",8706,0.28,"Very Good","G","VVS1",60.7,56,586,4.27,4.29,2.6
"8369",26288,2.52,"Fair","J","SI2",65.1,56,15776,8.51,8.43,5.51
"8370",29057,0.4,"Very Good","E","SI1",62,61,687,4.67,4.71,2.91
"8371",36122,0.36,"Ideal","D","VS2",61.3,55,928,4.58,4.62,2.82
"8372",40081,0.36,"Ideal","D","VVS2",61.6,57,1114,4.59,4.56,2.82
"8373",5352,0.8,"Premium","F","VS1",60.5,59,3813,6,6.03,3.64
"8374",18185,1.01,"Premium","F","VS1",61.7,58,7372,6.4,6.43,3.96
"8375",14646,2,"Fair","H","I1",69.8,54,5914,7.6,7.56,5.29
"8376",37344,0.31,"Ideal","D","VVS2",61.9,56,982,4.39,4.37,2.71
"8377",14948,1.01,"Ideal","G","VS2",60.8,59,6019,6.52,6.5,3.96
"8378",25909,2,"Ideal","I","SI1",62.8,56,15043,8.04,7.95,5.02
"8379",20967,1.51,"Premium","I","SI1",61.7,60,9177,7.27,7.31,4.5
"8380",7933,0.9,"Ideal","F","SI1",62,57,4318,6.21,6.25,3.86
"8381",33425,0.32,"Ideal","H","VVS2",62,55,828,4.42,4.39,2.73
"8382",981,0.71,"Very Good","G","VS2",60.9,56,2895,5.75,5.78,3.51
"8383",53160,0.59,"Ideal","F","VVS1",62.4,56,2625,5.36,5.38,3.35
"8384",46879,0.53,"Ideal","E","VS2",62.4,56,1813,5.2,5.16,3.23
"8385",51631,0.31,"Premium","E","SI1",59.2,60,544,4.36,4.42,2.6
"8386",19236,1.55,"Premium","I","SI2",58.5,60,7972,7.64,7.58,4.45
"8387",39694,0.4,"Very Good","F","VVS2",62.8,57,1088,4.66,4.73,2.95
"8388",30218,0.33,"Ideal","E","VS2",62,56,723,4.46,4.48,2.77
"8389",40410,0.57,"Fair","F","SI1",65.8,58,1133,5.2,5.1,3.39
"8390",19969,1.56,"Ideal","E","SI2",61.2,56,8518,7.53,7.49,4.59
"8391",2140,0.72,"Ideal","H","VVS1",61.4,56,3124,5.79,5.77,3.55
"8392",40956,0.42,"Ideal","G","VVS1",61.1,56,1179,4.82,4.87,2.96
"8393",30496,0.31,"Ideal","D","SI1",61.9,57,732,4.36,4.33,2.69
"8394",22900,1.55,"Ideal","F","SI2",61.9,55,10937,7.44,7.4,4.6
"8395",42062,0.51,"Very Good","F","SI1",63.7,55,1271,5.06,5.11,3.24
"8396",9337,1,"Ideal","H","SI2",62,55,4580,6.39,6.43,3.98
"8397",53760,0.72,"Premium","F","VS2",62,56,2724,5.78,5.68,3.55
"8398",24716,0.31,"Very Good","G","VS1",60.5,57,640,4.39,4.42,2.67
"8399",11655,1.02,"Ideal","E","SI1",60.7,57,5055,6.55,6.51,3.97
"8400",38939,0.4,"Ideal","E","VS1",62,54,1053,4.74,4.77,2.95
"8401",46136,0.41,"Ideal","E","VVS1",61.1,56,1745,4.8,4.82,2.94
"8402",11981,1.01,"Ideal","G","SI1",61.8,55,5141,6.46,6.43,3.98
"8403",804,0.91,"Good","I","VS2",64.3,58,2863,6.05,6.09,3.9
"8404",47161,0.47,"Premium","E","VVS2",60.5,58,1833,5.05,5,3.04
"8405",1570,0.91,"Very Good","G","SI2",62.8,59,3006,6.09,6.14,3.84
"8406",26836,2.01,"Premium","G","SI2",59,60,16733,8.31,8.26,4.89
"8407",28631,0.26,"Ideal","I","VS1",62.1,55,434,4.11,4.13,2.56
"8408",19080,1.07,"Ideal","F","VS1",62.1,55,7850,6.58,6.56,4.08
"8409",8315,0.91,"Very Good","D","SI1",63.5,56,4389,6.13,6.18,3.91
"8410",29870,0.3,"Premium","D","VS2",61,60,710,4.29,4.33,2.63
"8411",9785,1,"Fair","H","SI1",67.6,59,4665,6.03,5.95,4.05
"8412",51596,0.7,"Premium","G","SI1",61.4,60,2394,5.69,5.74,3.51
"8413",23707,0.36,"Very Good","H","VS1",61.6,59,631,4.52,4.57,2.8
"8414",45865,0.61,"Premium","E","SI2",61.3,59,1715,5.48,5.39,3.33
"8415",47160,0.76,"Ideal","J","SI2",61.5,54,1833,5.9,5.93,3.64
"8416",36724,0.32,"Very Good","G","IF",62.4,55,954,4.4,4.42,2.75
"8417",35243,0.37,"Premium","F","VS2",60.5,59,894,4.67,4.62,2.81
"8418",23210,1.62,"Ideal","I","VS2",61.8,55,11217,7.56,7.59,4.68
"8419",46111,0.59,"Very Good","D","SI1",62.8,57,1743,5.32,5.38,3.36
"8420",392,0.32,"Premium","I","SI1",62.8,58,554,4.39,4.34,2.74
"8421",32520,0.35,"Ideal","G","VVS2",61,57,798,4.54,4.58,2.78
"8422",17390,0.32,"Ideal","G","SI1",62.5,55,612,4.38,4.35,2.73
"8423",6835,1.01,"Very Good","F","SI2",62.2,58,4121,6.36,6.4,3.97
"8424",40380,0.36,"Ideal","D","VS1",61.7,55,1131,4.58,4.6,2.83
"8425",16878,1.01,"Premium","D","VS1",61.1,56,6733,6.43,6.36,3.91
"8426",880,1,"Fair","H","SI1",65.5,62,2873,6.14,6.07,4
"8427",30151,0.32,"Very Good","E","SI1",63.1,56,720,4.39,4.36,2.76
"8428",38105,0.36,"Premium","E","VS2",62.1,59,1013,4.59,4.55,2.84
"8429",35172,0.31,"Ideal","G","IF",61,56,891,4.38,4.41,2.68
"8430",46636,0.3,"Good","E","SI1",63.7,59,526,4.21,4.27,2.7
"8431",48796,0.73,"Good","F","SI2",63.4,55,2023,5.71,5.75,3.63
"8432",3223,0.77,"Very Good","D","VS2",63,58,3351,5.81,5.85,3.67
"8433",15170,1,"Premium","G","VS1",60.9,60,6097,6.45,6.42,3.92
"8434",46744,0.72,"Good","H","SI2",64.1,58,1799,5.68,5.65,3.63
"8435",48269,0.53,"Premium","D","VS2",60.4,58,1956,5.26,5.23,3.17
"8436",32930,0.42,"Premium","D","SI1",61.1,60,810,4.79,4.83,2.94
"8437",23409,2,"Good","I","SI2",64.2,52,11400,7.91,7.88,5.07
"8438",30073,0.32,"Premium","E","SI1",61.9,59,720,4.39,4.36,2.71
"8439",30044,0.38,"Good","F","VS2",60.3,61,719,4.68,4.71,2.83
"8440",12071,0.94,"Ideal","D","SI2",62.2,56,5155,6.24,6.27,3.89
"8441",47438,0.5,"Ideal","D","VS2",60.7,57,1854,5.12,5.22,3.14
"8442",7578,1,"Very Good","F","SI2",62.9,56,4255,6.36,6.42,4.02
"8443",44403,0.66,"Ideal","E","SI2",62.4,56,1584,5.61,5.55,3.48
"8444",19665,1.41,"Ideal","J","VS1",61.6,56,8275,7.19,7.22,4.44
"8445",53217,0.7,"Premium","H","VS1",60.6,59,2636,5.81,5.74,3.5
"8446",49111,0.52,"Ideal","G","VVS1",60.7,55,2065,5.19,5.29,3.18
"8447",18924,1.49,"Very Good","G","SI2",62.5,58,7773,7.2,7.26,4.52
"8448",37670,0.42,"Premium","E","SI1",62.7,57,992,4.83,4.77,3.01
"8449",47523,0.44,"Ideal","E","VVS1",61.4,55,1868,4.92,4.95,3.03
"8450",5573,1.14,"Premium","J","SI2",60.4,59,3861,6.8,6.74,4.09
"8451",10887,1.16,"Ideal","G","SI2",61.9,56,4880,6.73,6.77,4.18
"8452",30473,0.31,"Ideal","I","VVS1",62.1,56,732,4.38,4.35,2.71
"8453",41817,0.43,"Ideal","F","VVS2",61.9,56,1250,4.84,4.82,2.99
"8454",32711,0.31,"Ideal","F","VS2",62.3,55,802,4.37,4.33,2.71
"8455",35225,0.33,"Ideal","F","VVS1",61.3,55,893,4.46,4.48,2.74
"8456",5100,0.81,"Ideal","F","VS2",61.7,57,3756,5.97,6.02,3.7
"8457",53331,0.71,"Ideal","E","VS2",61.8,57,2654,5.73,5.7,3.53
"8458",66,0.28,"Ideal","G","VVS2",61.4,56,553,4.19,4.22,2.58
"8459",14166,1.01,"Very Good","G","VS2",62.7,61,5747,6.32,6.35,3.97
"8460",5395,0.3,"Ideal","D","SI2",61.1,55,574,4.35,4.32,2.65
"8461",11812,1.21,"Ideal","I","SI2",60.6,56,5091,6.92,6.94,4.2
"8462",49994,0.58,"Ideal","E","VS1",62.9,54,2192,5.34,5.31,3.35
"8463",9676,1,"Premium","E","SI2",60.4,60,4648,6.49,6.46,3.91
"8464",45455,0.5,"Very Good","E","VS1",62.7,56,1675,5.09,5.12,3.2
"8465",47193,0.5,"Premium","F","SI1",62.4,57,1838,5.13,5.1,3.19
"8466",34392,0.41,"Very Good","F","VS2",62.8,58,863,4.69,4.73,2.96
"8467",27707,0.36,"Premium","I","VS2",61.6,58,648,4.57,4.52,2.8
"8468",260,0.71,"Premium","F","VS1",60.1,62,2790,5.77,5.74,3.46
"8469",22835,1.5,"Good","E","SI1",61.3,65,10868,7.17,7.23,4.41
"8470",47220,0.5,"Premium","F","VS1",61.3,59,1838,5.15,5.09,3.14
"8471",20357,1.51,"Ideal","I","SI1",61.2,58,8752,7.35,7.4,4.51
"8472",32499,0.41,"Very Good","J","VS1",63.2,59,797,4.7,4.67,2.96
"8473",49101,0.52,"Very Good","F","VVS2",62.1,58,2064,5.12,5.16,3.19
"8474",48649,0.34,"Premium","I","VS1",61,60,537,4.48,4.51,2.74
"8475",23433,1.25,"Ideal","E","VS2",60.7,56,11422,6.97,6.99,4.24
"8476",45742,0.5,"Ideal","E","SI1",61.5,57,1700,5.08,5.1,3.13
"8477",52047,0.73,"Ideal","I","VVS2",60.1,56,2451,5.88,5.86,3.53
"8478",52923,0.58,"Ideal","D","VS2",60.8,57,2590,5.4,5.42,3.29
"8479",35094,0.3,"Ideal","F","IF",62.3,55,886,4.3,4.34,2.69
"8480",373,0.73,"Very Good","D","SI1",63.1,57,2808,5.74,5.7,3.61
"8481",40796,0.41,"Very Good","F","VVS1",63.7,54,1169,4.71,4.74,3.01
"8482",241,0.71,"Ideal","F","SI1",62.5,55,2788,5.71,5.65,3.55
"8483",18466,1.21,"Ideal","H","VS2",62.9,55,7513,6.77,6.8,4.27
"8484",52609,0.7,"Very Good","G","SI1",62.5,59,2545,5.69,5.73,3.57
"8485",9306,1,"Very Good","H","SI1",62.4,58,4574,6.37,6.42,3.99
"8486",1759,0.71,"Very Good","F","VS1",62.2,55,3045,5.68,5.74,3.56
"8487",46530,0.51,"Ideal","G","VS1",62.7,56,1781,5.1,5.08,3.19
"8488",13860,1,"Very Good","D","SI1",63.1,56,5645,6.34,6.3,3.99
"8489",49773,0.5,"Premium","F","VVS2",61.8,56,2160,5.15,5.11,3.17
"8490",31541,0.3,"Ideal","E","VVS2",61.9,55,766,4.3,4.33,2.67
"8491",37019,0.33,"Ideal","G","VVS2",61.7,55,965,4.46,4.42,2.74
"8492",32206,0.35,"Premium","E","SI1",61.9,58,788,4.52,4.49,2.79
"8493",25527,1.61,"Ideal","G","VS1",61.9,55,14341,7.58,7.55,4.68
"8494",4891,0.71,"Premium","D","VS1",59.2,59,3718,5.9,5.85,3.48
"8495",41872,0.38,"Premium","F","VVS1",59.2,58,1257,4.8,4.76,2.83
"8496",23029,0.3,"Ideal","H","VVS2",61.7,54.2,631,4.32,4.35,2.67
"8497",19717,1.53,"Ideal","H","SI1",61.9,58,8289,7.38,7.42,4.58
"8498",24510,1.13,"Ideal","D","VVS2",62.3,54,12788,6.64,6.7,4.16
"8499",39251,0.41,"Ideal","G","VVS1",62.5,53,1068,4.76,4.78,2.98
"8500",48783,0.52,"Very Good","E","VS1",61.8,60,2021,5.14,5.18,3.19
"8501",42069,0.5,"Ideal","D","SI1",62.7,57,1272,5.06,5.08,3.18
"8502",25029,0.34,"Very Good","G","VS1",62.2,55,640,4.48,4.52,2.8
"8503",15213,1.01,"Premium","G","VS2",62,59,6108,6.41,6.36,3.96
"8504",53231,0.72,"Ideal","E","SI1",61.2,56,2642,5.75,5.79,3.53
"8505",35281,0.35,"Premium","I","SI1",62.5,58,472,4.49,4.53,2.82
"8506",34444,0.31,"Ideal","E","VVS2",62,54,864,4.38,4.39,2.72
"8507",38867,0.4,"Premium","F","VS1",61.4,58,1050,4.75,4.73,2.91
"8508",2315,1.01,"Premium","H","I1",58.1,59,3167,6.66,6.6,0
"8509",51553,0.65,"Premium","D","VS1",59.4,62,2387,5.72,5.66,3.38
"8510",10253,1.06,"Ideal","H","SI2",59.9,58,4749,6.67,6.63,3.98
"8511",24730,1.71,"Good","H","VS2",63.7,58,13068,7.57,7.54,4.81
"8512",29991,0.32,"Ideal","F","VS1",61.7,56,716,4.39,4.42,2.72
"8513",51642,0.31,"Good","G","VS2",63.1,58,544,4.3,4.35,2.73
"8514",13590,1.08,"Ideal","G","VS2",62.1,57,5559,6.54,6.57,4.07
"8515",16421,1.07,"Ideal","G","VS2",62.3,57,6558,6.58,6.54,4.09
"8516",11909,1.01,"Very Good","D","SI1",62.2,58,5122,6.36,6.4,3.97
"8517",40538,0.34,"Ideal","F","IF",60.7,57,1148,4.53,4.5,2.74
"8518",38465,0.34,"Ideal","E","VVS1",61.6,55,1030,4.5,4.52,2.78
"8519",41497,0.37,"Ideal","D","VVS1",62,56,1233,4.59,4.6,2.85
"8520",23993,1.51,"Ideal","F","SI1",61.5,55,12152,7.39,7.35,4.53
"8521",53063,0.72,"Ideal","E","SI1",62.1,57,2608,5.71,5.75,3.56
"8522",31856,0.3,"Ideal","H","VVS2",61.5,57,776,4.34,4.31,2.66
"8523",24264,1.51,"Good","G","VS1",63.1,55,12489,7.3,7.34,4.62
"8524",31140,0.41,"Very Good","E","SI1",62.9,57,755,4.73,4.78,2.99
"8525",12759,1,"Premium","G","VS2",60.8,60,5322,6.39,6.33,3.87
"8526",14395,0.3,"Very Good","G","VS1",62.9,60,605,4.26,4.29,2.69
"8527",13117,1.21,"Premium","G","SI2",60.3,58,5430,6.9,6.96,4.18
"8528",34560,0.4,"Very Good","G","VS1",61.5,57,871,4.73,4.77,2.92
"8529",11956,1.11,"Premium","D","SI2",59.9,57,5134,6.74,6.72,4.03
"8530",6699,0.31,"Good","G","SI2",63.3,54,408,4.29,4.34,2.73
"8531",21357,1.02,"Ideal","D","VS2",61.5,56,9502,6.46,6.49,3.99
"8532",38610,0.46,"Ideal","I","VVS2",62.7,56,1040,4.9,4.93,3.08
"8533",31820,0.3,"Ideal","E","VS1",60.5,55,775,4.35,4.38,2.64
"8534",17661,1.23,"Ideal","I","VVS1",62.1,57,7117,6.9,6.83,4.26
"8535",30234,0.33,"Ideal","E","VS2",61.9,54,723,4.42,4.47,2.75
"8536",22515,1.66,"Premium","E","SI2",62.6,58,10553,7.53,7.48,4.7
"8537",27183,2.2,"Ideal","H","VS2",61.7,55,17460,8.41,8.38,5.18
"8538",24625,1.28,"Ideal","F","VVS2",62.2,56,12958,6.95,6.91,4.32
"8539",28263,0.25,"Ideal","H","SI1",62.8,54,357,4.05,4.07,2.55
"8540",5306,0.93,"Premium","G","SI2",61.7,60,3802,6.25,6.2,3.84
"8541",7788,1.02,"Very Good","E","SI2",58.7,63,4286,6.61,6.55,3.86
"8542",25451,1.51,"Very Good","D","VS2",63.1,62,14205,7.24,7.22,4.56
"8543",14048,0.36,"Premium","E","SI2",62.4,58,605,4.56,4.54,2.84
"8544",42767,0.58,"Ideal","E","SI2",62.8,56,1346,5.3,5.37,3.35
"8545",26242,2.03,"Premium","I","SI1",61.4,58,15683,8.13,8.09,4.98
"8546",17843,1.02,"Good","F","VS1",63.7,57,7197,6.39,6.35,4.06
"8547",50393,0.76,"Ideal","F","SI2",61.6,57,2253,5.91,5.85,3.62
"8548",34800,0.4,"Ideal","G","VS1",60.7,57,877,4.77,4.78,2.9
"8549",6897,0.9,"Very Good","E","VS2",61.1,63,4134,6.17,6.2,3.78
"8550",14360,1.21,"Ideal","H","SI2",62,54.5,5814,6.81,6.87,4.25
"8551",39567,0.44,"Very Good","F","VS1",61.2,61,1081,4.83,4.88,2.97
"8552",26330,2.05,"Premium","I","SI1",61.2,57,15837,8.24,8.21,5.03
"8553",37363,0.4,"Premium","G","VVS2",61.1,58,982,4.74,4.76,2.9
"8554",21944,1.53,"Premium","I","VS2",62,58,10013,7.36,7.41,4.58
"8555",37030,0.33,"Premium","G","VVS2",62.8,57,965,4.47,4.39,2.78
"8556",27405,1.93,"Fair","F","VS1",58.9,62,17995,8.17,7.97,4.75
"8557",44615,0.53,"Ideal","G","VS2",61.6,56,1607,5.24,5.19,3.21
"8558",21073,1.16,"Ideal","G","VS1",60.9,55,9248,6.79,6.84,4.15
"8559",30638,0.3,"Ideal","E","VS1",60.6,56,735,4.35,4.36,2.64
"8560",31858,0.3,"Ideal","H","VVS2",60.4,56,776,4.36,4.32,2.62
"8561",33148,0.31,"Ideal","G","VVS1",60.8,56,816,4.36,4.39,2.66
"8562",20999,1.54,"Premium","J","VVS1",62.4,59,9215,7.36,7.38,4.6
"8563",53271,0.66,"Ideal","F","VS2",62.4,54,2648,5.55,5.61,3.48
"8564",38350,0.4,"Ideal","G","SI1",62.6,55,1020,4.71,4.69,2.93
"8565",12312,1.2,"Very Good","H","SI2",63.5,57,5221,6.67,6.71,4.25
"8566",47726,0.56,"Ideal","G","VVS2",62.5,56,1889,5.24,5.28,3.29
"8567",29386,0.31,"Premium","E","SI1",62,58,698,4.35,4.3,2.68
"8568",15846,1.37,"Ideal","J","SI1",62.1,55,6339,7.13,7.16,4.44
"8569",13313,1.01,"Good","G","VS2",62,61,5497,6.29,6.38,3.93
"8570",52694,0.7,"Very Good","F","SI1",61.5,60,2553,5.65,5.7,3.49
"8571",34700,0.32,"Premium","F","VS1",62.1,60,874,4.37,4.33,2.7
"8572",62,0.3,"Premium","D","SI1",62.6,59,552,4.23,4.27,2.66
"8573",12840,1.04,"Very Good","G","VS2",61.4,63,5353,6.51,6.55,4.01
"8574",1454,0.54,"Ideal","F","VVS1",61.6,55,2977,5.28,5.27,3.25
"8575",40874,0.5,"Fair","H","VS2",65.1,59,1175,5.02,5.06,3.28
"8576",36734,0.32,"Ideal","E","VVS1",61.3,57,954,4.38,4.43,2.7
"8577",12669,1.01,"Premium","H","VS2",61.5,59,5303,6.48,6.49,3.99
"8578",48531,0.71,"Very Good","J","SI2",60.9,55,1986,5.76,5.87,3.54
"8579",12512,1.01,"Premium","H","VS2",61.9,57,5260,6.42,6.35,3.95
"8580",4821,0.9,"Premium","F","SI2",60.5,57,3704,6.23,6.2,3.76
"8581",32667,0.31,"Ideal","G","VS1",61,55,802,4.43,4.39,2.69
"8582",17846,1.01,"Ideal","E","VS2",61.6,57,7198,6.43,6.46,3.97
"8583",44074,0.59,"Very Good","H","VS2",61.8,56,1552,5.37,5.41,3.33
"8584",9147,1.11,"Ideal","H","SI2",63.5,60,4538,6.58,6.49,4.15
"8585",35812,0.31,"Ideal","F","IF",62.2,55,914,4.35,4.37,2.71
"8586",7673,1,"Good","I","SI1",58,58,4273,6.56,6.62,3.82
"8587",38967,0.27,"Ideal","G","VS2",61.6,54,490,4.17,4.2,2.58
"8588",27253,1.34,"Premium","E","IF",61.8,58,17663,7.15,7.08,4.4
"8589",21753,1.12,"Ideal","G","VVS2",61.6,55,9820,6.68,6.74,4.13
"8590",28487,0.4,"Good","G","SI2",60.6,55.8,672,4.76,4.82,2.91
"8591",40143,0.4,"Very Good","F","VVS1",63.7,58,1116,4.65,4.68,2.97
"8592",20405,1.51,"Premium","J","VVS2",62.6,59,8770,7.31,7.33,4.58
"8593",23652,1.5,"Very Good","E","SI1",60.8,58,11688,7.32,7.36,4.46
"8594",6420,1.02,"Premium","F","SI2",61,58,4043,6.49,6.52,3.97
"8595",29556,0.4,"Ideal","H","SI1",62.1,55,705,4.73,4.77,2.95
"8596",46019,0.53,"Ideal","E","VS2",62,55,1727,5.21,5.17,3.22
"8597",10242,1.13,"Premium","H","SI2",62.7,55,4746,6.69,6.61,4.17
"8598",24749,2,"Premium","D","SI2",61.9,59,13098,8.02,8,4.98
"8599",41323,0.65,"Ideal","J","SI1",62.1,54,1214,5.56,5.59,3.46
"8600",16858,1.43,"Fair","I","VS1",50.8,60,6727,7.73,7.25,3.93
"8601",15911,1.04,"Very Good","F","VS2",61,60,6361,6.54,6.48,3.97
"8602",14415,1.08,"Good","D","SI1",63.8,59,5821,6.39,6.47,4.1
"8603",50208,0.58,"Ideal","F","VS1",60.3,57,2227,5.47,5.44,3.29
"8604",49592,0.72,"Very Good","J","VS1",62.3,57,2136,5.73,5.77,3.58
"8605",4486,0.83,"Ideal","E","VS2",61.8,57,3625,6.04,6.03,3.73
"8606",6887,0.91,"Ideal","E","SI1",61,58,4132,6.23,6.29,3.82
"8607",25389,2.02,"Fair","H","SI2",56.5,61,14080,8.33,8.37,4.72
"8608",40614,0.25,"Good","E","VVS1",61.4,62,498,4.03,4.05,2.48
"8609",23133,1.01,"Ideal","E","VVS1",62,57,11154,6.45,6.39,3.98
"8610",7193,0.91,"Very Good","E","SI1",63.7,59,4188,6.13,6.17,3.92
"8611",45071,0.46,"Ideal","F","VS1",61.7,56,1643,4.93,4.96,3.05
"8612",26079,2.04,"Ideal","I","SI1",60,60,15308,8.3,8.26,4.97
"8613",16647,1.22,"Ideal","H","SI1",61.8,57,6654,6.83,6.85,4.23
"8614",8731,1.18,"Premium","J","SI1",62.5,55,4460,6.82,6.74,4.24
"8615",40444,0.7,"Premium","G","I1",61.6,56,1138,5.8,5.63,3.52
"8616",14733,1.21,"Very Good","I","VS2",62,57,5931,6.78,6.83,4.22
"8617",4625,1.19,"Ideal","H","I1",61.5,57,3665,6.79,6.83,4.19
"8618",29869,0.3,"Ideal","D","VS2",61.8,55,710,4.32,4.36,2.68
"8619",28705,0.41,"Very Good","I","SI1",63.3,60,680,4.71,4.64,2.96
"8620",6922,0.91,"Premium","E","SI1",62.4,57,4138,6.23,6.11,3.85
"8621",33963,0.4,"Very Good","D","VS2",62.4,60,845,4.66,4.67,2.91
"8622",44581,0.53,"Ideal","E","VS2",62,55,1607,5.17,5.21,3.22
"8623",38652,0.42,"Premium","D","SI1",59.8,59,1040,4.91,4.86,2.92
"8624",5126,0.7,"Ideal","G","VVS1",61.6,57,3763,5.69,5.73,3.52
"8625",15626,1.01,"Very Good","D","SI1",63.6,59,6270,6.33,6.37,4.04
"8626",31349,0.42,"Ideal","H","VS2",62.1,54,760,4.82,4.84,3
"8627",36369,0.34,"Premium","G","IF",60.5,58,939,4.52,4.47,2.72
"8628",1746,0.7,"Fair","F","VS1",64.9,59,3039,5.56,5.59,3.62
"8629",11650,1.01,"Good","D","SI1",63.9,61,5055,6.28,6.31,4.02
"8630",22052,1.5,"Fair","E","SI2",66.3,60,10080,7.09,7.02,4.68
"8631",7934,1.02,"Good","D","SI2",61.5,61,4318,6.34,6.41,3.92
"8632",25100,1.76,"Premium","H","VS2",62.2,60,13626,7.72,7.68,4.79
"8633",31097,0.3,"Very Good","G","VVS1",62.5,56,753,4.25,4.29,2.67
"8634",40735,0.46,"Very Good","I","VVS1",62.9,57,1163,4.91,4.95,3.1
"8635",35105,0.3,"Ideal","F","IF",62.2,57,886,4.3,4.32,2.68
"8636",47166,0.46,"Ideal","E","VS1",61.9,55,1834,4.94,4.97,3.06
"8637",15810,1.06,"Very Good","G","VS2",63.1,59,6325,6.48,6.45,4.08
"8638",266,0.71,"Ideal","E","SI1",61.3,55,2792,5.72,5.77,3.52
"8639",19624,1.53,"Very Good","I","SI1",63.1,57,8242,7.34,7.28,4.61
"8640",17995,1.02,"Very Good","E","SI1",63.7,55,7277,6.29,6.4,4.04
"8641",26032,0.32,"Ideal","G","VS1",61.3,57,645,4.37,4.4,2.69
"8642",3139,0.88,"Ideal","E","SI2",62.2,57,3329,6.08,6.2,3.82
"8643",31900,0.3,"Ideal","G","VS1",61.4,57,776,4.34,4.29,2.65
"8644",46913,0.65,"Very Good","F","SI1",60,63,1814,5.62,5.54,3.35
"8645",31553,0.38,"Ideal","F","SI1",61.7,56,766,4.68,4.72,2.9
"8646",24608,2.02,"Good","G","SI2",57.5,61,12929,8.37,8.35,4.81
"8647",34381,0.41,"Very Good","I","VVS1",59.8,61,863,4.79,4.84,2.88
"8648",39076,0.4,"Ideal","F","VS2",62,59,1059,4.77,4.71,2.95
"8649",13972,1.04,"Very Good","E","SI1",62.8,59,5689,6.46,6.41,4.04
"8650",30310,0.34,"Ideal","F","VS2",61.5,55,726,4.53,4.57,2.8
"8651",18002,1,"Premium","D","VS1",61,58,7280,6.46,6.42,3.93
"8652",15526,1.01,"Good","E","VS2",62.5,58,6221,6.32,6.36,3.96
"8653",47205,0.5,"Very Good","G","VVS2",62.9,57,1838,5.04,5.11,3.19
"8654",12120,0.91,"Premium","G","VVS2",61.8,58,5167,6.24,6.16,3.83
"8655",36714,0.42,"Ideal","E","SI1",62.1,55,953,4.81,4.79,2.98
"8656",31429,0.3,"Ideal","H","IF",61.8,57,764,4.31,4.36,2.68
"8657",44516,0.52,"Premium","F","VS2",62.1,59,1600,5.12,5.15,3.19
"8658",3799,0.71,"Good","E","VS1",59.4,61,3464,5.8,5.89,3.47
"8659",12582,1.07,"Ideal","E","SI2",62.4,60,5280,6.49,6.52,4.06
"8660",27197,1.14,"Good","D","IF",61.7,63,17499,6.64,6.74,4.13
"8661",5823,0.66,"Ideal","D","VVS2",61.3,57,3915,5.59,5.63,3.44
"8662",22060,1.74,"Very Good","H","SI2",62.1,59,10086,7.65,7.78,4.79
"8663",51006,0.68,"Premium","G","VS1",58.6,59,2326,5.8,5.77,3.39
"8664",43155,0.52,"Ideal","E","SI1",60.1,59,1389,5.18,5.23,3.13
"8665",15139,1.52,"Premium","H","SI2",62.6,60,6086,7.34,7.3,4.58
"8666",49796,0.7,"Ideal","I","VS1",62.7,57,2163,5.63,5.67,3.54
"8667",47289,0.3,"Very Good","J","VS1",63,59,394,4.24,4.27,2.68
"8668",48846,0.53,"Ideal","H","VS2",61.4,56,2031,5.2,5.23,3.2
"8669",33015,0.4,"Very Good","E","VS2",59.1,60,814,4.81,4.84,2.85
"8670",32046,0.31,"Good","F","VS1",63.9,55,779,4.3,4.27,2.74
"8671",46061,0.53,"Good","D","VS2",63.4,55,1734,5.11,5.23,3.28
"8672",31496,0.34,"Ideal","G","VS2",62.2,55,765,4.5,4.47,2.79
"8673",32033,0.44,"Premium","E","SI1",62.3,58,778,4.85,4.88,3.03
"8674",47344,0.5,"Premium","D","VS2",61.4,59,1845,5.15,5.11,3.15
"8675",18458,1.04,"Ideal","F","VS2",61.1,57,7508,6.52,6.54,3.99
"8676",41663,0.4,"Ideal","G","IF",63.1,54,1239,4.69,4.73,2.97
"8677",48145,0.7,"Very Good","J","VS2",63.2,61,1940,5.62,5.59,3.54
"8678",50926,0.61,"Premium","F","VVS2",63,60,2319,5.35,5.29,3.35
"8679",4621,0.91,"Ideal","G","SI2",62.3,56,3664,6.18,6.22,3.86
"8680",41336,0.48,"Fair","E","VS2",64.9,54,1215,4.94,4.92,3.2
"8681",13792,1.19,"Very Good","F","SI2",58.8,60,5622,6.93,6.98,4.09
"8682",28979,0.25,"Very Good","E","VS2",63.3,56,436,4.01,4.05,2.55
"8683",35564,0.35,"Ideal","G","VS1",62.5,55,906,4.55,4.51,2.83
"8684",21575,1.06,"Very Good","E","VVS2",63.4,55,9680,6.46,6.51,4.11
"8685",10850,1.01,"Premium","G","SI1",62.6,59,4872,6.38,6.3,3.97
"8686",29980,0.39,"Very Good","F","VS2",62.1,59,716,4.69,4.71,2.92
"8687",44491,0.5,"Very Good","H","VS1",61,56,1598,5.1,5.13,3.12
"8688",9602,1.01,"Very Good","F","SI1",63.5,58,4632,6.29,6.24,3.98
"8689",32062,0.33,"Premium","D","SI1",60,59,780,4.5,4.47,2.69
"8690",48536,0.46,"Ideal","G","IF",61.7,56,1987,4.97,5.01,3.08
"8691",24284,1.54,"Premium","G","VS2",59.8,58,12522,7.45,7.49,4.47
"8692",25423,1.51,"Very Good","F","VS2",61.1,59,14165,7.32,7.37,4.49
"8693",15943,1,"Ideal","G","VS2",62.4,59,6377,6.36,6.4,3.98
"8694",50073,0.72,"Premium","J","VVS1",61.4,61,2203,5.77,5.7,3.52
"8695",34326,0.39,"Premium","E","SI1",59.1,59,860,4.81,4.76,2.83
"8696",18003,1.06,"Premium","D","VS2",59.6,60,7280,6.71,6.68,3.99
"8697",8299,0.9,"Premium","E","SI1",59.8,55,4385,6.34,6.3,3.78
"8698",28148,0.3,"Ideal","G","VVS2",61.4,57,665,4.29,4.31,2.64
"8699",13613,1.2,"Good","I","VS1",57.8,61,5570,7.02,6.96,4.04
"8700",23071,1.22,"Premium","G","IF",59.2,58,11104,7.02,6.97,4.14
"8701",37626,0.44,"Premium","G","SI1",61.6,61,990,4.88,4.83,2.99
"8702",50871,0.63,"Ideal","D","SI1",62,56,2313,5.5,5.47,3.4
"8703",4446,0.92,"Very Good","G","SI2",59.4,62,3618,6.34,6.36,3.77
"8704",12508,1.25,"Ideal","I","SI2",62,57,5259,6.85,6.92,4.27
"8705",21118,1.25,"Ideal","G","VS2",61.5,58,9282,6.88,6.93,4.25
"8706",53680,0.79,"Ideal","I","VS2",63,58,2712,5.85,5.89,3.7
"8707",26799,2.02,"Ideal","H","SI1",62.3,57,16665,8.04,8.14,5.04
"8708",27481,1.5,"Ideal","F","VVS2",63.1,57,18159,7.32,7.23,4.59
"8709",24082,1.56,"Premium","D","SI1",62.6,58,12226,7.36,7.44,4.63
"8710",34074,0.4,"Very Good","D","VS2",59.6,58,851,4.8,4.83,2.87
"8711",29101,0.34,"Ideal","I","VS1",62.4,55,689,4.51,4.47,2.8
"8712",12974,1.03,"Very Good","E","SI2",61.7,54.9,5393,6.46,6.52,4.01
"8713",49378,0.5,"Ideal","E","VS2",60.5,56,2100,5.18,5.16,3.13
"8714",12953,1.01,"Ideal","G","SI1",61.2,57,5387,6.44,6.5,3.96
"8715",2649,0.59,"Very Good","D","VVS1",61.8,57,3234,5.37,5.41,3.33
"8716",39870,0.3,"Ideal","E","VVS1",61.2,57,1102,4.33,4.36,2.66
"8717",3844,0.78,"Premium","D","VS2",63,58,3473,5.86,5.8,3.67
"8718",52820,0.72,"Very Good","E","SI2",59.9,57,2573,5.85,5.9,3.52
"8719",51959,0.56,"Ideal","G","IF",62,56,2442,5.3,5.32,3.29
"8720",2228,0.9,"Fair","G","SI1",65.6,56,3145,6.1,6.03,3.98
"8721",31367,0.33,"Ideal","F","VVS2",61.7,55,761,4.46,4.49,2.76
"8722",49976,0.29,"Very Good","G","VVS2",61.9,56,541,4.27,4.3,2.65
"8723",2402,0.72,"Ideal","D","SI2",60.5,57,3176,5.82,5.89,3.54
"8724",49143,0.53,"Ideal","D","VS2",60.8,56,2067,5.24,5.27,3.2
"8725",49834,0.5,"Very Good","E","VVS2",59.3,56,2168,5.25,5.3,3.13
"8726",6526,0.9,"Very Good","D","SI1",62.4,63,4068,6.15,6.18,3.85
"8727",22191,1.51,"Very Good","H","VS2",62.8,58,10225,7.21,7.28,4.55
"8728",36677,0.33,"Premium","E","VVS2",61.3,59,950,4.47,4.44,2.73
"8729",15259,1.53,"Premium","J","SI1",60.1,59,6126,7.52,7.5,4.51
"8730",10572,0.94,"Premium","D","SI1",58.4,58,4817,6.51,6.41,3.77
"8731",32889,0.36,"Premium","H","VS1",60.5,59,810,4.63,4.6,2.79
"8732",6273,1.12,"Premium","H","SI2",62.1,56,4014,6.7,6.65,4.14
"8733",2899,0.92,"Premium","F","SI2",58.1,58,3282,6.46,6.41,3.74
"8734",24472,1.51,"Premium","D","SI1",59.6,58,12738,7.51,7.48,4.47
"8735",38100,0.36,"Premium","E","VS2",60.3,59,1013,4.64,4.58,2.78
"8736",50177,0.55,"Ideal","E","VS1",61.5,56,2220,5.26,5.29,3.24
"8737",53143,0.78,"Ideal","F","SI2",61.2,56,2622,5.93,5.97,3.64
"8738",45343,0.52,"Very Good","H","VVS1",63.9,59,1664,5.08,5.1,3.25
"8739",43086,0.61,"Ideal","I","VS2",62,54,1380,5.44,5.49,3.39
"8740",33406,0.28,"Ideal","E","VVS2",62.4,56,828,4.2,4.16,2.61
"8741",33919,0.3,"Premium","E","VS2",62.9,58,844,4.27,4.22,2.67
"8742",9484,1.02,"Very Good","H","VS2",60,63,4604,6.54,6.49,3.91
"8743",39691,0.4,"Ideal","F","VVS2",62.4,57,1088,4.69,4.73,2.94
"8744",16849,1,"Ideal","E","VS2",62.8,57,6720,6.37,6.34,3.99
"8745",39340,0.47,"Premium","E","SI2",58.7,60,1072,5.13,5.09,3
"8746",45154,0.5,"Premium","F","VS2",62.8,61,1654,5.07,5.03,3.17
"8747",20885,1.29,"Very Good","G","VS1",62.3,58,9105,6.98,7.01,4.36
"8748",25006,1.5,"Very Good","F","VS2",59.7,56,13537,7.42,7.46,4.44
"8749",34384,0.41,"Ideal","I","VVS1",61.3,56,863,4.8,4.85,2.96
"8750",50636,0.23,"Very Good","F","VS2",61,59,402,3.95,3.99,2.42
"8751",39480,0.41,"Premium","E","VS1",60.6,59,1079,4.77,4.8,2.9
"8752",11518,0.91,"Ideal","G","VS2",61.4,57,5023,6.23,6.28,3.84
"8753",24575,1.51,"Premium","G","VS2",62.7,58,12872,7.31,7.2,4.55
"8754",35302,0.3,"Very Good","H","VS2",61.1,61,473,4.31,4.33,2.64
"8755",52485,0.82,"Ideal","I","VS1",62.3,57,2522,5.98,6.02,3.74
"8756",48150,0.53,"Ideal","G","VVS2",61.8,58,1941,5.18,5.2,3.21
"8757",10620,1.1,"Premium","E","SI2",60.7,58,4829,6.77,6.65,4.07
"8758",52387,0.57,"Premium","E","VVS2",60,61,2507,5.44,5.36,3.24
"8759",39163,0.35,"Ideal","E","VS1",62.3,56,1063,4.52,4.5,2.81
"8760",2906,0.8,"Good","F","VS2",60.5,62.3,3283,5.97,6.01,3.62
"8761",48454,0.55,"Premium","D","VS1",62,58,1975,5.26,5.28,3.27
"8762",10961,0.94,"Very Good","D","SI1",60.7,60,4902,6.27,6.32,3.82
"8763",41904,0.52,"Very Good","F","SI1",61.3,56,1261,5.2,5.24,3.2
"8764",31698,0.38,"Premium","F","SI2",61,61,770,4.67,4.61,2.83
"8765",13031,0.26,"Premium","H","VVS1",59.8,59,600,4.17,4.12,2.48
"8766",51521,0.72,"Ideal","F","SI1",60.9,53,2385,5.83,5.79,3.54
"8767",14736,1.25,"Ideal","H","SI2",62.2,55.4,5932,6.89,6.94,4.29
"8768",52302,0.23,"Ideal","E","VS2",61.7,55,548,3.98,4,2.46
"8769",44263,0.52,"Ideal","H","VS1",62,55.4,1575,5.16,5.21,3.21
"8770",22414,2.63,"Very Good","J","I1",62.3,61,10437,8.76,8.81,5.47
"8771",11748,1.03,"Premium","D","SI2",60.6,60,5076,6.52,6.46,3.93
"8772",16862,1.56,"Ideal","J","SI1",61.8,57,6727,7.44,7.39,4.58
"8773",44167,0.5,"Good","G","VS1",61.9,61.5,1565,5.03,5.04,3.12
"8774",27811,0.3,"Ideal","H","VVS1",61.1,56,650,4.33,4.37,2.66
"8775",45560,0.64,"Very Good","F","SI1",60.7,59,1688,5.51,5.59,3.37
"8776",37645,0.33,"Ideal","F","VS1",59.9,56,990,4.54,4.51,2.71
"8777",12181,1.06,"Premium","G","SI1",62.7,56,5183,6.55,6.46,4.08
"8778",28531,0.39,"Ideal","G","SI1",61,55,675,4.75,4.82,2.92
"8779",3303,0.8,"Premium","F","VS2",62,61,3369,5.99,5.91,3.69
"8780",32785,0.31,"Ideal","E","VS1",60.2,56,804,4.44,4.39,2.66
"8781",22631,1.5,"Very Good","F","SI1",63.4,60,10684,7.2,7.27,4.59
"8782",20943,1.5,"Premium","E","SI2",60.8,59,9157,7.34,7.36,4.47
"8783",50367,0.61,"Ideal","E","VS2",61.9,53,2248,5.45,5.5,3.39
"8784",47783,0.7,"Fair","J","VS2",67.4,58,1896,5.34,5.37,3.61
"8785",31934,0.3,"Ideal","F","VS2",61.4,57,776,4.36,4.34,2.67
"8786",50523,0.7,"Very Good","E","SI2",63.1,56,2273,5.66,5.63,3.56
"8787",52583,0.59,"Premium","D","VVS2",62.6,58,2538,5.4,5.34,3.36
"8788",52083,0.84,"Ideal","J","VS1",62,55,2456,6.07,6.06,3.76
"8789",37519,0.41,"Good","D","VS1",60.2,62,986,4.8,4.84,2.9
"8790",48826,0.7,"Good","I","SI1",58.2,61,2028,5.8,5.84,3.39
"8791",9996,1,"Very Good","E","SI2",63.5,56,4704,6.38,6.31,4.03
"8792",22517,1.51,"Fair","G","VS2",58.1,67,10553,7.59,7.49,4.38
"8793",43172,0.54,"Premium","G","SI1",61.7,59,1389,5.2,5.17,3.2
"8794",23181,1.6,"Premium","G","SI1",62.4,61,11189,7.43,7.4,4.63
"8795",40952,0.42,"Ideal","D","VS1",61.1,57,1179,4.81,4.84,2.95
"8796",3858,0.72,"Ideal","G","VS1",61.4,56,3478,5.75,5.79,3.55
"8797",10877,1.01,"Premium","E","SI2",60.4,60,4878,6.49,6.46,3.91
"8798",22926,1.59,"Very Good","G","SI1",59.5,61,10963,7.57,7.65,4.53
"8799",16345,1.29,"Very Good","I","VS2",61.8,58,6537,6.94,6.98,4.3
"8800",20506,1.51,"Premium","E","SI1",63,58,8836,7.4,7.27,4.62
"8801",32878,0.36,"Ideal","E","SI1",62.4,55,810,4.55,4.52,2.83
"8802",53894,0.7,"Ideal","F","VS1",62,55,2751,5.74,5.71,3.55
"8803",47301,0.3,"Very Good","J","VS1",61.2,61,394,4.3,4.33,2.64
"8804",47182,0.51,"Ideal","F","VS1",61.3,54,1836,5.23,5.12,3.17
"8805",28133,0.29,"Very Good","D","VVS2",62.3,59,664,4.21,4.26,2.64
"8806",1068,0.31,"Ideal","I","VS2",59.9,57,558,4.4,4.38,2.63
"8807",11615,1.06,"Very Good","H","SI1",59.1,58,5048,6.66,6.71,3.95
"8808",21464,1.52,"Premium","D","SI2",60.6,62,9561,7.42,7.37,4.48
"8809",38292,0.28,"Very Good","E","VS1",58.9,58,487,4.27,4.32,2.53
"8810",7584,1.02,"Ideal","G","SI2",61.4,56,4255,6.52,6.47,3.99
"8811",8762,1.05,"Ideal","I","SI1",62.6,56,4466,6.45,6.53,4.06
"8812",34759,0.41,"Premium","H","SI1",61.4,60,876,4.78,4.73,2.92
"8813",47592,0.51,"Very Good","D","VS2",60.1,59,1877,5.16,5.19,3.11
"8814",26546,2.03,"Ideal","G","SI1",60.3,56,16224,8.27,8.21,4.97
"8815",20820,1.13,"Ideal","G","VVS1",61.2,57,9049,6.65,6.72,4.09
"8816",40022,0.32,"Ideal","E","VVS2",62.4,56,1109,4.43,4.39,2.75
"8817",11964,1,"Very Good","H","VS2",63.3,53,5139,0,0,0
"8818",44069,0.55,"Ideal","E","SI1",61.7,56,1551,5.24,5.29,3.25
"8819",29001,0.34,"Ideal","F","VS2",62.5,55,686,4.48,4.51,2.81
"8820",50905,0.72,"Ideal","G","SI1",62,56,2318,5.75,5.71,3.55
"8821",47609,0.53,"Very Good","F","VVS2",59.6,56,1880,5.27,5.31,3.16
"8822",9845,1.01,"Premium","I","VS2",62.5,58,4676,6.44,6.39,4.01
"8823",37908,0.41,"Ideal","F","VS1",62.1,56,1007,4.74,4.76,2.95
"8824",23153,1.52,"Ideal","I","VVS1",61.9,56,11168,7.37,7.34,4.55
"8825",39492,0.41,"Premium","E","VS1",60.7,58,1079,4.79,4.83,2.92
"8826",38448,0.54,"Ideal","G","SI2",61.8,55,1028,5.23,5.26,3.24
"8827",40875,0.73,"Fair","I","I1",66.1,58,1175,5.63,5.5,3.68
"8828",24907,2.1,"Very Good","J","VS2",61.5,60.7,13340,8.16,8.21,5.03
"8829",9359,1.16,"Very Good","I","SI1",62.9,58,4586,6.64,6.69,4.19
"8830",5567,0.9,"Good","G","VS2",63.9,61,3859,5.97,6.01,3.83
"8831",16638,2.25,"Fair","H","I1",67.7,58,6653,8.01,7.97,5.41
"8832",5600,0.85,"Very Good","E","VS2",60.2,60,3871,6.09,6.14,3.68
"8833",7164,0.93,"Premium","F","SI1",61.1,59,4182,6.32,6.29,3.85
"8834",16411,1,"Premium","G","VS1",59.1,61,6552,6.54,6.48,3.85
"8835",30404,0.32,"Premium","G","VVS2",61.2,59,730,4.39,4.44,2.7
"8836",36441,0.31,"Ideal","D","VS2",61.9,56,942,4.38,4.34,2.7
"8837",39381,0.38,"Ideal","G","IF",61.6,56,1074,4.67,4.72,2.89
"8838",44399,0.5,"Premium","G","VS1",60.9,59,1583,5.14,5.11,3.12
"8839",26728,0.32,"Ideal","F","VS2",61.5,55,645,4.4,4.42,2.71
"8840",53813,0.75,"Very Good","F","SI1",63.4,58,2734,5.75,5.79,3.66
"8841",25434,2.04,"Premium","H","SI2",62.8,58,14184,8.11,8.06,5.08
"8842",41839,0.5,"Premium","H","VS1",62.7,59,1253,5.03,4.98,3.14
"8843",53098,0.71,"Ideal","F","SI2",62.1,55.7,2614,5.7,5.75,3.56
"8844",39929,0.31,"Ideal","E","VVS1",61.3,56,1105,4.38,4.4,2.69
"8845",51963,0.3,"Ideal","H","VS1",61.4,57,545,4.31,4.32,2.65
"8846",23590,1.7,"Ideal","H","VS2",62.3,57,11605,7.68,7.65,4.78
"8847",28513,0.4,"Very Good","G","SI1",61.7,61,673,4.63,4.68,2.87
"8848",27129,1.7,"Premium","E","VS2",62.9,58,17323,7.57,7.54,4.75
"8849",52434,0.7,"Very Good","E","VS2",62.6,56,2513,5.65,5.69,3.55
"8850",40426,0.54,"Very Good","I","SI1",63.2,57,1135,5.17,5.21,3.28
"8851",50773,0.71,"Fair","G","SI2",64.4,58,2300,5.59,5.56,3.59
"8852",8734,0.9,"Ideal","G","VS1",61.6,55,4460,6.27,6.23,3.85
"8853",37785,0.53,"Very Good","G","SI2",62.5,55,1000,5.14,5.19,3.23
"8854",18947,1.06,"Ideal","G","VS1",61.2,56,7790,6.56,6.62,4.03
"8855",47985,0.3,"Very Good","H","VVS2",62,55,533,4.28,4.32,2.67
"8856",24958,2.08,"Premium","F","SI2",62,60,13437,8.15,8.1,5.04
"8857",14921,1.5,"Fair","J","SI1",64.9,58,6006,7.09,7.03,4.58
"8858",3744,0.3,"Ideal","F","VS1",61,56,570,4.35,4.37,2.66
"8859",19107,1.51,"Good","F","SI2",62.9,55,7875,7.22,7.28,4.56
"8860",31865,0.3,"Premium","H","VVS2",60.8,60,776,4.33,4.29,2.62
"8861",10777,1.08,"Very Good","E","SI2",63.4,56,4857,6.55,6.5,4.14
"8862",11835,1.21,"Premium","J","VS2",61.9,59,5096,6.84,6.77,4.21
"8863",1337,0.72,"Premium","E","VS1",61.5,60,2961,5.79,5.75,3.55
"8864",19433,1.5,"Very Good","I","SI1",63.5,59,8081,7.16,7.08,4.52
"8865",9126,0.9,"Premium","F","VS2",61.9,55,4536,6.25,6.23,3.86
"8866",6327,0.71,"Ideal","D","VS2",61.2,55,4029,5.74,5.78,3.53
"8867",43602,0.31,"Very Good","E","SI1",61.2,58,507,4.34,4.38,2.67
"8868",30099,0.32,"Ideal","H","VS1",63,55,720,4.42,4.4,2.78
"8869",41081,0.41,"Premium","F","VVS2",61,59,1192,4.82,4.79,2.93
"8870",26584,1.64,"Ideal","G","VS2",61.5,56,16297,7.59,7.62,4.68
"8871",30028,0.32,"Ideal","G","VS1",62.5,57,718,4.37,4.34,2.72
"8872",20724,0.31,"Very Good","F","VS2",62.8,56,625,4.28,4.32,2.7
"8873",52184,0.78,"Very Good","F","SI2",58.3,62,2477,6.04,6.11,3.54
"8874",2037,0.79,"Good","E","SI1",63.2,56,3107,5.83,5.91,3.71
"8875",35153,0.4,"Ideal","D","VS2",61.7,57,890,4.72,4.75,2.92
"8876",11697,1.25,"Ideal","J","VS2",62.6,54,5067,6.94,6.9,4.33
"8877",39219,0.5,"Ideal","I","SI1",61.4,56,1066,5.13,5.16,3.16
"8878",43521,0.59,"Ideal","F","SI1",62,53,1424,5.38,5.43,3.35
"8879",48593,0.52,"Very Good","D","VS1",59.6,57,1995,5.24,5.3,3.14
"8880",4538,1,"Fair","H","SI2",65.1,58,3640,6.27,6.15,4.05
"8881",18112,1.03,"Premium","F","VS1",61.8,59,7328,6.46,6.48,4
"8882",35227,0.33,"Ideal","F","VVS1",61.7,54,893,4.46,4.49,2.76
"8883",44309,0.62,"Premium","E","SI2",61.1,59,1579,5.51,5.46,3.35
"8884",46305,0.3,"Ideal","G","VS2",61.7,56,526,4.31,4.35,2.67
"8885",35659,0.31,"Very Good","G","VVS2",63.2,58,907,4.32,4.26,2.71
"8886",48680,0.51,"Very Good","G","VVS1",60.1,56,2005,5.16,5.35,3.16
"8887",1816,0.78,"Ideal","G","SI1",61.7,56,3056,5.9,5.93,3.65
"8888",27742,2.15,"Ideal","G","SI2",62.6,54,18791,8.29,8.35,5.21
"8889",29566,0.41,"Good","F","SI1",63.3,58,705,4.71,4.74,2.99
"8890",52087,0.72,"Ideal","D","SI2",62.3,57,2457,5.8,5.75,3.6
"8891",26878,1.4,"Ideal","F","VVS1",61.9,57,16808,7.2,7.14,4.44
"8892",36092,0.32,"Very Good","F","VVS1",62.7,60,926,4.32,4.35,2.72
"8893",20025,0.32,"Very Good","G","SI2",62.4,59,421,4.35,4.4,2.73
"8894",46337,0.58,"Ideal","G","VS2",61.9,56,1758,5.38,5.34,3.32
"8895",35419,0.4,"Premium","G","SI1",61.4,60,900,4.71,4.67,2.88
"8896",49822,0.61,"Ideal","G","VS1",61.9,56,2167,5.43,5.45,3.37
"8897",10106,1.07,"Very Good","H","SI2",62.1,58,4716,6.53,6.57,4.07
"8898",47626,0.65,"Fair","F","VS2",58.3,64,1881,5.7,5.62,3.3
"8899",5983,0.72,"Very Good","F","VVS2",59.2,63,3952,5.77,5.86,3.44
"8900",28886,0.3,"Ideal","G","VVS1",61.7,57,684,4.31,4.34,2.67
"8901",44154,0.55,"Good","F","VS2",62.8,63,1563,5.13,5.19,3.24
"8902",4698,1.01,"Very Good","I","SI1",63.2,55,3676,6.4,6.32,4.02
"8903",26763,2.01,"Very Good","H","SI1",60.6,62,16582,8.05,8.08,4.89
"8904",33266,0.3,"Ideal","E","VVS1",62.6,54,826,4.28,4.31,2.69
"8905",23493,1.43,"Ideal","H","VS1",62,55,11498,7.21,7.28,4.49
"8906",9924,1.21,"Very Good","J","VS2",63,57,4691,6.73,6.77,4.25
"8907",20654,1.01,"Good","D","VVS2",63.5,57,8943,6.32,6.35,4.02
"8908",25385,1.5,"Premium","F","VS2",61.5,58,14071,7.34,7.36,4.52
"8909",16445,1.28,"Very Good","F","SI1",63,56,6566,6.9,7.03,4.39
"8910",49641,0.32,"Ideal","G","SI2",62.5,57,540,4.38,4.35,2.73
"8911",4136,0.81,"Very Good","G","VS1",62.6,55,3544,5.92,5.97,3.72
"8912",7076,0.33,"Very Good","H","VS1",60,61,579,4.48,4.52,2.7
"8913",26881,1.71,"Ideal","G","VS2",61.8,57,16817,7.7,7.6,4.73
"8914",8080,1.01,"Premium","G","SI1",59.2,59,4338,6.58,6.52,3.88
"8915",8555,1.01,"Very Good","E","SI2",63.3,58,4434,6.39,6.37,4.04
"8916",33344,0.41,"Ideal","H","VS1",62.7,56,827,4.73,4.77,2.98
"8917",28135,0.29,"Very Good","E","VVS1",58.9,59,664,4.33,4.4,2.57
"8918",13136,1.26,"Premium","H","SI2",60.9,57,5434,7.03,6.96,4.26
"8919",48016,0.5,"Premium","E","VS2",60.3,58,1920,5.15,5.13,3.1
"8920",21460,1.63,"Good","I","SI1",63.7,58,9556,7.4,7.48,4.74
"8921",20134,1.55,"Premium","H","VS1",60.8,60,8593,7.54,7.5,4.57
"8922",11997,1.13,"Very Good","E","SI2",63.4,59,5147,6.53,6.59,4.16
"8923",35585,0.35,"Premium","F","VS2",61.8,58,906,4.52,4.48,2.78
"8924",9518,1.07,"Ideal","E","SI2",62.4,57,4613,6.52,6.55,4.08
"8925",8657,0.9,"Very Good","H","VS1",62.1,57,4455,6.17,6.23,3.85
"8926",44553,0.55,"Ideal","G","SI1",61.7,55,1605,5.25,5.28,3.25
"8927",12801,0.7,"Ideal","E","VVS1",61.9,56,5338,5.66,5.69,3.51
"8928",30217,0.33,"Ideal","E","VS2",62.3,55,723,4.43,4.46,2.77
"8929",46200,0.84,"Good","F","I1",60.8,64,1749,6.05,6.03,3.67
"8930",32586,0.31,"Ideal","E","VVS1",62.4,56,801,4.35,4.37,2.72
"8931",42049,0.41,"Ideal","H","VS1",61.1,56,1269,4.83,4.86,2.96
"8932",43183,0.59,"Very Good","I","VS2",62.4,58.4,1392,5.3,5.36,3.32
"8933",46405,0.53,"Premium","F","VS1",59.4,58,1766,5.32,5.28,3.15
"8934",34807,0.31,"Very Good","E","VVS1",62.3,59,878,4.32,4.38,2.71
"8935",41974,0.54,"Good","D","SI1",63.7,57,1263,5.22,5.14,3.3
"8936",30379,0.41,"Good","H","VS2",64.1,57,729,4.72,4.64,3
"8937",17669,1.06,"Premium","E","VS2",61.4,60,7123,6.57,6.53,4.02
"8938",16712,0.31,"Ideal","H","VVS2",61.4,55,609,4.37,4.39,2.69
"8939",793,0.8,"Very Good","F","SI1",62.6,58,2862,5.9,5.92,3.7
"8940",25319,2.13,"Very Good","J","SI1",62.8,58,13996,8.13,8.17,5.12
"8941",6569,1,"Premium","E","SI2",59.1,61,4077,6.44,6.39,3.79
"8942",8201,1,"Fair","H","VS1",65.4,61,4368,6.22,6.17,4.05
"8943",23494,2.07,"Ideal","J","VS2",62.2,56,11500,8.2,8.16,5.09
"8944",32181,0.39,"Very Good","G","VS2",60.4,61,787,4.67,4.7,2.83
"8945",20075,1.45,"Premium","H","VS1",60.6,60,8550,7.27,7.16,4.37
"8946",48460,0.57,"Ideal","G","VVS2",60.5,56,1976,5.36,5.38,3.25
"8947",9378,0.32,"Very Good","I","VVS1",63,58,589,4.32,4.38,2.74
"8948",50119,0.5,"Ideal","F","VVS2",60.5,56,2210,5.15,5.09,3.1
"8949",53491,0.71,"Premium","D","VS2",62.7,58,2683,5.67,5.53,3.54
"8950",9824,1.01,"Premium","D","SI2",62.8,59,4672,6.44,6.34,4.01
"8951",17653,1.1,"Ideal","G","VS1",61.5,57,7111,6.65,6.62,4.08
"8952",22292,2.18,"Very Good","E","I1",62,60,10340,8.25,8.33,5.14
"8953",30313,0.4,"Ideal","D","SI1",61.3,56,726,4.75,4.78,2.92
"8954",36581,0.34,"Ideal","E","VVS1",61,57,946,4.53,4.55,2.77
"8955",15133,1.25,"Ideal","J","VVS2",61.1,57,6084,6.94,6.91,4.23
"8956",6950,1,"Premium","F","SI1",59,59,4144,6.55,6.5,3.85
"8957",52987,0.71,"Ideal","H","VVS2",61.5,54,2594,5.74,5.8,3.55
"8958",35693,0.3,"Ideal","E","VS1",61.5,56,911,4.37,4.31,2.67
"8959",49170,0.72,"Very Good","I","SI1",63.3,57,2074,5.73,5.67,3.61
"8960",8401,1.07,"Premium","G","SI2",62,59,4401,6.54,6.5,4.04
"8961",2613,0.71,"Ideal","D","VS2",61.4,57,3222,5.73,5.77,3.53
"8962",46138,0.54,"Ideal","G","VS1",62.1,55.1,1745,5.2,5.23,3.23
"8963",45388,0.55,"Very Good","G","VS1",59.4,62,1667,5.32,5.36,3.17
"8964",32635,0.36,"Ideal","J","VS2",61.5,55,459,4.6,4.63,2.84
"8965",51895,0.73,"Ideal","E","SI2",61.3,54,2431,5.8,5.88,3.58
"8966",48048,0.64,"Premium","E","VS2",61.6,62,1926,5.48,5.46,3.37
"8967",49666,0.6,"Very Good","H","VVS1",61.5,56,2142,5.43,5.46,3.35
"8968",52921,0.71,"Premium","E","VS2",62.4,60,2590,5.66,5.68,3.54
"8969",26863,1.69,"Ideal","F","VS2",62.2,57,16789,7.59,7.66,4.74
"8970",16533,1.01,"Premium","E","VS2",62.4,60,6606,6.43,6.39,4
"8971",33329,0.38,"Ideal","F","SI2",60.6,56,827,4.73,4.7,2.86
"8972",31637,0.3,"Premium","J","SI1",62.7,59,450,4.27,4.21,2.66
"8973",48247,0.49,"Very Good","F","VVS1",62.2,56,1952,5.04,5.08,3.14
"8974",11759,1.02,"Ideal","H","SI1",59.9,56,5079,6.54,6.51,3.91
"8975",24721,1.03,"Ideal","F","IF",62.3,57,13060,6.44,6.49,4.03
"8976",25538,2.1,"Premium","J","VS2",61.3,59,14359,8.27,8.21,5.05
"8977",47073,0.52,"Ideal","D","VS2",61.9,57,1822,5.14,5.17,3.19
"8978",19204,1.04,"Ideal","G","VS1",61.7,56,7951,6.47,6.52,4.01
"8979",42171,0.53,"Premium","I","VS1",62.3,58,1286,5.18,5.26,3.25
"8980",6389,0.25,"Very Good","E","VVS1",62.9,58,576,4.01,4.03,2.53
"8981",17260,1.02,"Premium","D","VS2",59.8,61,6909,6.61,6.54,3.93
"8982",37767,0.41,"Premium","E","VS2",59.8,60,999,4.87,4.83,2.9
"8983",43232,0.4,"Premium","E","VVS1",61.4,59,1397,4.74,4.68,2.89
"8984",10230,0.91,"Good","G","VS1",64.1,60,4744,6.11,6.06,3.9
"8985",2997,0.9,"Good","I","VS2",63.7,61,3303,6.06,6.1,3.87
"8986",19122,1.33,"Ideal","I","VVS2",62.2,56,7887,7.01,7.04,4.37
"8987",27507,2.04,"Premium","F","SI2",60.2,58,18231,8.24,8.17,4.94
"8988",15528,1.01,"Good","E","VS2",62.6,58,6221,6.33,6.36,3.97
"8989",2060,0.32,"Ideal","G","VS2",60.3,57,561,4.43,4.46,2.68
"8990",42831,0.54,"Very Good","F","SI1",63,60,1356,5.13,5.12,3.23
"8991",50702,0.53,"Premium","F","VVS2",61.4,57,2290,5.22,5.2,3.2
"8992",34556,0.4,"Ideal","G","SI2",60.6,56,870,4.82,4.76,2.91
"8993",8384,0.35,"Ideal","F","SI1",62.4,55,583,4.52,4.55,2.83
"8994",17460,1.01,"Good","F","VVS2",65.9,54,7001,6.18,6.27,4.1
"8995",18767,1.22,"Very Good","H","VS1",62.4,59,7673,6.91,6.85,4.29
"8996",38295,0.3,"Ideal","G","SI1",61.2,56,487,4.33,4.36,2.65
"8997",29768,0.3,"Premium","I","VVS1",60.5,60,709,4.34,4.32,2.62
"8998",18478,1.05,"Ideal","G","VS1",61.1,56,7523,6.54,6.59,4.01
"8999",48675,0.71,"Very Good","I","SI2",60.4,59,2003,5.76,5.79,3.49
"9000",37512,0.31,"Ideal","F","VVS1",62.4,55,985,4.34,4.32,2.7
"9001",38805,0.31,"Premium","G","VVS1",60.5,60,1046,4.4,4.33,2.64
"9002",28619,0.3,"Good","E","SI1",63.6,57,675,4.24,4.22,2.69
"9003",5643,0.9,"Good","D","SI1",62.4,63,3880,6.04,6.13,3.8
"9004",37046,0.46,"Good","E","SI1",62.7,58,967,4.87,4.92,3.07
"9005",15396,1.08,"Very Good","G","VS2",62,57,6168,6.52,6.55,4.05
"9006",24823,2.09,"Premium","J","SI2",60,60,13212,8.37,8.32,5.01
"9007",30067,0.4,"Good","H","SI2",63.8,57,720,4.7,4.67,2.99
"9008",17770,1.17,"Ideal","G","VS1",59.4,57,7155,6.93,6.87,4.1
"9009",49675,0.6,"Ideal","F","VS1",62.9,57,2142,5.35,5.31,3.35
"9010",15633,1.01,"Very Good","F","VS2",63.1,60,6271,6.39,6.29,4
"9011",52916,0.7,"Premium","D","SI1",59.8,57,2589,5.79,5.74,3.45
"9012",1045,0.61,"Ideal","E","VVS2",62.1,54.2,2907,5.43,5.45,3.38
"9013",22362,0.31,"Very Good","H","VS2",63.2,57,628,4.35,4.32,2.74
"9014",25280,1.53,"Ideal","G","VS1",60.6,54,13926,7.49,7.47,4.53
"9015",48834,0.72,"Premium","F","SI1",59.3,60,2030,5.91,5.86,3.49
"9016",7572,0.92,"Very Good","D","SI1",60.7,58,4253,6.27,6.39,3.84
"9017",5135,1,"Premium","E","SI2",60.7,58,3763,6.45,6.38,3.9
"9018",52737,0.71,"Very Good","H","VS1",62.7,57,2559,5.66,5.72,3.57
"9019",20408,1.5,"Ideal","F","SI1",60.9,56,8770,7.43,7.36,4.5
"9020",39599,0.34,"Ideal","E","VVS1",61.9,56,1084,4.51,4.47,2.78
"9021",9739,0.9,"Premium","H","VVS2",62.4,58,4657,6.15,6.12,3.83
"9022",50338,0.7,"Good","F","SI1",63.7,58,2242,5.62,5.65,3.59
"9023",14724,0.3,"Very Good","G","VS1",61.4,58,605,4.32,4.35,2.66
"9024",25037,0.38,"Good","E","SI1",62.8,61,641,4.6,4.67,2.91
"9025",43970,0.27,"Very Good","F","VS2",61.8,57,518,4.14,4.18,2.57
"9026",17583,1.14,"Ideal","H","SI1",61.8,56,7079,6.68,6.72,4.14
"9027",27200,2.14,"Premium","G","SI2",60.4,59,17513,8.32,8.38,5.04
"9028",26333,1.63,"Ideal","G","VS1",61.7,55,15840,7.6,7.56,4.68
"9029",31399,0.3,"Ideal","G","VVS1",61.8,57,764,4.32,4.36,2.68
"9030",14256,1,"Ideal","D","SI1",60.6,56,5775,6.5,6.54,3.95
"9031",7749,0.61,"Ideal","D","VVS1",62.1,56,4279,5.46,5.43,3.38
"9032",16142,1.3,"Ideal","I","SI1",62.3,58,6451,6.94,7,4.34
"9033",44955,0.51,"Ideal","E","VS1",62.7,56,1636,5.1,5.14,3.21
"9034",45091,0.59,"Ideal","D","SI1",62.5,55,1646,5.4,5.42,3.38
"9035",1025,0.72,"Premium","D","SI1",61.4,59,2903,5.79,5.71,3.53
"9036",3053,0.27,"Ideal","H","IF",61.6,56,566,4.18,4.21,2.58
"9037",27560,2.22,"Ideal","I","VS2",61.3,56,18363,8.36,8.45,5.15
"9038",20607,1,"Very Good","E","VVS2",63.5,55,8910,6.36,6.31,4.02
"9039",24292,1.06,"Ideal","F","IF",61.9,55,12539,6.54,6.57,4.06
"9040",346,0.7,"Very Good","D","SI1",62.3,58,2804,5.69,5.73,3.56
"9041",44690,0.53,"Very Good","E","VS2",60.1,60,1612,5.21,5.28,3.15
"9042",25950,2.07,"Good","I","VS2",64.1,57,15119,8.07,8,5.15
"9043",14365,1.02,"Good","G","VS2",63.6,57,5816,6.38,6.41,4.07
"9044",6026,1,"Fair","G","SI1",65.2,62,3965,6.19,6.08,4.01
"9045",52183,0.72,"Premium","E","SI1",61.4,57,2476,5.83,5.73,3.55
"9046",19143,1.21,"Very Good","G","VS2",59.5,58,7906,6.96,7.03,4.16
"9047",40991,0.42,"Ideal","E","VS1",61.6,57,1181,4.84,4.8,2.97
"9048",32489,0.32,"Ideal","G","VVS1",62.3,56,796,4.38,4.41,2.73
"9049",3771,0.9,"Premium","J","VVS2",62.5,61,3459,6.15,6.08,3.82
"9050",38833,0.43,"Ideal","E","VS2",62.2,57,1048,4.84,4.8,3
"9051",41135,0.56,"Good","H","SI1",63.2,57,1197,5.23,5.27,3.32
"9052",25071,1.16,"Ideal","F","VVS1",61.5,56,13595,6.76,6.81,4.17
"9053",21006,1.51,"Very Good","H","SI1",61.7,61,9218,7.3,7.35,4.52
"9054",10626,1,"Very Good","H","SI1",62.8,56,4830,6.33,6.37,3.99
"9055",9927,1.01,"Good","E","SI1",63.3,57,4692,6.33,6.37,4.02
"9056",41307,0.38,"Ideal","F","IF",61.5,56,1212,4.67,4.7,2.88
"9057",26708,0.32,"Very Good","G","VS1",61.8,60,645,4.35,4.36,2.69
"9058",16571,1.01,"Premium","G","VS1",60.2,59,6618,6.58,6.51,3.94
"9059",5642,0.9,"Very Good","I","VS1",62,61,3880,6.12,6.18,3.81
"9060",32734,0.31,"Good","F","VS2",63.9,56,802,4.32,4.29,2.75
"9061",37249,0.51,"Very Good","J","SI1",63.2,56,977,5.06,5.1,3.21
"9062",1569,0.91,"Very Good","I","SI2",63.4,58,3006,6.08,6.12,3.87
"9063",17596,1.4,"Ideal","H","SI2",61.2,56,7084,7.18,7.23,4.41
"9064",29010,0.34,"Very Good","H","VVS2",63,55,686,4.44,4.48,2.81
"9065",3246,0.81,"Ideal","I","VS2",61.4,55,3355,6.03,6.06,3.71
"9066",49519,0.71,"Ideal","H","SI2",61.5,56,2122,5.71,5.74,3.52
"9067",38188,0.41,"Premium","D","SI1",61,59,1015,4.78,4.76,2.91
"9068",1424,0.91,"Fair","F","SI1",64.9,57,2971,6.13,6.08,3.96
"9069",48671,0.74,"Premium","E","SI2",62.2,57,2002,5.79,5.77,3.59
"9070",41865,0.4,"Ideal","G","IF",61.5,57,1257,4.72,4.76,2.91
"9071",17449,1.01,"Good","D","VS2",62.1,59,6998,6.28,6.35,3.92
"9072",27485,2,"Ideal","F","SI2",62.6,57,18172,8.08,8.01,5.04
"9073",3059,0.38,"Very Good","J","VS2",60.5,60,566,4.64,4.68,2.82
"9074",22984,1.52,"Ideal","I","VVS1",62.3,55,11033,7.32,7.37,4.58
"9075",32584,0.31,"Ideal","F","VVS1",61.9,55,801,4.37,4.42,2.72
"9076",7908,0.81,"Ideal","E","VS2",62,57,4314,5.96,5.98,3.7
"9077",7424,0.92,"Very Good","H","VS1",61,62,4228,6.26,6.32,3.84
"9078",19448,1.02,"Ideal","E","VS1",60.1,57,8096,6.52,6.59,3.94
"9079",36082,0.33,"Ideal","G","IF",61,56,925,4.48,4.51,2.74
"9080",47520,0.38,"Ideal","D","VVS1",60.3,56,1867,4.72,4.74,2.85
"9081",17387,0.32,"Premium","G","SI1",62.5,58,612,4.43,4.4,2.76
"9082",52968,0.24,"Ideal","F","VVS2",62.6,57,552,3.93,3.96,2.47
"9083",45288,0.51,"Ideal","G","VS1",61.6,56,1662,5.18,5.15,3.18
"9084",11429,1.01,"Premium","E","SI1",62.4,60,5002,6.35,6.32,3.95
"9085",15569,1.01,"Premium","F","VS2",62.3,58,6244,6.34,6.4,3.97
"9086",28193,0.4,"Premium","D","SI2",61.9,58,666,4.71,4.73,2.92
"9087",24463,1.5,"Ideal","I","IF",61.3,56,12725,7.34,7.41,4.52
"9088",42190,0.5,"Premium","F","SI1",62.7,61,1286,5.07,5.01,3.16
"9089",7036,0.9,"Ideal","G","SI1",62.1,56,4161,6.16,6.2,3.84
"9090",38062,0.38,"Ideal","F","VS1",61.1,56,1013,4.69,4.71,2.87
"9091",30434,0.32,"Ideal","G","VVS1",61.7,56,730,4.37,4.41,2.71
"9092",41053,0.5,"Good","E","SI1",63.6,56,1188,5.03,5,3.19
"9093",24012,2.08,"Ideal","J","SI2",62.3,55,12179,8.23,8.17,5.11
"9094",23293,2,"Fair","I","VS1",58.5,68,11322,8.26,8.15,4.8
"9095",16902,1.21,"Good","H","VS1",63.3,58,6748,6.72,6.77,4.27
"9096",53630,0.35,"Premium","I","VS1",61.8,58,552,4.5,4.53,2.79
"9097",23100,1.59,"Ideal","I","VS1",61.2,58,11119,7.52,7.5,4.6
"9098",41913,0.42,"Very Good","E","VVS2",59.4,60,1262,4.88,4.91,2.91
"9099",2416,0.72,"Ideal","H","VVS1",60.8,58,3180,5.77,5.8,3.52
"9100",30284,0.34,"Very Good","F","SI2",60,62,447,4.51,4.55,2.72
"9101",22153,1.35,"Ideal","G","VS1",61.5,56,10193,7.12,7.15,4.39
"9102",46957,0.3,"Premium","I","VS1",61.9,59,527,4.31,4.24,2.65
"9103",40565,0.41,"Ideal","G","VVS1",62.1,55,1151,4.74,4.79,2.96
"9104",41695,0.45,"Good","H","VVS1",56.8,64,1240,5.08,4.99,2.86
"9105",48659,0.34,"Good","H","VS2",63.1,56,537,4.41,4.46,2.8
"9106",42819,0.5,"Very Good","G","VS2",60.3,58,1354,5.15,5.19,3.12
"9107",39314,0.38,"Ideal","H","VVS2",61.4,57,1069,4.65,4.63,2.85
"9108",40382,0.38,"Ideal","F","VS1",62.1,55,1131,4.66,4.63,2.89
"9109",22309,1.61,"Premium","J","IF",62.1,58,10350,7.53,7.47,4.66
"9110",23597,1.5,"Premium","F","SI1",62.2,58,11613,7.36,7.34,4.57
"9111",396,0.32,"Ideal","I","SI1",60.7,57,554,4.47,4.42,2.7
"9112",50270,0.74,"Premium","G","SI2",62.7,60,2238,5.78,5.73,3.61
"9113",46022,0.53,"Very Good","G","VS1",63.4,56,1727,5.15,5.1,3.25
"9114",44174,0.55,"Ideal","E","SI1",60.8,56,1566,5.31,5.34,3.24
"9115",32865,0.35,"Ideal","I","IF",61.8,53,808,4.55,4.57,2.81
"9116",45781,0.51,"Ideal","E","VS1",61.5,53,1708,5.17,5.24,3.2
"9117",21825,1.53,"Very Good","H","VS1",59.5,63,9896,7.44,7.51,4.45
"9118",35498,0.41,"Very Good","F","SI1",63.1,59,904,4.75,4.7,2.98
"9119",23664,1.57,"Premium","G","VS2",62.7,60,11711,7.46,7.38,4.65
"9120",29916,0.33,"Ideal","G","VVS2",62.3,56,713,4.43,4.47,2.77
"9121",42738,0.51,"Good","G","VS2",63.9,56,1343,5.07,5.1,3.25
"9122",12651,1.22,"Ideal","G","SI2",62.3,57,5296,6.85,6.8,4.25
"9123",14599,1.23,"Good","H","SI1",63.9,56,5889,6.81,6.77,4.34
"9124",28921,0.3,"Ideal","H","VVS1",62,55,684,4.3,4.34,2.68
"9125",15033,0.3,"Ideal","F","VS2",62,54,605,4.31,4.34,2.68
"9126",33577,0.36,"Very Good","D","VS1",59,57,832,4.71,4.74,2.79
"9127",19259,1.55,"Ideal","J","SI1",61.7,54,7987,7.47,7.5,4.62
"9128",50828,0.73,"Premium","F","SI2",61.6,58,2309,5.79,5.73,3.55
"9129",8019,1.01,"Premium","E","SI1",61.7,56,4330,6.44,6.39,3.96
"9130",49494,0.7,"Very Good","G","SI2",63.2,57,2117,5.7,5.66,3.59
"9131",3315,0.71,"Ideal","H","VVS2",61.9,56,3371,5.72,5.76,3.55
"9132",43499,0.54,"Ideal","G","VS2",61.5,55,1422,5.24,5.27,3.23
"9133",24417,2.08,"Premium","H","SI2",62.8,60,12655,8.12,8.03,5.07
"9134",11626,1.13,"Premium","H","SI1",60.1,60,5050,6.77,6.73,4.06
"9135",51833,0.58,"Ideal","D","VVS2",63,56,2421,5.35,5.28,3.35
"9136",45503,0.57,"Good","F","VS2",60,61,1680,5.36,5.43,3.24
"9137",6740,0.36,"Ideal","G","VS2",62.3,54,579,4.59,4.62,2.87
"9138",30542,0.31,"Premium","D","VS2",62.6,59,734,4.3,4.33,2.7
"9139",20392,0.31,"Premium","G","VS1",62.1,58,625,4.31,4.35,2.69
"9140",38759,0.5,"Very Good","E","SI2",60.8,61,1046,5.08,5.09,3.09
"9141",27096,2.25,"Premium","H","SI1",61.5,61,17233,8.47,8.41,5.19
"9142",261,0.71,"Premium","F","VS1",61.8,59,2790,5.73,5.69,3.53
"9143",30663,0.4,"Premium","F","SI1",62.5,59,737,4.67,4.71,2.93
"9144",24943,2.02,"Fair","J","VS1",64.6,59,13399,7.95,7.9,5.12
"9145",10972,1.2,"Premium","H","SI2",59.6,60,4906,6.91,6.84,4.1
"9146",32296,0.25,"Ideal","G","VS1",62.7,56,454,4.01,4.04,2.52
"9147",7195,0.87,"Ideal","F","SI1",61.7,56,4188,6.1,6.12,3.77
"9148",9095,1.02,"Very Good","E","SI1",63.1,57,4524,6.43,6.37,4.04
"9149",24475,1.51,"Ideal","D","SI1",59.5,57,12738,7.56,7.46,4.47
"9150",36079,0.37,"Very Good","E","VS1",62,56,925,4.59,4.63,2.86
"9151",3427,0.79,"Ideal","E","SI1",62,57,3384,5.92,5.96,3.68
"9152",14815,1.12,"Very Good","D","SI1",62.2,59,5966,6.65,6.67,4.14
"9153",40175,0.55,"Ideal","G","SI2",62.1,56,1117,5.25,5.22,3.25
"9154",26353,0.32,"Ideal","G","VS1",62.3,54,645,4.37,4.39,2.73
"9155",1447,0.77,"Premium","E","SI1",60.4,58,2975,6,5.88,3.59
"9156",40678,0.5,"Good","E","SI1",64.2,59,1155,5.03,4.97,3.21
"9157",41149,0.53,"Ideal","H","SI1",62.3,57,1197,5.2,5.24,3.25
"9158",40079,0.33,"Ideal","F","IF",61.5,55,1114,4.47,4.44,2.74
"9159",34102,0.36,"Ideal","D","VS2",61.7,55,852,4.58,4.6,2.83
"9160",43317,0.38,"Ideal","E","IF",62.2,54.1,1402,4.64,4.67,2.89
"9161",39712,0.55,"Good","I","SI1",57.7,61,1089,5.37,5.34,3.09
"9162",50566,0.7,"Very Good","F","SI1",59.1,59,2278,5.76,5.91,3.45
"9163",18030,1.02,"Good","G","VVS2",62.3,60,7292,6.38,6.49,4.01
"9164",8220,1.09,"Very Good","J","VS2",62.3,59,4372,6.56,6.63,4.11
"9165",10629,1.2,"Ideal","J","SI1",62.3,56,4830,6.77,6.81,4.23
"9166",8780,1,"Very Good","H","SI1",63.4,56,4469,6.37,6.34,4.03
"9167",9203,1.04,"Ideal","J","VS2",61.3,54,4550,6.53,6.55,4.01
"9168",26737,1.8,"Ideal","F","SI1",61.8,57,16513,7.83,7.79,4.83
"9169",20466,1.43,"Premium","F","SI1",61.5,58,8809,7.27,7.22,4.45
"9170",18256,1.07,"Very Good","D","VS2",62.4,57,7415,6.51,6.59,4.09
"9171",6828,1.11,"Premium","I","SI2",61.5,58,4120,6.61,6.65,4.08
"9172",22678,1.29,"Ideal","F","VS1",62.3,54.4,10727,6.93,7,4.34
"9173",28820,0.31,"Ideal","D","VS1",62.1,57,683,4.32,4.35,2.69
"9174",37187,0.32,"Ideal","D","VS2",61.9,55,972,4.44,4.41,2.74
"9175",41180,0.4,"Premium","D","VS1",59.2,59,1200,4.81,4.79,2.84
"9176",13759,1.29,"Ideal","J","SI1",61.6,58,5607,6.96,6.99,4.3
"9177",29036,0.24,"Ideal","D","VS1",62.6,57,687,3.92,4,2.48
"9178",19991,1.01,"Ideal","F","VVS2",61,57,8532,6.46,6.52,3.96
"9179",31640,0.33,"Premium","J","VS2",59.6,61,450,4.53,4.49,2.69
"9180",21691,0.34,"Premium","I","VVS1",62.4,59,626,4.4,4.44,2.76
"9181",12279,1.2,"Good","I","SI1",62.3,58,5211,6.66,6.72,4.17
"9182",3720,0.74,"Ideal","F","VS2",61.9,57,3454,5.79,5.81,3.59
"9183",42306,0.55,"Very Good","D","SI2",63.3,56,1295,5.22,5.24,3.31
"9184",25486,2.16,"Good","I","VS2",63.6,56,14266,8.18,8.12,5.18
"9185",4443,1.03,"Fair","H","SI1",65.1,57,3617,6.43,6.36,4.16
"9186",27785,0.44,"Very Good","F","SI2",62.8,60,648,4.82,4.86,3.04
"9187",23109,1.1,"Ideal","D","VVS2",62,57,11132,6.57,6.62,4.09
"9188",50497,0.53,"Ideal","F","VVS2",61,57,2269,5.23,5.26,3.22
"9189",28246,0.33,"Ideal","H","VVS2",61.9,57,666,4.41,4.44,2.74
"9190",33152,0.31,"Premium","E","VVS2",60.4,59,816,4.34,4.37,2.63
"9191",26324,2.03,"Ideal","I","VS2",59.9,60,15826,8.17,8.27,4.92
"9192",20619,1.54,"Premium","I","VS2",61.7,59,8917,7.4,7.34,4.55
"9193",34602,0.27,"Very Good","E","VS1",60.4,59,470,4.18,4.2,2.53
"9194",16808,1.2,"Very Good","E","SI1",61,59,6703,6.91,6.83,4.19
"9195",25196,2.07,"Premium","H","SI1",62,58,13786,8.17,8.09,5.04
"9196",3405,0.31,"Good","D","VS2",63.6,56,567,4.26,4.32,2.73
"9197",35944,0.3,"Ideal","F","SI1",61.9,56,475,4.3,4.32,2.67
"9198",50722,0.71,"Premium","I","VS2",62.1,59,2294,5.7,5.73,3.55
"9199",20787,1.21,"Ideal","G","VS1",62.2,56,9026,6.87,6.85,4.26
"9200",16386,1.23,"Very Good","H","SI1",62.3,58,6542,6.79,6.83,4.24
"9201",33498,0.32,"Ideal","F","VS2",62.1,57,828,4.38,4.35,2.71
"9202",33470,0.32,"Premium","F","VS2",59.7,59,828,4.44,4.41,2.64
"9203",49730,0.52,"Premium","G","VVS1",61.9,61,2153,5.13,5.11,3.17
"9204",5834,0.9,"Good","G","VS2",62.9,62,3918,6.02,6.06,3.8
"9205",22915,1.5,"Premium","I","VVS1",62.4,60,10956,7.29,7.32,4.56
"9206",35322,0.31,"Very Good","F","VVS1",61.8,59,897,4.33,4.35,2.68
"9207",37097,0.41,"Ideal","E","SI1",62.9,57,969,4.78,4.73,2.99
"9208",9760,1,"Very Good","D","SI2",62.5,58,4661,6.35,6.44,4
"9209",23170,1.23,"Ideal","G","VVS1",61.2,56,11182,6.94,6.9,4.23
"9210",26691,0.28,"Very Good","H","VS1",61.9,56,429,4.22,4.24,2.61
"9211",32614,0.3,"Good","G","VS2",63.5,58,456,4.24,4.29,2.71
"9212",45706,0.56,"Ideal","G","VS2",62.1,56,1698,5.31,5.29,3.29
"9213",47345,0.5,"Premium","D","VS2",61.1,58,1845,5.12,5.09,3.12
"9214",25547,1.51,"Premium","G","VS1",60.1,58,14375,7.45,7.48,4.49
"9215",27574,2.02,"Very Good","H","VS2",62.7,58,18398,7.96,8.01,5.01
"9216",51555,0.51,"Premium","D","VVS2",60.8,60,2387,5.23,5.14,3.15
"9217",7616,1.01,"Very Good","D","SI2",59.8,57,4260,6.51,6.57,3.91
"9218",14114,1.46,"Fair","H","SI2",56.3,60,5723,7.61,7.55,4.27
"9219",11862,1.03,"Ideal","D","SI2",61.8,54,5105,6.52,6.46,4.01
"9220",13817,1.09,"Premium","E","SI1",62.5,59,5628,6.58,6.53,4.1
"9221",45094,0.6,"Premium","G","SI1",61.9,61,1646,5.38,5.34,3.32
"9222",34819,0.3,"Premium","H","VVS1",61.8,58,878,4.36,4.32,2.68
"9223",24726,2.14,"Ideal","E","SI2",62.7,55,13065,8.26,8.21,5.16
"9224",30893,0.38,"Very Good","E","VS2",60.4,58,744,4.67,4.7,2.83
"9225",4807,0.9,"Good","F","SI1",58,58,3699,6.24,6.28,3.63
"9226",17488,1.05,"Premium","F","VS2",62.6,58,7025,6.47,6.5,4.06
"9227",38285,0.28,"Very Good","F","VS1",62.1,59,487,4.16,4.21,2.6
"9228",7930,1.01,"Fair","F","SI2",65.3,59,4317,6.28,6.24,4.09
"9229",18608,1.54,"Premium","J","SI1",61.2,59,7589,7.45,7.41,4.55
"9230",44379,0.52,"Ideal","H","VVS2",61.8,57,1581,5.16,5.19,3.2
"9231",48717,0.77,"Very Good","J","SI1",63.3,57,2010,5.84,5.79,3.68
"9232",32301,0.32,"Ideal","D","SI2",61.7,55,454,4.39,4.42,2.72
"9233",25903,2.19,"Premium","I","SI2",60.8,60,15032,8.34,8.38,5.08
"9234",12701,0.26,"Good","E","VVS2",63.1,59,599,4.04,4.08,2.56
"9235",52117,0.71,"Ideal","I","VVS2",60.6,57,2463,5.73,5.78,3.49
"9236",27715,0.36,"Premium","E","SI2",61.5,58,648,4.61,4.56,2.82
"9237",14218,1.23,"Ideal","J","VS2",61.7,57,5763,6.87,6.8,4.22
"9238",26416,2.01,"Premium","I","VS2",60.3,62,15939,8.13,8.08,4.89
"9239",38856,0.4,"Ideal","G","VVS2",62.4,56,1050,4.74,4.72,2.95
"9240",5706,0.3,"Premium","D","SI2",61.2,57,574,4.33,4.3,2.64
"9241",49126,0.56,"Ideal","D","VS2",60.6,56,2066,5.37,5.33,3.24
"9242",12005,1.01,"Premium","D","SI1",58.1,61,5147,6.66,6.59,3.85
"9243",48224,0.57,"Ideal","E","VS2",61.7,56,1949,5.36,5.34,3.3
"9244",31120,0.37,"Ideal","I","IF",61.4,55,754,4.65,4.67,2.86
"9245",22739,1.01,"Very Good","E","VVS1",63.1,59,10760,6.34,6.31,3.99
"9246",12082,1.06,"Ideal","G","SI1",62,56,5159,6.52,6.55,4.05
"9247",15227,1.25,"Very Good","H","SI1",62.4,55,6113,6.85,6.89,4.29
"9248",31822,0.41,"Premium","F","SI2",59,58,775,4.89,4.87,2.88
"9249",38737,0.45,"Ideal","I","IF",62,54,1043,4.94,4.97,3.07
"9250",17337,1.2,"Ideal","H","VS2",62.2,55,6956,6.76,6.85,4.23
"9251",52684,0.7,"Ideal","D","SI2",60.4,56,2551,5.78,5.81,3.5
"9252",51014,0.74,"Good","H","VS2",63,57,2327,5.72,5.77,3.62
"9253",21403,1.14,"Ideal","E","VS2",62.4,55,9516,6.71,6.64,4.17
"9254",1456,0.7,"Ideal","E","VS1",61.3,54,2978,5.77,5.83,3.54
"9255",28021,0.3,"Very Good","F","VS1",61.9,59,658,4.26,4.3,2.65
"9256",4017,0.91,"Good","E","SI2",63.1,61,3520,6.04,6.14,3.84
"9257",18777,1.36,"Premium","E","SI2",61.1,58,7677,7.21,7.13,4.38
"9258",19196,1.23,"Ideal","H","VS1",62.1,54,7946,6.87,6.89,4.27
"9259",18020,1.01,"Ideal","G","VS1",61.2,57,7290,6.42,6.47,3.95
"9260",10169,0.91,"Ideal","G","SI1",61.9,56,4731,6.22,6.18,3.84
"9261",6910,0.96,"Very Good","H","VS2",61.2,57,4136,6.34,6.38,3.89
"9262",14831,1.55,"Very Good","E","I1",61.6,58,5974,7.42,7.52,4.6
"9263",47283,0.3,"Good","I","SI1",63.3,59,394,4.22,4.25,2.68
"9264",24464,1.52,"Very Good","G","VS2",61.6,56,12730,7.37,7.43,4.56
"9265",12456,1,"Very Good","H","SI1",62.1,58,5247,6.44,6.45,4
"9266",4280,1,"Good","H","SI2",63.9,55,3584,6.41,6.34,4.07
"9267",13077,1,"Very Good","E","SI1",63.7,55,5413,6.35,6.4,4.06
"9268",4133,0.72,"Ideal","D","VS2",62,54.8,3543,5.73,5.76,3.56
"9269",14373,0.3,"Ideal","F","VS2",62.7,57,605,4.27,4.31,2.69
"9270",45404,0.51,"Very Good","D","VS2",62.5,58,1668,5.12,5.18,3.22
"9271",11326,1.02,"Ideal","G","SI1",62.2,57,4988,6.43,6.49,4.02
"9272",29073,0.3,"Very Good","E","VVS2",62.5,61,688,4.23,4.28,2.66
"9273",6082,1.01,"Premium","I","SI2",62.1,59,3971,6.42,6.39,3.98
"9274",7309,0.7,"Ideal","E","VVS2",61.6,56,4205,5.72,5.75,3.53
"9275",43532,0.6,"Premium","E","SI2",62,59,1426,5.41,5.37,3.34
"9276",46180,0.5,"Premium","E","VS2",62.9,59,1746,5.09,5.06,3.19
"9277",44831,0.51,"Ideal","E","SI1",62.9,57,1624,5.1,5.09,3.2
"9278",19781,1.01,"Very Good","E","VS1",59.4,59,8348,6.52,6.54,3.88
"9279",15858,1.22,"Ideal","E","SI2",62.7,57,6343,6.84,6.81,4.28
"9280",16159,1.55,"Premium","H","SI2",58,60,6458,7.61,7.58,4.41
"9281",49588,0.7,"Premium","E","SI2",62,55,2135,5.65,5.61,3.49
"9282",128,0.61,"Very Good","D","VVS2",59.6,57,2763,5.56,5.58,3.32
"9283",12646,1.01,"Fair","G","VS2",68.9,60,5294,6.06,6.02,4.17
"9284",53555,0.58,"Ideal","E","VVS2",61.8,57,2694,5.37,5.4,3.33
"9285",46637,0.3,"Ideal","G","VS2",61.3,56,526,4.28,4.3,2.63
"9286",24534,1.52,"Premium","D","SI1",59.5,61,12823,7.5,7.43,4.44
"9287",39202,0.32,"Ideal","D","VVS1",61,57,1064,4.45,4.43,2.71
"9288",43774,0.56,"Very Good","E","SI1",60.2,57,1440,5.36,5.4,3.24
"9289",2277,1.06,"Premium","F","I1",60.3,58,3158,6.59,6.56,3.96
"9290",44795,0.5,"Very Good","E","VS2",62.8,57,1624,5.04,5.12,3.19
"9291",2919,0.91,"Very Good","G","SI2",62.1,55,3287,6.16,6.21,3.84
"9292",8585,1.19,"Premium","I","SI2",61.6,56,4438,6.87,6.83,4.22
"9293",33539,0.35,"Ideal","E","VS1",61.6,57,829,4.5,4.53,2.78
"9294",24573,1.6,"Ideal","F","SI1",61,57,12871,7.54,7.6,4.62
"9295",7413,0.91,"Very Good","H","VS1",63.4,56,4224,6.18,6.12,3.9
"9296",23262,1.51,"Premium","H","VS2",62.9,59,11268,7.31,7.25,4.58
"9297",10917,1.02,"Ideal","G","SI2",61,57,4890,6.51,6.58,3.99
"9298",6441,1.09,"Premium","J","SI1",62.3,59,4046,6.55,6.59,4.09
"9299",22032,0.34,"Very Good","H","SI1",63.3,56,628,4.46,4.45,2.82
"9300",28018,0.3,"Ideal","E","VS2",60.2,57,658,4.36,4.38,2.63
"9301",36551,0.4,"Premium","E","SI1",60.1,59,945,4.82,4.76,2.88
"9302",44626,0.57,"Ideal","G","VS2",61.6,57,1608,5.32,5.36,3.29
"9303",53877,0.7,"Ideal","E","SI1",61.7,55,2745,5.71,5.74,3.53
"9304",53261,0.93,"Premium","E","I1",62.3,60,2647,6.23,6.2,3.87
"9305",23427,1.23,"Ideal","G","VVS1",61.4,55,11417,6.89,6.93,4.24
"9306",13036,0.38,"Very Good","F","SI2",61,61,600,4.61,4.67,2.83
"9307",30005,0.43,"Ideal","H","SI1",61.6,55,716,4.87,4.9,3.01
"9308",21094,1.11,"Ideal","G","VS1",61.3,55,9261,6.67,6.71,4.1
"9309",32995,0.38,"Premium","I","VS2",60.2,58,812,4.75,4.69,2.84
"9310",10919,0.9,"Premium","H","VVS1",62.3,59,4890,6.15,6.09,3.81
"9311",44588,0.58,"Ideal","D","SI2",60.9,56,1607,5.4,5.44,3.3
"9312",46039,0.57,"Ideal","E","SI1",61.8,57,1728,5.33,5.28,3.28
"9313",31247,0.37,"Very Good","E","VS2",60.6,58,757,4.62,4.65,2.81
"9314",23594,1.58,"Ideal","G","SI1",60.7,56,11610,7.56,7.6,4.6
"9315",3263,1.02,"Very Good","J","SI2",63.1,58,3359,6.38,6.34,4.01
"9316",39904,0.35,"Ideal","H","IF",61.7,54,1103,4.55,4.53,2.8
"9317",1056,0.25,"Premium","E","VS1",60.7,59,558,4.13,4.11,2.5
"9318",45614,0.69,"Fair","G","SI2",65.4,63,1691,5.49,5.43,3.57
"9319",21463,1.52,"Premium","I","VS1",61.1,58,9557,7.44,7.38,4.53
"9320",52595,0.7,"Ideal","H","VVS1",62,57,2541,5.66,5.7,3.52
"9321",13421,1.2,"Premium","I","SI1",61.1,58,5510,6.88,6.8,4.18
"9322",20714,0.31,"Ideal","G","VS1",61.4,56,625,4.36,4.37,2.68
"9323",32881,0.4,"Very Good","J","VS1",63.2,57,810,4.73,4.7,2.98
"9324",53123,0.74,"Fair","E","SI2",66.7,62,2617,5.49,5.43,3.64
"9325",10891,1.11,"Premium","G","SI2",60.7,56,4882,6.73,6.68,4.07
"9326",34185,0.33,"Premium","G","VS1",62,59,854,4.42,4.36,2.72
"9327",12784,0.9,"Very Good","D","VS1",60.3,58,5331,6.23,6.28,3.77
"9328",40004,0.41,"Premium","F","VS2",62.6,58,1107,4.81,4.75,2.99
"9329",43307,0.5,"Very Good","F","VS2",62.8,57,1402,5.05,5.08,3.18
"9330",8357,1.02,"Fair","D","SI1",70.6,57,4398,6.08,6.01,4.27
"9331",9539,1.01,"Very Good","H","SI1",58.5,56,4619,6.6,6.69,3.89
"9332",50319,0.78,"Ideal","G","SI2",61.9,55,2240,5.91,5.94,3.67
"9333",20273,1.52,"Premium","I","SI1",60.5,60,8694,7.4,7.48,4.5
"9334",12910,1.2,"Very Good","J","VS1",63.1,59,5376,6.75,6.65,4.23
"9335",1771,0.91,"Premium","G","SI2",62.8,59,3047,6.14,6.12,3.85
"9336",35189,0.31,"Ideal","G","IF",62.1,54,891,4.38,4.41,2.73
"9337",3317,0.86,"Premium","F","SI1",62.6,58,3372,6.01,6.06,3.78
"9338",27072,2.14,"Premium","I","VS2",60.7,59,17193,8.33,8.28,5.04
"9339",52724,0.76,"Very Good","H","SI1",61.4,57,2557,5.89,5.94,3.63
"9340",36578,0.4,"Very Good","G","VVS2",59.2,63,945,4.88,4.81,2.87
"9341",16109,1,"Very Good","D","VS2",63.1,59,6440,6.26,6.36,3.98
"9342",47725,0.54,"Very Good","E","VS1",61.8,58,1889,5.23,5.28,3.25
"9343",15114,1.01,"Very Good","F","SI1",62.9,57,6075,6.35,6.4,4.01
"9344",29070,0.34,"Ideal","E","VS1",62,57,687,4.44,4.49,2.77
"9345",40911,0.42,"Good","G","VVS1",63.6,55,1179,4.75,4.78,3.03
"9346",7941,1.02,"Premium","F","SI2",60.3,59,4318,6.53,6.5,3.93
"9347",47357,0.56,"Ideal","D","VS2",62.7,57,1846,5.28,5.25,3.3
"9348",15966,1.23,"Ideal","I","SI1",61.8,58,6389,6.87,6.91,4.26
"9349",38420,0.3,"Premium","E","IF",61.9,58,1026,4.26,4.3,2.65
"9350",796,0.71,"Very Good","F","VVS1",63.2,60,2862,5.65,5.61,3.56
"9351",28532,0.33,"Ideal","I","IF",62,54,675,4.46,4.48,2.77
"9352",24934,2.01,"Premium","H","SI1",60.6,59,13387,8.23,8.17,4.97
"9353",12976,1.07,"Ideal","E","SI2",61.4,57,5393,6.62,6.57,4.05
"9354",10729,0.31,"Ideal","D","SI2",62,56,593,4.35,4.33,2.69
"9355",501,0.71,"Ideal","D","SI1",60.2,56,2822,5.86,5.83,3.52
"9356",53319,0.71,"Good","E","SI1",59.2,61,2651,5.8,5.85,3.45
"9357",25443,1.5,"Ideal","F","VS2",62.4,55,14199,7.31,7.25,4.54
"9358",39972,0.39,"Very Good","F","VVS1",60.8,57,1107,4.72,4.75,2.88
"9359",7419,1.02,"Fair","F","SI1",61.8,50,4227,6.59,6.51,4.05
"9360",22758,1.02,"Premium","D","VVS2",61.4,58,10773,6.46,6.43,3.96
"9361",13053,1.09,"Ideal","D","SI2",61.7,59,5410,6.64,6.62,4.09
"9362",28736,0.31,"Ideal","E","VS2",61.8,56,680,4.34,4.36,2.69
"9363",3819,0.9,"Premium","I","SI1",62.1,59,3468,6.2,6.17,3.84
"9364",12482,1.21,"Good","I","SI1",62.7,59,5252,6.63,6.71,4.18
"9365",5694,1.01,"Very Good","I","SI1",62,54,3888,6.36,6.51,3.99
"9366",47648,0.23,"Ideal","F","VVS2",61.9,57,530,3.93,3.96,2.44
"9367",48745,0.71,"Good","D","SI2",56.6,63,2015,5.9,5.76,3.3
"9368",38191,0.41,"Ideal","D","SI1",62.6,57,1015,4.78,4.74,2.98
"9369",33338,0.41,"Ideal","G","VS2",61.4,54,827,4.77,4.84,2.95
"9370",42175,0.51,"Ideal","F","SI2",61.4,56,1286,5.14,5.18,3.17
"9371",25634,1.51,"Premium","G","VS1",60.1,58,14507,7.48,7.45,4.49
"9372",14877,1.15,"Ideal","H","VS2",62.6,57,5989,6.75,6.69,4.21
"9373",12844,1.25,"Ideal","I","SI2",62,57,5355,6.92,6.85,4.27
"9374",13273,1.2,"Ideal","G","SI2",62.2,56,5484,6.84,6.74,4.22
"9375",10944,1.01,"Good","F","SI1",63.8,59,4899,6.29,6.32,4.02
"9376",43803,0.58,"Ideal","D","SI2",61.2,57,1442,5.4,5.36,3.29
"9377",3752,0.78,"Ideal","D","SI2",61.4,57,3454,5.91,5.94,3.64
"9378",50273,0.7,"Very Good","E","SI1",62.8,56,2239,5.69,5.72,3.58
"9379",45794,0.51,"Very Good","G","VS1",63.4,57,1709,5.08,5.04,3.21
"9380",23680,1.22,"Ideal","F","VVS2",61.9,53,11730,6.9,6.92,4.28
"9381",28917,0.3,"Premium","G","VVS2",62,58,684,4.26,4.29,2.65
"9382",26962,1.75,"Very Good","G","VS1",59.6,60,17036,7.76,7.9,4.67
"9383",37419,0.36,"Premium","F","VVS2",62.7,58,983,4.55,4.51,2.84
"9384",5407,1,"Good","E","SI2",63.7,61,3819,6.27,6.32,4.01
"9385",5461,1,"Fair","G","SI1",68.2,60,3833,6.02,5.94,4.08
"9386",25788,2.01,"Very Good","H","SI2",62.7,60,14768,7.94,8.03,5.01
"9387",29064,0.4,"Good","E","SI1",63.9,55,687,4.67,4.72,3
"9388",2693,0.9,"Premium","G","SI2",62.1,58,3246,6.13,6.08,3.79
"9389",37928,0.3,"Good","H","SI2",63.9,57,485,4.27,4.24,2.72
"9390",3842,0.9,"Fair","D","SI2",64.5,61,3473,6.1,6,3.9
"9391",8375,0.31,"Premium","F","VS2",59.4,58,583,4.37,4.45,2.62
"9392",30730,0.32,"Ideal","F","VVS2",62.1,54,739,4.42,4.44,2.75
"9393",32409,0.41,"Ideal","D","SI1",62.7,56,791,4.73,4.78,2.98
"9394",28284,0.23,"Ideal","G","SI1",62.1,53,364,3.93,3.96,2.45
"9395",21727,2.01,"Premium","J","SI1",61.7,60,9793,8.12,8.09,5
"9396",32649,0.31,"Ideal","H","VVS2",62.6,56,802,4.37,4.32,2.72
"9397",47244,0.62,"Premium","G","VS2",61.1,59,1841,5.56,5.5,3.38
"9398",6884,1.09,"Ideal","J","VS2",61.3,57,4131,6.63,6.61,4.06
"9399",8605,1.01,"Premium","G","SI2",62.4,58,4442,6.41,6.38,3.99
"9400",42891,0.51,"Premium","D","SI2",62,58,1359,5.12,5.08,3.16
"9401",48687,0.77,"Fair","J","VS1",61.2,66,2005,5.92,5.83,3.6
"9402",32327,0.3,"Premium","E","VVS2",61.5,60,789,4.28,4.31,2.64
"9403",16160,1.5,"Premium","H","SI2",62.1,58,6458,7.31,7.21,4.51
"9404",2665,0.72,"Ideal","D","VS2",60.9,55,3236,5.77,5.89,3.55
"9405",15474,1,"Very Good","D","SI1",60.3,58,6196,6.44,6.49,3.9
"9406",46085,0.6,"Ideal","E","SI1",61.5,56,1738,5.39,5.51,3.35
"9407",336,0.71,"Premium","F","VS2",58,62,2803,5.85,5.81,3.38
"9408",10568,0.91,"Premium","D","SI1",60.2,58,4816,6.31,6.28,3.79
"9409",35004,0.42,"Ideal","G","SI1",63,55,882,4.81,4.77,3.02
"9410",36834,0.3,"Ideal","E","IF",62.2,55,957,4.32,4.36,2.7
"9411",811,0.71,"Ideal","D","SI1",61.7,57,2863,5.75,5.7,3.53
"9412",19903,1.06,"Ideal","G","VS1",62.3,55,8451,6.5,6.53,4.06
"9413",41089,0.41,"Ideal","F","VVS2",62.5,56,1192,4.75,4.72,2.96
"9414",8806,1.01,"Very Good","I","SI1",64.2,55,4475,6.28,6.34,4.05
"9415",18137,1.06,"Very Good","D","VS2",62.8,55,7345,6.53,6.56,4.11
"9416",17393,0.32,"Ideal","D","SI2",59.8,57,612,4.46,4.4,2.65
"9417",47961,0.51,"Ideal","G","VVS1",61.9,53,1919,5.14,5.2,3.2
"9418",49983,0.73,"Premium","F","SI1",60.6,59,2190,5.81,5.77,3.51
"9419",19994,1.01,"Ideal","F","VVS2",61.8,56,8532,6.46,6.49,4
"9420",21153,1.18,"Premium","G","VVS2",62.8,57,9304,6.77,6.71,4.23
"9421",13677,1.02,"Very Good","H","VS1",62.8,59,5598,6.34,6.47,4.02
"9422",46303,0.3,"Good","G","VS2",63.1,56,526,4.25,4.28,2.69
"9423",10025,0.23,"Premium","I","VVS1",60.5,61,414,3.98,3.95,2.4
"9424",28468,0.45,"Ideal","J","VS2",61.4,55,672,4.94,4.97,3.04
"9425",7880,0.92,"Ideal","E","SI2",62.6,57,4309,6.22,6.18,3.88
"9426",28994,0.34,"Ideal","F","VS2",61,57,686,4.48,4.5,2.74
"9427",43938,0.3,"Very Good","D","SI1",58.8,57,515,4.4,4.44,2.6
"9428",7336,1.01,"Good","G","SI2",62.8,61,4210,6.31,6.37,3.98
"9429",9334,0.9,"Very Good","E","VS2",62.9,57,4580,6.16,6.18,3.88
"9430",49504,0.55,"Ideal","H","IF",61.5,55,2120,5.25,5.29,3.25
"9431",19426,1,"Very Good","D","VS1",60.5,59,8077,6.43,6.46,3.9
"9432",8230,1,"Very Good","F","SI2",61.1,61,4372,6.35,6.38,3.89
"9433",32410,0.41,"Premium","D","SI1",62.1,59,791,4.74,4.76,2.95
"9434",25959,2.01,"Ideal","I","SI1",62.5,57,15140,8.08,8.01,5.03
"9435",53753,0.72,"Premium","F","VS2",61.6,58,2724,5.76,5.73,3.54
"9436",15404,1.02,"Premium","G","VS2",59.2,59,6169,6.66,6.58,3.92
"9437",47276,0.7,"Premium","J","SI1",62.8,59,1844,5.65,5.6,3.53
"9438",40183,0.51,"Good","H","SI1",63.4,57,1119,5.06,5.09,3.22
"9439",8776,1,"Good","H","SI1",57.9,54,4469,6.68,6.62,3.85
"9440",817,0.71,"Premium","E","SI1",59.1,61,2863,5.84,5.8,3.44
"9441",22376,0.31,"Ideal","H","VS2",63,57,628,4.34,4.32,2.73
"9442",18069,1.08,"Ideal","G","VS2",62.3,57,7295,6.53,6.57,4.08
"9443",32394,0.31,"Ideal","E","VVS2",61.6,55,791,4.37,4.4,2.7
"9444",27308,2.17,"Ideal","H","SI2",62,56,17805,8.25,8.29,5.13
"9445",52900,0.78,"Very Good","F","SI2",62.4,59,2586,5.86,5.91,3.67
"9446",15574,1.3,"Premium","I","VS2",62.7,58,6246,6.97,6.9,4.35
"9447",21445,1.6,"Ideal","H","SI1",62.7,56,9548,7.51,7.39,4.67
"9448",23255,1.51,"Very Good","E","SI1",61.4,60,11263,7.3,7.38,4.51
"9449",10760,1.01,"Good","E","SI1",60.9,64,4853,6.29,6.22,3.81
"9450",52876,0.53,"Good","E","VVS2",63.4,61,2582,5.11,5.18,3.26
"9451",48528,0.74,"Ideal","J","VS1",61.2,56,1985,5.82,5.87,3.58
"9452",34881,0.3,"Ideal","G","VVS2",62.2,55,878,4.33,4.29,2.68
"9453",50493,0.7,"Premium","G","SI2",61.9,58,2268,5.64,5.6,3.48
"9454",11794,1.12,"Very Good","G","SI1",62.5,58,5088,6.6,6.64,4.14
"9455",11988,1.03,"Ideal","G","SI1",60.3,58,5143,6.57,6.62,3.98
"9456",27917,0.32,"Very Good","D","VS2",62.9,59,657,4.36,4.39,2.75
"9457",21913,1.32,"Ideal","G","VS1",62.6,56,9979,7.05,7,4.4
"9458",22180,1.5,"Ideal","G","SI1",61.7,56,10219,7.36,7.32,4.53
"9459",1554,0.76,"Ideal","E","SI1",61.5,56,3003,5.89,5.91,3.63
"9460",3570,0.75,"Ideal","E","SI1",61.4,56,3419,5.83,5.89,3.6
"9461",34393,0.34,"Ideal","G","VVS1",61.3,55,863,4.54,4.56,2.79
"9462",43398,0.5,"Very Good","H","VS2",61.2,55,1411,5.12,5.16,3.15
"9463",790,0.82,"Premium","E","SI2",61.7,59,2861,6.01,5.98,3.7
"9464",1394,0.32,"Ideal","E","SI1",61,56,559,4.41,4.45,2.7
"9465",25410,2.23,"Premium","J","SI1",62.4,59,14129,8.33,8.36,5.21
"9466",18660,1.31,"Premium","F","SI1",62.6,58,7625,6.98,7.02,4.38
"9467",29241,0.37,"Very Good","F","VS2",59.2,61,696,4.63,4.69,2.76
"9468",10397,0.31,"Very Good","G","SI1",63.1,59,593,4.33,4.29,2.72
"9469",43418,0.52,"Ideal","G","SI1",61.2,55,1413,5.17,5.22,3.18
"9470",34487,0.43,"Premium","G","VS2",61.1,59,867,4.83,4.86,2.96
"9471",33976,0.3,"Premium","F","IF",61.6,58,846,4.3,4.34,2.66
"9472",4767,0.93,"Premium","G","SI2",62.2,55,3689,6.27,6.24,3.89
"9473",4020,0.9,"Ideal","G","SI2",62.5,56,3521,6.15,6.2,3.86
"9474",32961,0.32,"Ideal","G","SI1",61.4,55,461,4.4,4.46,2.72
"9475",32540,0.27,"Premium","E","VVS1",60.6,58,799,4.2,4.18,2.54
"9476",41375,0.51,"Good","F","SI1",63.6,56,1220,5.08,5.11,3.24
"9477",41787,0.55,"Ideal","H","SI1",61.5,54,1248,5.3,5.33,3.27
"9478",24289,1.75,"Ideal","I","VS2",61.6,55,12531,7.72,7.77,4.77
"9479",39562,0.36,"Ideal","E","VS2",60.2,56,1080,4.65,4.62,2.79
"9480",25590,1.43,"Ideal","E","VVS2",62.4,57,14429,7.25,7.15,4.49
"9481",17046,0.28,"Ideal","E","VVS2",60.7,57,612,4.22,4.25,2.57
"9482",50105,0.72,"Very Good","J","VVS1",60.1,58,2208,5.8,5.84,3.5
"9483",31096,0.36,"Very Good","H","VVS1",62,55,753,4.57,4.6,2.84
"9484",53180,0.73,"Ideal","G","SI1",61.4,58,2630,5.77,5.79,3.55
"9485",38003,0.43,"Premium","G","VS1",62.2,59,1008,4.84,4.81,3
"9486",40889,0.42,"Premium","F","VS1",62.7,61,1176,4.77,4.74,2.98
"9487",12959,1.21,"Ideal","I","VS2",62.3,58,5387,6.79,6.75,4.22
"9488",50324,0.71,"Good","G","SI1",64.1,58,2240,5.6,5.63,3.6
"9489",26654,1.53,"Premium","G","VVS1",60.6,58,16451,7.45,7.49,4.53
"9490",22531,1.56,"Ideal","F","SI2",61.2,55,10571,7.47,7.57,4.6
"9491",9263,1.01,"Very Good","E","SI2",63.2,59,4561,6.38,6.34,4.02
"9492",15359,1.05,"Ideal","H","VS2",62.6,56,6165,6.45,6.5,4.05
"9493",36817,0.51,"Premium","F","SI2",62.9,59,956,5.11,5.07,3.2
"9494",51499,0.71,"Very Good","G","VS2",64.5,57,2382,5.56,5.6,3.6
"9495",37691,0.43,"Very Good","H","VS2",63.4,55,994,4.82,4.86,3.07
"9496",1162,0.71,"Ideal","I","IF",61.5,56,2925,5.74,5.77,3.54
"9497",6652,0.9,"Premium","E","SI1",62.7,62,4092,6.22,6.1,3.85
"9498",40798,0.43,"Ideal","F","VVS2",62.2,55,1169,4.83,4.85,3.01
"9499",30558,0.31,"Ideal","D","VS2",60.4,56,734,4.39,4.42,2.66
"9500",2662,0.7,"Very Good","E","VS1",61.9,61,3235,5.59,5.65,3.48
"9501",38002,0.43,"Premium","G","VS1",61,58,1008,4.92,4.89,2.99
"9502",43200,0.53,"Very Good","E","SI1",61.6,58,1395,5.19,5.23,3.21
"9503",52723,0.73,"Very Good","H","VS1",61.4,58,2557,5.75,5.85,3.56
"9504",33579,0.38,"Ideal","H","VVS2",62.5,53.4,832,4.63,4.66,2.9
"9505",41450,0.4,"Ideal","G","IF",61.7,57,1229,4.7,4.73,2.91
"9506",35494,0.41,"Very Good","F","SI1",63.3,58,904,4.74,4.71,2.99
"9507",34111,0.33,"Premium","G","IF",59.4,59,853,4.49,4.54,2.68
"9508",27848,0.3,"Ideal","D","VS1",61,57,651,4.31,4.32,2.63
"9509",2311,0.92,"Premium","H","SI1",60.7,59,3165,6.34,6.25,3.82
"9510",17242,1.6,"Premium","F","SI2",61.8,57,6899,7.51,7.46,4.63
"9511",46024,0.57,"Ideal","E","VS2",60.8,56,1728,5.35,5.4,3.27
"9512",31267,0.32,"Very Good","I","VS2",63,55,449,4.34,4.39,2.75
"9513",34394,0.34,"Ideal","G","VVS1",61.9,54,863,4.49,4.52,2.79
"9514",5441,0.77,"Very Good","G","VVS2",62.8,58,3829,5.84,5.78,3.65
"9515",27657,1.49,"Ideal","F","VVS2",61.1,58,18614,7.36,7.38,4.5
"9516",22413,1.19,"Ideal","F","VVS2",61.7,56,10436,6.82,6.85,4.22
"9517",46675,0.59,"Premium","E","SI1",61.8,60,1789,5.39,5.33,3.31
"9518",36889,0.35,"Ideal","G","IF",60.2,57,959,4.6,4.64,2.78
"9519",1326,0.71,"Very Good","H","VVS2",61.8,56,2960,5.7,5.73,3.53
"9520",43330,0.4,"Good","F","IF",63.5,58,1404,4.69,4.7,2.98
"9521",9844,1.05,"Ideal","F","SI2",60.9,56,4675,6.64,6.56,4.02
"9522",30395,0.33,"Ideal","H","VVS1",61.5,56,730,4.46,4.49,2.75
"9523",7537,0.7,"Very Good","D","VVS1",62.7,54,4244,5.67,5.71,3.57
"9524",13739,0.41,"Premium","F","SI2",59,58,604,4.87,4.89,2.88
"9525",45788,0.64,"Ideal","J","VVS2",62.4,57,1709,5.48,5.51,3.43
"9526",48375,0.68,"Very Good","F","SI1",60.1,57.9,1964,5.69,5.74,3.43
"9527",47909,0.58,"Very Good","F","VS2",60.7,63,1914,5.39,5.36,3.26
"9528",11541,1.54,"Premium","J","SI1",61.1,58,5028,7.48,7.41,4.55
"9529",21158,1.54,"Premium","I","SI1",60.1,58,9314,7.53,7.48,4.51
"9530",7885,1.21,"Premium","F","SI2",62.4,60,4310,6.77,6.73,4.21
"9531",31035,0.31,"Good","F","VS2",63.6,54,749,4.33,4.28,2.74
"9532",34604,0.27,"Very Good","E","VS1",60.2,58,470,4.19,4.22,2.53
"9533",40597,0.37,"Ideal","J","SI1",60.5,57,497,4.63,4.66,2.81
"9534",2206,1.02,"Very Good","E","I1",60.6,63,3141,6.46,6.52,3.93
"9535",20406,1.51,"Premium","J","VVS2",62.5,59,8770,7.29,7.34,4.57
"9536",28306,0.3,"Very Good","H","SI1",60.9,59,432,4.29,4.31,2.62
"9537",43930,0.3,"Ideal","I","VVS2",62.6,56,515,4.26,4.3,2.68
"9538",49353,0.51,"Ideal","G","IF",62.4,54,2096,5.12,5.17,3.21
"9539",6244,0.91,"Very Good","I","VS2",59.9,58,4008,6.35,6.27,3.78
"9540",50099,0.71,"Very Good","H","SI1",63.5,57,2207,5.67,5.64,3.59
"9541",6582,0.9,"Ideal","D","SI2",62.4,56,4078,6.16,6.24,3.87
"9542",27653,1.71,"Ideal","G","VVS2",62.1,55,18599,7.63,7.66,4.75
"9543",51348,0.8,"Good","G","SI2",62.8,58,2363,5.86,5.9,3.69
"9544",42862,0.51,"Very Good","E","SI1",60.9,57,1357,5.17,5.2,3.16
"9545",30656,0.31,"Very Good","D","VS1",62.3,56,736,4.33,4.37,2.71
"9546",26520,1.5,"Premium","E","VS1",62.5,58,16169,7.28,7.21,4.53
"9547",7092,1.01,"Very Good","I","SI1",62.9,58,4166,6.34,6.37,4
"9548",26398,2.14,"Premium","I","SI2",60.1,58,15915,8.41,8.37,5.04
"9549",38336,0.32,"Ideal","E","VVS1",61.9,55,1020,4.41,4.38,2.72
"9550",52870,0.88,"Good","I","SI1",60.2,64,2581,6.22,6.18,3.73
"9551",53423,0.71,"Premium","G","VS2",60.3,60,2671,5.76,5.81,3.49
"9552",51025,0.72,"Ideal","D","SI2",61.2,57,2328,5.76,5.8,3.54
"9553",27247,2.39,"Premium","I","VS1",61.2,60,17642,8.63,8.6,5.27
"9554",6302,0.9,"Premium","G","VS2",61,58,4022,6.2,6.13,3.76
"9555",44305,0.56,"Ideal","D","SI1",62.3,57,1578,5.24,5.26,3.27
"9556",10022,0.34,"Ideal","D","I1",61.4,55,413,4.5,4.52,2.77
"9557",51064,0.64,"Very Good","D","VS2",58.6,59,2332,5.7,5.74,3.35
"9558",38401,0.35,"Premium","H","VVS1",61.2,60,1024,4.54,4.51,2.77
"9559",36933,0.24,"Very Good","F","VVS1",57.2,63,478,4.1,4.15,2.36
"9560",3102,0.71,"Ideal","D","VS2",61.2,57,3321,5.73,5.77,3.52
"9561",5877,0.91,"Good","F","SI1",63.7,58,3924,6.09,6.02,3.86
"9562",8808,1.31,"Premium","J","SI1",60.7,58,4475,7.11,7.06,4.3
"9563",23232,2.06,"Ideal","J","SI2",61.9,55,11234,8.19,8.23,5.08
"9564",9125,0.91,"Very Good","G","VS1",63.1,61,4536,6.13,6.07,3.85
"9565",25988,1.72,"Ideal","H","VS2",61.9,56,15197,7.7,7.75,4.78
"9566",32117,0.4,"Good","G","VS1",63.4,56,783,4.68,4.72,2.98
"9567",30567,0.31,"Ideal","D","VS2",62.1,54,734,4.34,4.36,2.7
"9568",29642,0.35,"Premium","F","VS2",62,59,706,4.51,4.55,2.81
"9569",45645,0.25,"Ideal","G","VVS2",62.1,56,525,4.02,4.05,2.5
"9570",16385,1.04,"Ideal","G","VS2",62.8,56,6542,6.48,6.42,4.05
"9571",20326,1.5,"Premium","I","SI1",62,62,8736,7.35,7.3,4.54
"9572",21807,1.5,"Good","H","VS1",63.8,61,9878,7.17,7.12,4.56
"9573",33802,0.4,"Ideal","F","VS2",62,57,842,4.68,4.74,2.92
"9574",53826,0.7,"Very Good","F","VS2",61.7,63,2737,5.61,5.64,3.47
"9575",309,0.83,"Ideal","G","SI1",62.3,57,2800,5.99,6.08,3.76
"9576",36326,0.32,"Ideal","G","VVS2",61.6,55,936,4.42,4.41,2.72
"9577",15517,1.48,"Premium","H","SI2",59.7,59,6216,7.46,7.42,4.44
"9578",24638,1.71,"Ideal","E","SI2",62.7,55,12978,7.62,7.69,4.8
"9579",23302,1.54,"Ideal","G","SI1",61.5,55,11333,7.4,7.45,4.57
"9580",10382,0.32,"Good","F","SI1",63.8,59,593,4.33,4.29,2.75
"9581",3917,0.72,"Ideal","D","VS2",62.6,58,3495,5.7,5.73,3.58
"9582",36375,0.59,"Premium","G","I1",59.7,59,940,5.48,5.45,3.26
"9583",23961,2.54,"Very Good","I","SI2",63.4,56,12095,8.68,8.64,5.49
"9584",48782,0.58,"Very Good","G","VVS2",59.1,59.6,2021,5.39,5.42,3.19
"9585",40368,0.33,"Ideal","E","VVS1",61.6,55,1130,4.44,4.46,2.74
"9586",20858,1.01,"Ideal","F","VS1",62.2,56,9077,6.4,6.46,4
"9587",42600,0.5,"Good","E","SI1",58.5,59,1331,5.2,5.23,3.05
"9588",42402,0.57,"Ideal","F","SI2",62.2,53,1308,5.34,5.4,3.34
"9589",37175,0.32,"Ideal","D","VS2",61.6,56,972,4.4,4.37,2.7
"9590",10477,1.22,"Very Good","J","VS2",61.9,57,4793,6.82,6.87,4.24
"9591",8903,1.08,"Ideal","H","SI2",61.8,55,4491,6.57,6.6,4.07
"9592",42747,0.51,"Good","E","SI1",63.2,61,1343,5.05,5.08,3.2
"9593",2485,0.83,"Very Good","G","VS2",62.7,58,3195,5.97,6.03,3.76
"9594",17628,1.5,"Premium","G","SI2",62.1,60,7098,7.34,7.28,4.54
"9595",22005,2.52,"Fair","G","I1",66.9,57,10076,8.39,8.33,5.6
"9596",46043,0.5,"Very Good","G","VVS2",61.3,57,1729,5.12,5.15,3.15
"9597",39836,0.51,"Ideal","E","SI2",61,56,1098,5.16,5.2,3.16
"9598",28832,0.41,"Premium","E","SI2",61.3,59,683,4.8,4.85,2.96
"9599",25170,2.1,"Premium","I","VS2",59.2,60,13753,8.38,8.35,4.95
"9600",5507,0.91,"Premium","E","SI2",61.6,60,3846,6.14,6.1,3.77
"9601",47248,0.5,"Ideal","G","VVS2",62.2,56,1842,5.08,5.11,3.17
"9602",48805,0.5,"Ideal","F","VVS2",62.2,54,2025,5.07,5.12,3.17
"9603",30065,0.3,"Ideal","D","VS1",62,57,720,4.27,4.31,2.66
"9604",29485,0.4,"Very Good","G","SI1",62.8,60,702,4.66,4.7,2.94
"9605",30701,0.4,"Good","E","SI1",63.5,56,737,4.67,4.72,2.98
"9606",17476,1,"Good","F","VVS2",56.5,63,7016,6.65,6.62,3.75
"9607",33154,0.31,"Premium","G","VVS1",59.5,60,816,4.39,4.41,2.62
"9608",4909,0.7,"Very Good","E","VVS1",62.5,56,3724,5.63,5.7,3.54
"9609",25023,0.3,"Ideal","E","SI1",61.3,56,640,4.34,4.37,2.67
"9610",48703,0.56,"Very Good","G","VVS2",61.4,57,2010,5.26,5.32,3.25
"9611",53087,0.71,"Ideal","D","SI2",61.1,57,2612,5.77,5.79,3.53
"9612",15082,1.11,"Very Good","H","VS1",63.2,57,6061,6.61,6.53,4.15
"9613",41347,0.4,"Very Good","E","VVS1",60,58,1217,4.77,4.8,2.87
"9614",15295,1.4,"Ideal","J","SI1",62.7,57,6139,7.13,7.09,4.46
"9615",2405,0.67,"Very Good","G","VVS1",62,56,3178,5.6,5.62,3.48
"9616",41639,0.32,"Premium","J","VS2",61.9,59,504,4.38,4.35,2.7
"9617",37882,0.4,"Ideal","E","VS1",61.2,55,1005,4.79,4.76,2.92
"9618",25698,0.35,"Very Good","D","SI1",63,57,644,4.46,4.52,2.83
"9619",9899,1.2,"Premium","J","SI2",58.7,59,4685,6.99,6.94,4.09
"9620",47935,0.56,"Ideal","E","VS2",61.7,54,1915,5.35,5.28,3.28
"9621",10161,0.91,"Premium","E","SI1",59.8,59,4729,6.28,6.23,3.74
"9622",14209,1.13,"Ideal","G","SI1",61.8,55,5759,6.71,6.75,4.16
"9623",52167,0.81,"Good","G","SI2",59.2,64,2474,6.11,6.15,3.63
"9624",44,0.26,"Good","D","VS1",58.4,63,403,4.19,4.24,2.46
"9625",34973,0.23,"Very Good","E","VVS1",61.8,59,472,3.89,3.91,2.41
"9626",49955,0.3,"Very Good","H","SI1",63.4,58,540,4.29,4.26,2.71
"9627",31151,0.41,"Ideal","F","SI1",62.7,57,755,4.7,4.74,2.96
"9628",33612,0.31,"Very Good","D","SI2",62.9,59,462,4.28,4.31,2.7
"9629",14898,1.02,"Premium","D","SI1",62.5,59,5998,6.4,6.34,3.98
"9630",32804,0.34,"Ideal","E","VS1",62.4,55,805,4.44,4.47,2.78
"9631",52086,0.77,"Premium","H","SI1",61.6,60,2457,5.91,5.87,3.59
"9632",9811,1.21,"Premium","I","VS2",61.6,61,4669,6.86,6.8,4.21
"9633",24604,1.75,"Good","D","SI1",63.8,57,12918,7.63,7.53,4.84
"9634",23813,1.51,"Premium","E","SI1",63,58,11873,7.33,7.27,4.6
"9635",14508,1.09,"Premium","H","VS1",60.2,59,5860,6.71,6.67,4.03
"9636",14711,0.3,"Ideal","F","VS2",61.6,57,605,4.28,4.32,2.65
"9637",24962,1.71,"Very Good","H","VS2",62.6,59,13445,7.54,7.58,4.73
"9638",10537,1,"Premium","E","SI1",61,61,4805,6.45,6.4,3.92
"9639",33887,0.3,"Ideal","E","VS2",62.8,56,844,4.32,4.28,2.7
"9640",49616,0.9,"Fair","H","SI2",64.4,59,2138,6.03,5.99,3.87
"9641",16033,0.3,"Premium","I","VS1",62,58,608,4.3,4.25,2.65
"9642",30351,0.4,"Ideal","I","VVS2",61.9,56.4,728,4.72,4.74,2.93
"9643",14913,2.03,"Fair","H","I1",64.4,59,6002,7.91,7.85,5.07
"9644",38115,0.3,"Ideal","H","IF",60.8,56,1013,4.37,4.35,2.65
"9645",47690,0.59,"Premium","H","VVS1",62,58,1883,5.36,5.38,3.33
"9646",34424,0.3,"Ideal","G","IF",60.9,56,863,4.34,4.36,2.65
"9647",33346,0.41,"Premium","G","VS2",62.6,58,827,4.71,4.74,2.96
"9648",48143,0.6,"Good","F","VS2",58.8,60.7,1940,5.52,5.55,3.25
"9649",39711,0.44,"Premium","D","SI1",61.9,59,1089,4.9,4.86,3.02
"9650",2855,0.8,"Good","E","VS2",63.4,56,3273,5.88,5.92,3.74
"9651",33233,0.37,"Ideal","D","SI1",61.1,57,823,4.63,4.64,2.83
"9652",19287,1,"Premium","G","VVS1",62.1,59,8008,6.29,6.4,3.94
"9653",16570,1.01,"Ideal","G","VS1",61.2,57,6618,6.47,6.41,3.94
"9654",49852,0.87,"Premium","F","I1",59.1,58,2170,6.25,6.21,3.68
"9655",2068,0.32,"Ideal","E","SI1",61.9,56,561,4.39,4.43,2.73
"9656",39041,0.37,"Ideal","G","IF",61.5,56,1056,4.6,4.64,2.84
"9657",15019,1,"Premium","G","VS2",61.3,62,6048,6.43,6.32,3.91
"9658",15677,1.23,"Ideal","E","SI2",61.2,55,6288,6.92,7.01,4.26
"9659",23927,1.06,"Ideal","D","VVS2",62,56,12053,6.53,6.57,4.06
"9660",3909,0.71,"Very Good","F","VVS2",60.6,58,3494,5.76,5.79,3.5
"9661",21883,1.5,"Premium","G","SI1",60,61,9954,7.48,7.43,4.47
"9662",100,0.8,"Premium","H","SI1",61.5,58,2760,5.97,5.93,3.66
"9663",50774,0.81,"Fair","F","SI2",68.8,79,2301,5.26,5.2,3.58
"9664",1641,0.7,"Ideal","G","VS1",61.1,56,3017,5.72,5.74,3.5
"9665",27559,2.07,"Premium","I","VS2",61.2,58,18359,8.2,8.18,5.01
"9666",28883,0.32,"Very Good","F","SI1",63.2,55,684,4.4,4.37,2.77
"9667",8558,1.01,"Ideal","E","SI2",62.1,56,4434,6.43,6.39,3.98
"9668",20558,1.2,"Very Good","F","VS2",63.5,57,8870,6.73,6.65,4.25
"9669",49118,0.67,"Very Good","I","IF",61.4,56,2066,5.59,5.65,3.45
"9670",32826,0.34,"Ideal","E","VS1",60.8,57,805,4.49,4.53,2.74
"9671",48309,0.39,"Ideal","I","SI1",62.4,54,534,4.67,4.69,2.92
"9672",1794,0.77,"Ideal","F","VS2",61.2,57,3052,5.93,5.97,3.64
"9673",49685,0.72,"Premium","H","SI2",61.8,56,2144,5.79,5.73,3.56
"9674",1969,0.71,"Ideal","D","VS1",62.5,57,3090,5.71,5.68,3.56
"9675",3151,0.92,"Ideal","J","VS1",62.4,56,3332,6.23,6.19,3.88
"9676",454,0.71,"Ideal","E","VS2",62.7,57,2817,5.66,5.64,3.54
"9677",44696,0.65,"Premium","G","SI1",61.9,58,1612,5.54,5.51,3.42
"9678",28678,0.24,"Ideal","F","VVS1",61.8,55,678,4,4.03,2.48
"9679",41811,0.54,"Good","E","SI2",63.8,54,1250,5.18,5.17,3.3
"9680",8624,1.07,"Premium","F","SI2",61.7,58,4446,6.58,6.55,4.05
"9681",13285,1,"Premium","D","SI1",61.3,54,5488,6.39,6.37,3.91
"9682",19466,1.5,"Good","D","SI2",63.4,59,8108,7.2,7.25,4.58
"9683",20090,1.52,"Premium","H","SI1",61.2,58,8566,7.53,7.43,4.57
"9684",28293,0.24,"Ideal","I","VS1",62,56,432,4,4.01,2.48
"9685",49307,0.3,"Ideal","I","VVS1",62.1,57,540,4.29,4.34,2.68
"9686",25253,1.43,"Premium","D","VS2",62.6,59,13873,7.19,7.21,4.51
"9687",40676,0.5,"Premium","E","SI1",62.3,60,1155,5.16,5.08,3.19
"9688",46431,0.7,"Fair","D","SI2",67.8,58,1770,5.51,5.44,3.71
"9689",19851,1.54,"Premium","E","SI2",59.9,60,8408,7.49,7.38,4.46
"9690",38916,0.33,"Ideal","G","IF",61.7,55,1052,4.47,4.45,2.75
"9691",16919,1.01,"Very Good","E","VS2",61.6,58,6754,6.43,6.49,3.98
"9692",7566,1.02,"Very Good","H","SI2",63.4,54,4252,6.37,6.43,4.06
"9693",2993,0.9,"Very Good","G","SI2",62.1,58,3303,6.08,6.13,3.79
"9694",40521,0.52,"Very Good","E","SI2",61.1,57,1146,5.2,5.24,3.19
"9695",40286,0.3,"Ideal","G","VS2",62.2,54,495,4.29,4.33,2.68
"9696",10969,1.08,"Very Good","G","SI1",60.6,58,4906,6.58,6.73,4.03
"9697",45144,0.5,"Ideal","F","VS2",61.6,53,1654,5.13,5.09,3.15
"9698",44202,0.51,"Very Good","F","VS2",62.9,57,1569,5.09,5.11,3.21
"9699",6096,1.06,"Ideal","I","SI2",62.4,57,3975,6.48,6.54,4.06
"9700",47062,0.52,"Very Good","E","VS1",63.3,58,1822,5.07,5.11,3.22
"9701",50041,0.9,"Very Good","F","I1",61.9,59,2199,6.16,6.18,3.82
"9702",26726,0.32,"Very Good","G","VS1",62.5,60,645,4.29,4.35,2.7
"9703",36175,0.43,"Premium","G","SI1",62.6,59,929,4.82,4.8,3.01
"9704",2940,0.9,"Premium","I","VS2",62.6,62,3292,6.13,6.04,3.81
"9705",15899,1.07,"Premium","G","VS2",62.1,58,6355,6.55,6.59,4.08
"9706",35083,0.39,"Ideal","F","SI1",61.8,55,886,4.7,4.72,2.91
"9707",46436,0.54,"Good","E","VS2",60.2,61,1771,5.27,5.32,3.19
"9708",49516,0.75,"Premium","I","SI1",62.5,58,2122,5.77,5.82,3.62
"9709",36180,0.45,"Ideal","F","SI1",60.8,56,930,4.97,4.93,3.01
"9710",34728,0.34,"Ideal","E","VS1",61.2,55,875,4.52,4.56,2.77
"9711",4501,0.9,"Premium","H","VS2",60,59,3629,6.23,6.16,3.72
"9712",3336,1.01,"Ideal","F","I1",62.2,54,3377,6.42,6.44,4
"9713",18738,1.34,"Very Good","H","SI1",61.6,59,7655,7.04,7.09,4.35
"9714",4271,0.71,"Ideal","D","VS1",61.5,58,3582,5.75,5.77,3.54
"9715",36254,0.41,"Ideal","E","VS2",61.8,54,935,4.76,4.79,2.95
"9716",53022,0.73,"Premium","F","SI1",61.2,60,2599,5.78,5.73,3.52
"9717",25940,1.7,"Very Good","G","VS1",63.5,56,15102,7.64,7.53,4.82
"9718",45457,0.5,"Ideal","E","VS1",61.9,55,1675,5.08,5.13,3.16
"9719",10219,1.15,"Very Good","H","SI2",62,58,4743,6.66,6.7,4.14
"9720",12683,1.27,"Ideal","F","SI2",62,55,5308,6.9,6.95,4.3
"9721",21111,1.36,"Ideal","H","VS2",59.9,57,9279,7.2,7.22,4.32
"9722",39304,0.44,"Ideal","H","SI1",61.9,56,1069,4.91,4.87,3.03
"9723",41626,0.29,"Ideal","F","VS2",61.6,56,504,4.28,4.32,2.65
"9724",10621,1,"Fair","F","VS2",64.7,59,4829,6.22,6.15,4
"9725",30818,0.33,"Very Good","E","SI1",63.3,56,743,4.43,4.41,2.8
"9726",40706,0.58,"Ideal","I","SI2",61.3,56,1158,5.38,5.45,3.32
"9727",21468,1.22,"Ideal","F","VS2",60.7,57,9568,6.89,6.94,4.2
"9728",46056,0.51,"Premium","E","VS2",61.4,56,1733,5.18,5.15,3.17
"9729",13167,1.07,"Ideal","G","SI1",61.9,55,5444,6.62,6.57,4.08
"9730",37715,0.34,"Ideal","H","VVS1",61.8,57,995,4.46,4.44,2.75
"9731",16473,1.34,"Premium","G","SI2",62.2,56,6581,7.08,7,4.38
"9732",3941,1.01,"Ideal","H","SI2",61.6,56,3501,6.48,6.44,3.98
"9733",12109,1.01,"Premium","H","VS2",61.6,59,5166,6.45,6.47,3.98
"9734",21507,1.54,"Ideal","I","VS2",60.2,59,9600,7.52,7.57,4.54
"9735",41980,0.55,"Ideal","F","SI2",61.2,56,1263,5.29,5.23,3.22
"9736",31581,0.35,"Premium","E","VS2",61.6,58,767,4.52,4.57,2.8
"9737",4640,0.73,"Ideal","G","VVS1",61.9,57,3669,5.76,5.8,3.58
"9738",41483,0.39,"Ideal","D","VVS2",61.8,57,1232,4.67,4.71,2.9
"9739",41345,0.54,"Ideal","I","VS1",61.9,54,1216,5.24,5.29,3.26
"9740",30378,0.3,"Ideal","E","VS1",61.6,57,729,4.3,4.33,2.66
"9741",7799,1.04,"Good","E","SI2",62.3,62,4290,6.4,6.44,4
"9742",37036,0.4,"Very Good","D","VS1",64.2,57,967,4.67,4.7,3.01
"9743",20266,1.71,"Very Good","J","SI1",62.9,58,8690,7.58,7.64,4.79
"9744",10444,1,"Premium","H","SI1",59.4,58,4788,6.51,6.46,3.85
"9745",32524,0.35,"Ideal","G","VVS2",62.1,56,798,4.47,4.51,2.79
"9746",49427,0.7,"Very Good","H","SI1",62.7,56,2107,5.6,5.62,3.52
"9747",1019,0.75,"Ideal","G","SI1",61.6,55,2902,5.82,5.86,3.6
"9748",44924,0.5,"Ideal","F","VS2",61.4,57,1632,5.16,5.13,3.16
"9749",52718,0.71,"Premium","E","SI1",63,58,2554,5.72,5.68,3.59
"9750",5986,0.71,"Premium","D","VVS1",58.8,58,3952,5.89,5.81,3.44
"9751",37923,0.23,"Very Good","E","VVS1",61,58,485,3.99,4.01,2.44
"9752",34679,0.42,"Premium","E","SI1",61.2,60,873,4.86,4.81,2.96
"9753",37530,0.5,"Good","I","VS2",64.6,59,987,4.9,4.95,3.18
"9754",38581,0.4,"Ideal","G","VS2",61.2,57,1035,4.78,4.73,2.91
"9755",32197,0.35,"Ideal","E","SI1",61,57,788,4.57,4.54,2.78
"9756",25290,1.51,"Very Good","F","VS2",61.9,63,13945,7.35,7.26,4.52
"9757",47760,0.53,"Ideal","G","VVS2",62.1,54,1893,5.18,5.22,3.23
"9758",26007,2.12,"Premium","I","SI2",60.6,59,15235,8.3,8.27,5.02
"9759",52482,0.73,"Premium","I","VVS2",61.5,58,2519,5.78,5.73,3.54
"9760",47773,0.51,"Good","G","VVS2",63.7,54,1895,5.1,5.08,3.24
"9761",29904,0.39,"Ideal","F","SI1",61.8,55,711,4.66,4.71,2.9
"9762",12689,1.04,"Premium","H","SI1",60.7,62,5311,6.57,6.51,3.97
"9763",46406,0.55,"Ideal","E","VS2",59.3,57,1767,5.43,5.39,3.21
"9764",50771,0.71,"Premium","I","VS2",62.8,59,2300,5.67,5.64,3.55
"9765",3156,0.9,"Very Good","I","VS2",58.4,62,3334,6.29,6.35,3.69
"9766",30463,0.31,"Ideal","D","SI1",62.7,56,732,4.36,4.32,2.72
"9767",24037,0.38,"Premium","I","VS2",62.5,58,633,4.58,4.61,2.87
"9768",20061,0.31,"Very Good","F","VS2",62.9,58,625,4.27,4.31,2.7
"9769",23552,1.51,"Good","F","SI1",60.9,61,11560,7.3,7.32,4.45
"9770",9422,1.01,"Very Good","D","SI2",60.3,57,4588,6.51,6.56,3.94
"9771",8969,0.76,"Very Good","F","VVS1",62.1,57,4504,5.8,5.83,3.61
"9772",37122,0.42,"Ideal","D","SI1",61.9,55,970,4.84,4.79,2.98
"9773",42627,0.32,"Premium","H","VS2",60.6,58,505,4.44,4.47,2.7
"9774",40840,0.5,"Premium","F","SI2",61.4,61,1172,5.14,5.09,3.14
"9775",19394,1.53,"Premium","J","VS1",60.1,59,8058,7.47,7.51,4.5
"9776",21149,1.35,"Very Good","G","VS2",62.8,59,9302,7.01,7.04,4.41
"9777",8547,1.01,"Very Good","H","SI1",62.1,60,4432,6.4,6.44,3.99
"9778",5649,1,"Good","E","SI2",63.3,56,3880,6.3,6.36,4.01
"9779",45977,0.3,"Very Good","H","VS1",60.1,61,526,4.3,4.32,2.59
"9780",41087,0.41,"Ideal","F","VVS2",62.9,54,1192,4.74,4.7,2.97
"9781",28836,0.41,"Premium","D","SI2",62,58,683,4.74,4.78,2.95
"9782",13961,1.51,"Premium","I","SI2",61.2,62,5682,7.28,7.19,4.43
"9783",28191,0.4,"Very Good","D","SI2",61.6,59,666,4.68,4.74,2.9
"9784",29693,0.31,"Ideal","G","VVS2",60.8,56,707,4.38,4.4,2.67
"9785",46581,0.61,"Good","G","VS1",60.2,61,1785,5.47,5.52,3.3
"9786",22141,2.19,"Premium","J","SI2",58.8,58,10179,8.57,8.53,5.03
"9787",20430,1.58,"Very Good","I","SI1",63.1,55,8782,7.42,7.45,4.69
"9788",12675,1.09,"Very Good","G","SI1",60.2,60,5305,6.66,6.7,4.02
"9789",11425,1,"Good","G","VS2",64.1,58,5002,6.22,6.32,4.02
"9790",17270,1.51,"Very Good","I","SI2",63.2,58,6914,7.31,7.27,4.61
"9791",15138,1.19,"Very Good","H","VS2",61.1,58,6086,6.81,6.83,4.17
"9792",14658,1.02,"Ideal","G","VS2",62.6,58,5915,6.43,6.39,4.01
"9793",46265,0.54,"Ideal","E","VS2",61,56,1754,5.25,5.28,3.21
"9794",2190,0.71,"Ideal","D","VS2",62.3,56,3137,5.68,5.72,3.55
"9795",2775,0.77,"Ideal","G","SI1",61.5,56,3253,5.89,5.92,3.63
"9796",26513,2.19,"Ideal","I","SI2",62.4,56,16147,8.26,8.3,5.17
"9797",12408,1.01,"Ideal","D","SI1",61.6,56,5234,6.45,6.48,3.98
"9798",50463,0.72,"Very Good","G","SI1",62.8,59,2265,5.69,5.74,3.59
"9799",28247,0.33,"Ideal","G","VS1",61.9,55,666,4.41,4.44,2.74
"9800",18578,1.51,"Good","I","VS2",63.8,57,7577,7.24,7.18,4.6
"9801",38063,0.3,"Ideal","E","IF",61.1,57,1013,4.31,4.33,2.64
"9802",3310,0.84,"Good","G","VS2",63.6,59,3370,5.89,5.94,3.76
"9803",6153,0.9,"Ideal","D","SI2",62.7,57,3990,6.1,6.15,3.84
"9804",33957,0.23,"Very Good","E","VVS2",61.1,58,465,3.95,4.01,2.43
"9805",14230,1.2,"Ideal","G","VS1",61.7,56,5766,6.84,6.77,4.2
"9806",42391,0.53,"Very Good","D","SI2",60.2,56,1307,5.23,5.26,3.16
"9807",22006,1.53,"Very Good","H","VS1",59.5,63,10076,7.51,7.44,4.45
"9808",24854,1.7,"Premium","G","SI1",61.7,58,13256,7.69,7.6,4.72
"9809",26762,2,"Very Good","F","SI1",63.6,58,16580,7.91,7.98,5.05
"9810",50874,0.81,"Premium","H","SI2",61.6,62,2313,6,5.92,3.67
"9811",27231,1.7,"Very Good","F","VS2",60.8,60,17597,7.65,7.68,4.66
"9812",19463,1.56,"Good","J","VS2",62.3,64,8107,7.41,7.36,4.6
"9813",43989,0.31,"Premium","F","I1",62.9,59,394,4.33,4.29,2.71
"9814",36284,0.32,"Ideal","D","SI2",62.4,54,477,4.38,4.4,2.74
"9815",1355,0.7,"Good","E","VS1",63.6,58,2964,5.61,5.56,3.55
"9816",17581,1.01,"Very Good","F","VS1",62.5,60,7079,6.36,6.41,3.99
"9817",52975,0.35,"Ideal","F","SI1",61.5,54,552,4.54,4.6,2.81
"9818",43975,0.3,"Ideal","I","VS1",62.2,56,518,4.27,4.31,2.67
"9819",9153,1,"Ideal","J","VS2",62.4,54,4539,6.4,6.46,4.01
"9820",1168,0.77,"Very Good","H","VS1",63.3,57,2927,5.79,5.83,3.68
"9821",9546,1,"Good","E","SI2",63.5,56,4620,6.31,6.38,4.03
"9822",5376,0.34,"Premium","J","VS1",61.7,58,574,4.47,4.41,2.74
"9823",51602,0.7,"Premium","H","VS2",60.7,59,2394,5.66,5.68,3.44
"9824",37015,0.33,"Ideal","G","VVS2",61.5,56,965,4.49,4.45,2.75
"9825",23614,1.51,"Very Good","G","VS2",61.5,59,11640,7.34,7.38,4.53
"9826",489,0.72,"Premium","E","VS2",60.3,59,2822,5.84,5.8,3.51
"9827",47368,0.63,"Premium","E","SI1",58.8,59,1846,5.68,5.62,3.32
"9828",20583,1.5,"Ideal","H","VS1",62.1,57,8891,7.37,7.23,4.53
"9829",23603,1.56,"Ideal","G","SI1",61.2,56,11628,7.51,7.49,4.59
"9830",5713,0.25,"Very Good","F","VVS2",63.2,57,575,3.99,4.01,2.53
"9831",16730,0.3,"Premium","D","VS1",60.2,59,610,4.39,4.42,2.65
"9832",36799,0.34,"Premium","E","VS2",62.8,58,956,4.45,4.43,2.79
"9833",30897,0.41,"Ideal","D","SI1",61.7,56,744,4.77,4.8,2.95
"9834",4220,0.9,"Very Good","F","SI2",62.4,58,3569,6.15,6.19,3.85
"9835",33111,0.31,"Premium","E","VS1",61.9,56,816,4.37,4.32,2.69
"9836",41364,0.52,"Premium","F","SI2",61.7,58,1219,5.16,5.12,3.17
"9837",17151,1.5,"Good","H","SI2",60.8,64,6846,7.27,7.2,4.4
"9838",46309,0.3,"Ideal","G","VS2",62.2,57,526,4.26,4.32,2.67
"9839",7615,1.01,"Premium","G","SI1",59.2,59,4260,6.52,6.58,3.88
"9840",7602,0.92,"Good","E","SI1",63.7,57,4258,6.11,6.14,3.9
"9841",10942,1.01,"Very Good","F","SI1",59.7,61,4899,6.49,6.55,3.89
"9842",39081,0.38,"Ideal","D","VVS2",60.3,57,1060,4.77,4.71,2.86
"9843",5486,0.9,"Very Good","G","SI1",62,58,3841,6.14,6.18,3.82
"9844",28964,0.31,"Very Good","H","SI1",61.7,59,435,4.36,4.39,2.7
"9845",17334,1.04,"Ideal","G","VS2",60.5,57,6955,6.56,6.62,3.99
"9846",26403,2.01,"Very Good","I","VS2",59.6,62,15919,8.17,8.25,4.89
"9847",36267,0.4,"Good","F","VVS2",62.2,63,936,4.66,4.69,2.91
"9848",29412,0.38,"Premium","F","SI1",62.7,58,700,4.6,4.62,2.89
"9849",7131,0.92,"Very Good","H","VS2",63.1,57,4173,6.2,6.17,3.9
"9850",40432,0.42,"Ideal","G","SI1",61.6,56,1136,4.83,4.85,2.98
"9851",29570,0.41,"Good","F","SI1",63.1,59,705,4.7,4.75,2.98
"9852",20316,1.74,"Good","I","SI2",60.1,64,8731,7.82,7.71,4.67
"9853",32599,0.3,"Ideal","F","VVS1",58,60,802,4.34,4.37,2.64
"9854",4263,0.76,"Premium","D","VS2",61.7,59,3581,5.87,5.9,3.63
"9855",38288,0.28,"Very Good","F","VS1",61,59,487,4.23,4.29,2.6
"9856",18373,0.39,"Good","J","VS1",63.5,58,616,4.59,4.64,2.93
"9857",4253,0.91,"Very Good","I","VS2",62.5,58,3579,6.13,6.19,3.85
"9858",44604,0.53,"Premium","G","VS2",62.5,56,1607,5.19,5.18,3.24
"9859",10435,1.16,"Very Good","H","SI2",61.8,58,4785,6.75,6.81,4.19
"9860",32960,0.31,"Ideal","I","VS1",61.9,54,461,4.33,4.36,2.69
"9861",50678,0.76,"Premium","F","SI2",59.3,59,2287,5.97,5.93,3.53
"9862",7614,1.01,"Very Good","D","SI2",60.8,61,4260,6.45,6.5,3.94
"9863",13837,0.9,"Very Good","G","VVS2",61.4,60,5640,6.18,6.23,3.81
"9864",50307,0.31,"Ideal","H","VS1",62,54,544,4.35,4.39,2.71
"9865",17181,1.35,"Very Good","E","SI1",62.7,57,6860,7.01,7.05,4.41
"9866",28103,0.31,"Ideal","F","SI1",62.3,56,663,4.35,4.32,2.7
"9867",39100,0.41,"Very Good","I","VVS2",63.1,56,1061,4.75,4.72,2.99
"9868",52126,0.74,"Ideal","E","SI2",61.9,56,2464,5.8,5.83,3.6
"9869",2928,1.03,"Very Good","H","SI2",63.1,56,3288,6.43,6.38,4.04
"9870",685,0.66,"Ideal","D","VS1",62.1,56,2851,5.54,5.57,3.45
"9871",22095,1.25,"Ideal","D","VS2",62.6,56,10114,6.87,6.84,4.29
"9872",19510,1.21,"Premium","F","VS2",61.3,58,8139,6.89,6.84,4.21
"9873",11713,0.34,"Ideal","E","SI1",61.4,55,596,4.48,4.54,2.77
"9874",95,0.78,"Very Good","G","SI2",63.8,56,2759,5.81,5.85,3.72
"9875",14074,1.02,"Very Good","D","SI1",62.7,60,5709,6.34,6.39,3.99
"9876",30157,0.3,"Ideal","E","SI1",61.4,56,720,4.36,4.33,2.67
"9877",5217,1.5,"Premium","D","I1",62.4,60,3780,7.37,7.19,4.54
"9878",3299,0.76,"Very Good","H","IF",62.6,57,3367,5.8,5.83,3.64
"9879",48518,0.58,"Ideal","E","VS2",61.6,55,1984,5.38,5.33,3.3
"9880",14932,1.22,"Premium","I","VS1",61.1,58,6012,6.84,6.91,4.2
"9881",23579,1.44,"Premium","G","VS1",61.8,57,11588,7.21,7.09,4.42
"9882",11641,0.72,"Ideal","F","VVS1",60.8,56,5051,5.83,5.81,3.54
"9883",14531,1,"Very Good","E","SI1",60.1,60,5865,6.45,6.49,3.89
"9884",38908,0.33,"Ideal","E","VVS1",61.7,56,1052,4.46,4.42,2.74
"9885",4310,0.74,"Ideal","F","VS1",62,57,3593,5.81,5.78,3.6
"9886",35594,0.31,"Premium","H","VVS1",60.5,58,907,4.43,4.4,2.67
"9887",37602,0.23,"Very Good","E","VVS2",58.8,62,485,4.04,4.06,2.38
"9888",49648,0.3,"Premium","H","SI1",59.3,59,540,4.38,4.36,2.59
"9889",12739,1.13,"Premium","I","VS1",62.2,58,5316,6.68,6.63,4.14
"9890",30712,0.33,"Ideal","E","VS2",61.1,55,738,4.47,4.51,2.74
"9891",173,1.17,"Very Good","J","I1",60.2,61,2774,6.83,6.9,4.13
"9892",8790,1.23,"Premium","D","SI2",58,59,4470,7.02,6.97,4.06
"9893",39264,0.38,"Premium","G","VS1",61,58,1069,4.71,4.67,2.86
"9894",5178,1.29,"Very Good","F","I1",58.2,61,3774,7.11,7.15,4.15
"9895",40420,0.7,"Fair","F","I1",64.9,59,1134,5.58,5.53,3.61
"9896",3024,0.73,"Premium","D","VS2",59.8,58,3308,5.85,5.89,3.51
"9897",43699,0.5,"Very Good","D","SI1",62,60,1436,5.08,5.12,3.16
"9898",38247,0.32,"Ideal","E","IF",61.1,58,1018,4.42,4.45,2.71
"9899",1822,0.9,"Good","I","SI2",60.7,58,3057,6.17,6.21,3.76
"9900",25897,1.51,"Ideal","E","VS2",61.2,57,15025,7.47,7.37,4.54
"9901",3241,0.71,"Very Good","F","VVS2",62.1,60,3354,5.69,5.72,3.54
"9902",20641,1.34,"Ideal","D","SI1",62.2,57,8930,7.07,6.95,4.36
"9903",25273,1.58,"Ideal","F","VS2",60,57,13917,7.52,7.58,4.53
"9904",29996,0.43,"Premium","E","SI2",60.8,58,716,4.86,4.88,2.96
"9905",12849,0.9,"Good","E","VS1",59.3,56,5356,6.27,6.32,3.73
"9906",23696,1.51,"Premium","D","SI1",62.5,60,11760,7.27,7.23,4.54
"9907",22683,0.4,"Ideal","E","SI2",61.9,58,629,4.71,4.73,2.92
"9908",4626,1.27,"Very Good","I","I1",60.2,62,3665,7,7.05,4.23
"9909",13560,1.12,"Ideal","G","SI1",62,55,5551,6.68,6.65,4.13
"9910",4719,0.24,"Ideal","F","VS1",62.7,54,572,3.99,4.02,2.51
"9911",33876,0.3,"Ideal","E","VS2",61.7,55,844,4.32,4.3,2.66
"9912",29853,0.3,"Very Good","D","VS2",62.9,59,710,4.22,4.27,2.67
"9913",17505,1.21,"Ideal","I","VS1",61.8,56,7037,6.83,6.87,4.23
"9914",8498,1.07,"Ideal","G","SI2",61.7,57,4421,6.55,6.59,4.05
"9915",34331,0.41,"Very Good","G","SI1",63.4,57,861,4.73,4.7,2.99
"9916",10825,0.84,"Very Good","D","VS1",60.1,58,4869,6.12,6.15,3.69
"9917",32536,0.42,"Ideal","G","SI1",62,54,799,4.85,4.82,3
"9918",7366,1.03,"Very Good","F","SI2",61.1,59,4218,6.51,6.58,4
"9919",26971,1.6,"Ideal","G","VS1",62,54,17050,7.53,7.5,4.6
"9920",9850,1.01,"Premium","F","SI2",61.9,58,4676,6.39,6.34,3.94
"9921",8623,1.07,"Good","F","SI2",61.3,65,4446,6.59,6.41,4
"9922",19330,1.57,"Ideal","J","SI1",62,55.6,8035,7.43,7.47,4.62
"9923",3214,0.9,"Good","H","SI2",61.3,61,3348,6.11,6.16,3.76
"9924",12678,1.09,"Premium","I","VS2",60.1,59,5306,6.74,6.67,4.03
"9925",13773,1.16,"Ideal","D","SI2",62.5,56,5615,6.7,6.8,4.23
"9926",14005,1.2,"Premium","I","VS2",61.8,55,5699,6.93,6.8,4.24
"9927",17017,1.52,"Ideal","H","I1",61.6,56,6793,7.75,7.73,4.77
"9928",33772,0.48,"Ideal","G","SI2",62,54,841,5.04,5.06,3.13
"9929",21919,1.5,"Ideal","F","SI2",62.9,55,9996,7.28,7.26,4.57
"9930",2757,0.83,"Good","E","SI1",63.7,59,3250,5.95,5.89,3.77
"9931",23056,1.51,"Very Good","I","VVS1",63,59,11088,7.24,7.3,4.58
"9932",20073,1.51,"Very Good","J","VVS2",62.6,63,8550,7.24,7.29,4.55
"9933",41205,0.53,"Ideal","H","SI1",62.2,54,1205,5.18,5.23,3.24
"9934",10033,0.26,"Ideal","I","VS1",62.5,53,417,4.08,4.11,2.56
"9935",21780,1.57,"Premium","I","VS2",62.5,58,9847,7.5,7.42,4.66
"9936",23623,2.01,"Premium","H","SI2",61.8,62,11646,8.05,7.97,4.95
"9937",30407,0.32,"Premium","G","VVS2",60.8,59,730,4.41,4.44,2.69
"9938",15496,1,"Premium","G","VVS2",62.8,57,6209,6.38,6.29,3.98
"9939",6837,1.01,"Very Good","F","SI2",61,60,4121,6.44,6.48,3.94
"9940",19499,1.23,"Ideal","G","VS2",61.5,54,8133,6.92,6.89,4.25
"9941",10909,1.01,"Fair","G","VS2",64.4,58,4887,6.25,6.18,4
"9942",39157,0.36,"Ideal","F","IF",60.3,57,1063,4.61,4.65,2.79
"9943",22602,1.51,"Premium","H","VS1",59.6,60,10655,7.5,7.41,4.44
"9944",12386,0.33,"Ideal","G","VS2",61.3,57,598,4.45,4.49,2.74
"9945",2050,0.32,"Very Good","G","VS2",62.4,59,561,4.33,4.36,2.71
"9946",31605,0.3,"Good","H","SI2",63.9,56,368,4.24,4.27,2.72
"9947",27015,2.25,"Ideal","I","SI2",62.4,57,17143,8.39,8.32,5.21
"9948",8475,1.01,"Premium","F","SI2",61.3,60,4416,6.4,6.43,3.93
"9949",39813,0.4,"Ideal","G","VVS1",60.8,57,1097,4.78,4.81,2.91
"9950",52562,0.7,"Ideal","G","VS2",62.1,57,2536,5.66,5.7,3.53
"9951",46629,0.3,"Ideal","G","VS2",61.3,56,526,4.28,4.33,2.64
"9952",2211,1.02,"Ideal","H","SI2",58.8,57,3142,6.61,6.55,3.87
"9953",44303,0.56,"Very Good","D","SI1",63.9,56,1578,5.2,5.26,3.34
"9954",24238,2.11,"Premium","J","SI2",61,58,12440,8.2,8.29,5.03
"9955",26296,1.52,"Premium","F","VS2",61.4,58,15792,7.42,7.37,4.54
"9956",44537,0.7,"Very Good","I","SI2",60.9,59,1603,5.7,5.76,3.49
"9957",2657,0.7,"Premium","G","VVS1",62.8,58,3234,5.68,5.62,3.55
"9958",18153,1.4,"Premium","G","SI2",62,60,7357,7.16,7.1,4.42
"9959",18316,1,"Very Good","F","VS1",61.9,58,7450,6.34,6.37,3.94
"9960",53221,0.71,"Ideal","I","VS1",61.8,54,2637,5.77,5.72,3.56
"9961",211,0.7,"Very Good","F","VS2",63.6,57,2780,5.61,5.65,3.58
"9962",12248,1.01,"Premium","H","SI1",61.8,59,5204,6.38,6.33,3.93
"9963",26239,2.01,"Premium","H","SI2",62.2,61,15673,8.08,8.04,5.01
"9964",13473,1.01,"Very Good","D","SI1",59.7,57,5533,6.53,6.56,3.91
"9965",27784,0.32,"Ideal","H","VS2",63,57,648,4.37,4.33,2.74
"9966",33843,0.3,"Ideal","G","IF",62.2,55,844,4.3,4.32,2.68
"9967",48988,0.36,"Ideal","H","SI1",61.6,56,538,4.6,4.62,2.84
"9968",44781,0.52,"Premium","E","VS2",60.6,58,1622,5.23,5.2,3.16
"9969",38038,0.33,"Premium","H","IF",62.9,58,1010,4.43,4.38,2.77
"9970",38863,0.4,"Premium","F","VS1",60.3,60,1050,4.81,4.77,2.89
"9971",11500,1.02,"Very Good","F","SI1",61.9,58,5019,6.43,6.49,4
"9972",7276,1,"Premium","I","SI1",60.5,59,4200,6.54,6.49,3.94
"9973",23788,1.09,"Ideal","F","IF",61.4,55,11846,6.61,6.68,4.09
"9974",10149,1.17,"Ideal","G","SI2",61.1,56,4725,6.8,6.86,4.17
"9975",8033,1,"Premium","F","SI2",61.6,62,4333,6.37,6.3,3.9
"9976",37,0.23,"Good","E","VS1",64.1,59,402,3.83,3.85,2.46
"9977",25595,2.01,"Premium","I","SI2",62.9,58,14444,8.05,8,5.05
"9978",24688,1.5,"Ideal","G","VS2",62.2,58,13049,7.31,7.29,4.54
"9979",3970,0.9,"Very Good","E","SI1",63.5,55,3508,6.22,6.12,3.92
"9980",18351,1.01,"Premium","E","VS1",62.9,60,7466,6.43,6.33,4.01
"9981",33225,0.39,"Very Good","F","VS2",58.4,62,821,4.76,4.79,2.79
"9982",28494,0.3,"Ideal","E","VS2",61.5,55,673,4.3,4.34,2.66
"9983",9659,1.01,"Premium","H","SI1",63,60,4642,6.36,6.33,4
"9984",73,0.3,"Premium","H","SI1",62.9,59,554,4.28,4.24,2.68
"9985",7678,0.74,"Good","D","VVS1",59.2,62.6,4274,5.85,5.87,3.47
"9986",13294,1.23,"Good","H","SI1",63.7,59,5490,6.76,6.71,4.29
"9987",29789,0.3,"Premium","D","SI1",60.6,60,709,4.32,4.3,2.61
"9988",45911,0.53,"Premium","E","VS2",60.9,60,1721,5.16,5.22,3.16
"9989",51644,0.31,"Good","E","SI1",63.2,59,544,4.24,4.31,2.7
"9990",52643,0.24,"Very Good","E","VVS2",60.8,58,552,3.99,4.03,2.44
"9991",53042,0.81,"Good","D","SI2",63.8,55,2604,5.91,5.89,3.77
"9992",32875,0.41,"Ideal","G","SI2",60.9,56,810,4.84,4.81,2.94
"9993",4523,1,"Good","D","SI2",63.9,56,3634,6.32,6.27,4.02
"9994",38568,0.46,"Premium","E","SI1",61.8,57,1035,4.98,4.93,3.06
"9995",21438,1.21,"Premium","G","VVS2",59.6,60,9541,6.91,6.89,4.11
"9996",20081,1.18,"Ideal","G","VS1",61.9,56,8556,6.81,6.76,4.2
"9997",27621,2.32,"Very Good","H","SI2",60.6,58,18508,8.56,8.6,5.2
"9998",43898,0.27,"Premium","G","VS2",62.4,59,509,4.13,4.11,2.57
"9999",12176,0.92,"Very Good","G","VVS2",62.3,57,5183,6.19,6.27,3.88
"10000",37746,0.31,"Fair","D","VVS2",54.2,65,997,4.61,4.58,2.49
"10001",44642,0.24,"Very Good","E","VVS1",60.6,59,521,4,4.02,2.43
"10002",30588,0.31,"Ideal","D","VS2",61.2,55,734,4.37,4.42,2.69
"10003",27728,2.61,"Ideal","I","SI2",62.1,56,18756,8.85,8.73,5.46
"10004",12079,1.29,"Ideal","D","I1",61.3,56,5158,7.05,6.99,4.3
"10005",39390,0.41,"Ideal","G","VVS1",62.2,54,1076,4.79,4.82,2.99
"10006",40546,0.45,"Good","D","VS2",63.7,61,1149,4.81,4.73,3.04
"10007",24967,2.12,"Premium","H","SI2",61.5,59,13460,8.26,8.21,5.06
"10008",41648,0.5,"Fair","E","SI1",61.7,68,1238,5.09,5.03,3.12
"10009",23472,1.57,"Premium","H","VS2",61,59,11470,7.5,7.54,4.59
"10010",39811,0.5,"Very Good","E","SI2",59.9,57,1097,5.12,5.16,3.08
"10011",36160,0.57,"Very Good","G","I1",59.5,56.9,929,5.42,5.46,3.24
"10012",30777,0.4,"Ideal","G","SI1",62.5,54,741,4.74,4.77,2.97
"10013",41657,0.5,"Ideal","D","SI2",62.5,55,1239,5.07,5.14,3.19
"10014",49274,0.54,"Ideal","G","VVS2",61,56,2090,5.3,5.25,3.22
"10015",36502,0.33,"Very Good","E","VVS1",61.8,54,945,4.47,4.49,2.77
"10016",15318,1.3,"Very Good","F","SI2",61.1,58,6149,6.98,7.02,4.28
"10017",24106,2.01,"Premium","G","SI2",60.8,61,12260,8.14,8.07,4.93
"10018",52907,0.77,"Very Good","G","SI1",63.2,57,2586,5.86,5.76,3.67
"10019",33487,0.32,"Premium","F","VS2",61.7,58,828,4.41,4.38,2.71
"10020",25316,1.53,"Ideal","G","VS1",62.2,56,13994,7.36,7.31,4.56
"10021",8775,1.01,"Premium","F","SI2",62.6,54,4468,6.38,6.34,3.98
"10022",29121,0.3,"Good","D","VVS2",64.2,55,689,4.23,4.28,2.73
"10023",52116,0.56,"Ideal","F","VVS2",61.9,56,2462,5.29,5.32,3.28
"10024",2674,0.71,"Ideal","E","VS1",62.7,57,3238,5.66,5.69,3.56
"10025",18699,0.3,"Good","E","VS2",64.2,57,619,4.24,4.13,2.69
"10026",8509,1.35,"Fair","I","SI2",66.5,57,4423,6.79,6.74,4.5
"10027",5432,1.01,"Good","F","SI2",63,60,3827,6.28,6.35,3.98
"10028",27521,2.01,"Ideal","H","SI1",62.2,56,18252,8.03,8.05,5
"10029",24512,1.53,"Ideal","E","SI1",62.3,54.2,12791,7.35,7.38,4.59
"10030",48628,0.58,"Very Good","F","VS1",61.5,60,2001,5.32,5.38,3.29
"10031",32104,0.33,"Premium","D","VS2",61.2,58,781,4.41,4.44,2.71
"10032",12800,1.03,"Ideal","G","SI1",62.5,57,5337,6.4,6.49,4.03
"10033",35062,0.34,"Ideal","D","VVS2",61.2,56,885,4.5,4.52,2.76
"10034",11773,1.21,"Premium","H","SI2",58.2,59,5082,7.05,7.03,4.1
"10035",48862,0.7,"Good","I","SI1",63.6,61,2034,5.59,5.63,3.57
"10036",2687,0.68,"Ideal","E","VS1",61.3,55,3243,5.67,5.71,3.49
"10037",7800,1.12,"Ideal","H","SI1",62.7,56,4290,6.66,6.61,4.16
"10038",30690,0.3,"Premium","F","VVS2",61.5,58,737,4.29,4.31,2.64
"10039",15922,1.52,"Premium","J","SI1",61,59,6367,7.41,7.35,4.5
"10040",22190,1.53,"Premium","H","VS2",59.8,58,10224,7.49,7.52,4.49
"10041",51610,0.79,"Very Good","G","SI1",60.9,63,2394,5.89,5.84,3.57
"10042",12550,1.1,"Ideal","I","VS2",61.8,55.4,5273,6.62,6.65,4.1
"10043",10402,0.31,"Very Good","G","SI1",63.2,57,593,4.3,4.27,2.71
"10044",26608,2.54,"Very Good","H","SI2",63.5,56,16353,8.68,8.65,5.5
"10045",14361,1.03,"Premium","G","VS2",62.2,56,5814,6.51,6.48,4.04
"10046",48660,0.34,"Good","H","VS2",63.2,55,537,4.46,4.5,2.83
"10047",42448,0.53,"Ideal","E","SI2",60.9,57,1315,5.23,5.21,3.18
"10048",51241,0.74,"Very Good","I","VS1",63.4,57,2353,5.81,5.76,3.67
"10049",1984,0.72,"Ideal","E","VVS2",62.1,57,3093,5.76,5.74,3.57
"10050",48939,0.53,"Ideal","F","VVS2",62.3,56,2045,5.24,5.2,3.25
"10051",7134,1,"Ideal","I","SI1",62.7,56,4174,6.33,6.37,3.98
"10052",26046,1.36,"Ideal","F","VVS1",61.3,57,15247,7.13,7.23,4.4
"10053",43942,0.32,"Ideal","H","VS1",61.8,53,516,4.41,4.43,2.73
"10054",51226,0.7,"Fair","G","SI1",61.7,66,2352,5.7,5.58,3.48
"10055",8710,0.39,"Ideal","J","VS2",61.8,55.9,586,4.66,4.69,2.89
"10056",47256,0.51,"Very Good","G","VVS2",63.5,56,1842,5.11,5.07,3.23
"10057",27899,0.4,"Good","G","SI1",63.1,56,655,4.72,4.75,2.99
"10058",12299,1.21,"Premium","I","SI1",62.8,57,5218,6.74,6.67,4.21
"10059",49399,0.5,"Very Good","E","VVS2",62.6,59,2105,5.02,5.05,3.15
"10060",20952,1.2,"Very Good","G","VVS2",60.7,60,9169,6.8,6.84,4.14
"10061",992,1.01,"Very Good","I","I1",63.1,57,2896,6.39,6.35,4.02
"10062",20651,1.27,"Very Good","G","VVS2",62.5,57,8941,6.86,6.91,4.3
"10063",25480,2.27,"Good","H","SI2",63.6,58,14249,8.37,8.29,5.3
"10064",23407,1.21,"Premium","E","VVS2",61.9,58,11395,6.84,6.79,4.22
"10065",25600,2.14,"Ideal","I","SI2",61.9,56,14452,8.26,8.22,5.1
"10066",36841,0.37,"Very Good","G","VS1",63.1,56,957,4.59,4.57,2.89
"10067",15855,1.51,"Premium","E","SI2",62.7,58,6342,7.27,7.24,4.55
"10068",39590,0.54,"Very Good","G","SI2",59.5,60,1083,5.27,5.31,3.15
"10069",28763,0.31,"Ideal","F","VS1",60.6,56,680,4.39,4.42,2.67
"10070",52663,0.71,"Very Good","I","VVS1",63,58,2549,5.66,5.68,3.57
"10071",47861,0.64,"Very Good","D","SI1",63.7,54,1910,5.47,5.52,3.5
"10072",34519,0.3,"Ideal","F","VVS1",62.4,56,868,4.28,4.31,2.68
"10073",33301,0.31,"Good","E","VVS1",59,59,826,4.4,4.42,2.6
"10074",11005,1.2,"Fair","F","SI2",65.1,58,4915,6.62,6.56,4.29
"10075",16392,1.27,"Ideal","F","VS2",62.8,56,6543,6.9,6.86,4.32
"10076",40722,0.38,"Ideal","E","VVS1",62.4,54,1160,4.64,4.66,2.9
"10077",33018,0.31,"Ideal","F","VVS2",60.2,55,814,4.43,4.45,2.67
"10078",18294,1.5,"Good","G","SI1",58.4,65,7434,7.45,7.41,4.34
"10079",46187,0.65,"Premium","F","SI1",61.4,57.8,1748,5.5,5.56,3.39
"10080",18199,1.23,"Ideal","H","VVS2",61.3,55,7387,6.9,6.94,4.24
"10081",39321,0.37,"Premium","D","VVS2",61,60,1071,4.61,4.64,2.82
"10082",34665,0.31,"Ideal","E","VS2",62.4,54,872,4.35,4.31,2.7
"10083",3564,0.93,"Good","F","SI2",59.4,61,3418,6.24,6.25,3.71
"10084",6431,1.02,"Premium","D","SI2",62.3,58,4044,6.42,6.37,3.99
"10085",24508,1.5,"Premium","G","VS2",62.5,59,12787,7.27,7.23,4.53
"10086",1830,1.03,"Very Good","G","I1",62.4,57,3060,6.41,6.45,4.01
"10087",6564,1.01,"Good","F","SI2",56.9,60,4077,6.68,6.64,3.79
"10088",37434,0.33,"Good","G","IF",57.9,60,984,4.55,4.57,2.64
"10089",4218,0.72,"Ideal","D","SI1",61.7,55,3568,5.77,5.8,3.57
"10090",32949,0.33,"Very Good","G","SI2",60,56,460,4.52,4.55,2.73
"10091",46015,0.53,"Premium","G","VS1",63,58,1727,5.17,5.15,3.25
"10092",4733,0.3,"Ideal","F","VS2",61.9,56,573,4.32,4.34,2.68
"10093",20383,0.31,"Good","H","VVS2",63.6,56,625,4.28,4.33,2.74
"10094",49584,0.65,"Premium","D","SI1",60.5,58,2134,5.61,5.57,3.38
"10095",27352,2.01,"Fair","G","VS2",67.5,55,17917,7.7,7.79,5.23
"10096",38466,0.35,"Ideal","E","VVS1",60.7,55,1030,4.56,4.6,2.78
"10097",9666,1.06,"Ideal","J","VS2",62.4,54,4643,6.51,6.57,4.08
"10098",9169,1.27,"Good","J","SI2",66,59,4542,6.71,6.75,4.44
"10099",11255,1.01,"Very Good","F","SI1",61.3,59,4969,6.44,6.47,3.96
"10100",15312,1.03,"Premium","G","VS2",62.3,57,6146,6.51,6.43,4.03
"10101",38729,0.4,"Ideal","G","VVS1",62.1,53,1043,4.75,4.79,2.96
"10102",4208,1.04,"Fair","G","SI2",66.1,60,3564,6.32,6.23,4.15
"10103",52806,1.3,"Fair","E","I1",66.5,58,2571,6.79,6.75,4.5
"10104",7247,1.01,"Premium","F","SI2",59.6,59,4197,6.59,6.52,3.91
"10105",18600,1.01,"Ideal","E","VS1",61.5,57,7589,6.44,6.47,3.97
"10106",7264,1.03,"Ideal","E","SI2",61.6,56,4199,6.5,6.45,3.99
"10107",51911,0.81,"Ideal","H","SI1",62.1,54,2435,6,6.02,3.73
"10108",44065,0.54,"Premium","D","SI1",60,58,1551,5.26,5.3,3.17
"10109",28064,0.31,"Ideal","E","SI1",61.1,56,660,4.39,4.41,2.69
"10110",9566,1.12,"Very Good","H","SI2",61.8,58,4624,6.62,6.68,4.11
"10111",19217,1.51,"Good","I","SI2",63.6,60,7957,7.27,7.23,4.61
"10112",1086,0.71,"Ideal","H","VS1",61.9,56,2909,5.7,5.74,3.54
"10113",44707,0.57,"Ideal","E","SI1",61.2,57,1613,5.37,5.32,3.27
"10114",45829,0.98,"Fair","G","I1",69.7,58,1712,6.08,5.98,4.21
"10115",32924,0.37,"Ideal","H","VVS1",62.3,56,810,4.56,4.59,2.85
"10116",955,0.77,"Premium","E","SI1",59.8,61,2889,5.99,5.95,3.57
"10117",6703,0.3,"Premium","H","SI2",60.2,62,410,4.37,4.34,2.62
"10118",35855,0.32,"Ideal","E","VVS1",62.3,54,917,4.37,4.4,2.73
"10119",18720,0.3,"Very Good","G","VS1",60.3,57,620,4.33,4.35,2.62
"10120",51554,1.02,"Premium","G","I1",61.3,57,2387,6.47,6.35,3.93
"10121",13577,1.21,"Premium","I","SI1",62.3,59,5556,6.81,6.77,4.23
"10122",2048,0.32,"Very Good","E","SI1",61.6,56,561,4.39,4.41,2.71
"10123",17678,1.01,"Ideal","D","VS2",59.8,56,7127,6.52,6.49,3.89
"10124",3918,0.83,"Premium","F","VS2",60.2,60,3495,6.09,6.04,3.65
"10125",1677,1,"Fair","G","SI2",64.9,57,3027,6.29,6.2,4.05
"10126",14305,1.22,"Premium","F","SI2",62.5,57,5794,6.78,6.73,4.22
"10127",25270,1.79,"Ideal","I","VS1",61.3,57,13908,7.86,7.81,4.8
"10128",53318,0.71,"Ideal","E","SI1",62.9,57,2651,5.67,5.72,3.58
"10129",226,0.72,"Premium","D","SI1",62.7,59,2782,5.73,5.69,3.58
"10130",46703,0.55,"Ideal","E","VS2",61.4,56,1792,5.32,5.26,3.25
"10131",36238,0.62,"Premium","G","I1",58.9,60,933,5.65,5.54,3.29
"10132",32672,0.31,"Ideal","G","VS1",62.4,55,802,4.35,4.33,2.71
"10133",24187,1.55,"Ideal","F","SI1",62.1,54,12373,7.42,7.45,4.61
"10134",1684,0.72,"Premium","G","VS1",58.9,58,3032,5.93,5.85,3.47
"10135",41462,0.41,"Ideal","G","VVS1",62.1,55,1230,4.79,4.74,2.96
"10136",15726,1,"Ideal","G","VS1",62.9,57,6290,6.36,6.32,3.99
"10137",1679,0.77,"Good","H","VVS2",57.9,61,3027,6.07,6.01,3.5
"10138",51177,0.73,"Premium","F","SI1",62.4,55,2346,5.78,5.71,3.59
"10139",38973,0.3,"Ideal","E","VVS2",61.4,55,1053,4.34,4.36,2.67
"10140",20254,1.29,"Very Good","G","VS2",58.7,58,8684,7.11,7.27,4.22
"10141",15811,1.01,"Very Good","G","VS1",62.7,56,6326,6.36,6.46,4.02
"10142",24113,2.03,"Premium","J","SI2",61.6,58,12268,8.12,8.15,5.01
"10143",52735,0.71,"Very Good","I","VVS1",63.3,57,2559,5.65,5.69,3.59
"10144",15301,1.29,"Premium","I","SI1",62,59,6140,7.03,6.98,4.34
"10145",46106,0.61,"Ideal","I","VVS1",62,55,1742,5.46,5.49,3.39
"10146",8209,1.01,"Good","F","SI1",65.5,58,4369,6.11,6.25,4.05
"10147",41153,0.49,"Very Good","G","VS2",60.1,56,1198,5.13,5.15,3.09
"10148",38645,0.33,"Ideal","F","VVS2",61.3,56,1040,4.46,4.44,2.73
"10149",37380,0.4,"Ideal","G","VVS2",62.4,56,982,4.64,4.68,2.91
"10150",36793,0.34,"Ideal","E","VS2",62.6,57,956,4.47,4.45,2.79
"10151",18084,1.5,"Good","J","VS2",63.6,58,7308,7.23,7.2,4.59
"10152",2224,0.7,"Ideal","H","VS2",61.2,57,3145,5.73,5.77,3.52
"10153",27801,0.37,"Premium","H","VS1",60.9,60,649,4.6,4.63,2.81
"10154",29360,0.31,"Ideal","G","VS2",62.7,57,698,4.34,4.31,2.71
"10155",33815,0.4,"Ideal","I","VVS1",60.5,57,842,4.76,4.79,2.89
"10156",13434,1.27,"Premium","J","VS1",62.6,59,5518,6.88,6.92,4.32
"10157",30967,0.39,"Very Good","J","VS2",63.3,56,746,4.63,4.6,2.92
"10158",3463,0.72,"Ideal","I","VS2",61.4,56,3391,5.77,5.83,3.56
"10159",51601,0.7,"Good","H","VS2",63.4,60,2394,5.59,5.61,3.55
"10160",36845,0.37,"Premium","F","VS2",59.8,59,957,4.66,4.63,2.78
"10161",1773,0.82,"Very Good","F","SI1",63.9,56.9,3048,5.85,5.92,3.76
"10162",48980,0.34,"Premium","H","VS2",62.6,60,537,4.42,4.46,2.78
"10163",35249,0.3,"Very Good","G","IF",62.9,58,895,4.21,4.25,2.66
"10164",13811,1.06,"Very Good","H","VS1",61.9,58,5627,6.57,6.49,4.04
"10165",39983,0.41,"Ideal","I","VVS1",61.8,55,1107,4.79,4.76,2.95
"10166",20598,1.15,"Ideal","F","VVS2",62.1,55,8903,6.74,6.69,4.17
"10167",47645,0.23,"Ideal","F","VVS2",62.3,56,530,3.95,4.01,2.48
"10168",20923,1.05,"Ideal","F","VVS2",61.5,57,9138,6.51,6.57,4.02
"10169",33457,0.32,"Very Good","G","VS1",63.2,55,828,4.39,4.37,2.77
"10170",7649,0.9,"Premium","G","VS2",61.7,59,4269,6.14,6.22,3.81
"10171",20661,1,"Very Good","F","VVS2",63,59,8950,6.33,6.36,4
"10172",6137,1.13,"Very Good","I","SI2",59.1,63,3987,6.85,6.82,4.04
"10173",22490,1.7,"Ideal","I","SI1",61.8,55,10520,7.62,7.57,4.69
"10174",17849,1.14,"Ideal","G","VS2",61.9,56,7199,6.69,6.71,4.14
"10175",50802,0.71,"Premium","E","SI2",61.4,59,2306,5.74,5.7,3.51
"10176",30935,0.24,"Very Good","H","VVS2",61.9,57,449,3.97,4.01,2.47
"10177",27540,2.02,"Ideal","G","SI2",62,55,18296,8.16,8.1,5.04
"10178",45106,0.54,"Premium","F","VS1",61.8,59,1649,5.16,5.23,3.21
"10179",8633,1.01,"Very Good","H","SI1",62.3,63,4449,6.3,6.23,3.9
"10180",38911,0.51,"Very Good","I","SI1",63.1,56,1052,5.14,5.06,3.22
"10181",29793,0.3,"Premium","D","SI1",61,60,709,4.35,4.3,2.64
"10182",14908,1,"Premium","G","VS1",60.9,60,6000,6.51,6.41,3.91
"10183",8869,1.06,"Premium","D","SI2",59.8,61,4483,6.63,6.58,3.95
"10184",35430,0.32,"Ideal","E","VS2",61.4,56,900,4.43,4.4,2.71
"10185",22116,1.1,"Ideal","D","VS1",61.9,56,10144,6.58,6.61,4.09
"10186",14980,1.14,"Premium","F","SI1",59.6,58,6033,6.8,6.78,4.05
"10187",23692,1.5,"Very Good","D","SI1",61,61,11756,7.28,7.32,4.45
"10188",40028,0.48,"Premium","F","SI1",60.6,62,1110,5.06,5,3.05
"10189",18186,1.22,"Very Good","F","SI1",60.5,58,7372,6.91,6.97,4.2
"10190",23414,2,"Very Good","J","SI1",61.9,59,11404,7.96,8,4.94
"10191",39196,0.38,"Premium","D","VS1",58.2,58,1064,4.81,4.77,2.79
"10192",34318,0.33,"Very Good","F","VVS1",62,56,859,4.41,4.44,2.74
"10193",29312,0.31,"Premium","H","VS1",59.9,60,698,4.45,4.4,2.65
"10194",32143,0.32,"Ideal","G","VVS1",61.8,56,786,4.39,4.41,2.72
"10195",21894,1.61,"Premium","I","VS1",62.2,58,9961,7.46,7.55,4.67
"10196",22162,1.27,"Premium","G","VVS2",61,58,10203,6.96,7.01,4.26
"10197",39885,0.42,"Ideal","G","VVS2",62.2,56,1103,4.81,4.77,2.98
"10198",36697,0.39,"Ideal","G","VVS2",62.2,54,952,4.67,4.7,2.91
"10199",25979,1.54,"Premium","E","VS2",62.7,58,15178,7.33,7.37,4.61
"10200",15724,1.04,"Ideal","G","VS2",62.6,55,6290,6.49,6.45,4.05
"10201",45496,0.5,"Ideal","F","VS1",62.5,52.4,1679,5.07,5.11,3.18
"10202",47163,0.59,"Ideal","H","VVS2",61.8,56,1834,5.37,5.41,3.33
"10203",879,1,"Ideal","I","SI2",61.7,56,2873,6.45,6.41,3.97
"10204",1232,0.79,"Very Good","E","SI2",59.2,59,2941,6.04,6.06,3.58
"10205",13660,1.24,"Very Good","H","SI2",61.2,57,5592,6.87,7.02,4.25
"10206",41984,0.51,"Ideal","D","SI2",59.8,55,1264,5.17,5.23,3.11
"10207",14064,0.3,"Good","G","VS1",63.4,58,605,4.23,4.25,2.69
"10208",9489,1.01,"Good","D","SI2",64.5,58,4606,6.18,6.26,4.01
"10209",42093,0.64,"Premium","H","SI1",60,59,1274,5.63,5.57,3.36
"10210",32698,0.31,"Premium","F","VS2",61.6,58,802,4.38,4.35,2.69
"10211",17966,1.25,"Premium","E","SI1",60.9,59,7260,6.98,7.02,4.26
"10212",37130,0.39,"Ideal","F","VS2",62.3,55,971,4.69,4.71,2.93
"10213",1791,1.02,"Good","E","I1",63.1,60,3051,6.31,6.4,4.01
"10214",28983,0.38,"Ideal","E","SI1",62.1,55,685,4.64,4.67,2.89
"10215",33685,0.4,"Very Good","E","SI1",62.2,54.4,837,4.72,4.76,2.95
"10216",58,0.3,"Very Good","I","SI1",62.6,57,405,4.25,4.28,2.67
"10217",50382,0.75,"Good","J","SI1",63.9,56,2250,5.76,5.71,3.66
"10218",5113,0.72,"Ideal","F","VS1",61.5,56,3759,5.74,5.77,3.53
"10219",12110,1.01,"Premium","H","VS2",61.6,59,5166,6.39,6.41,3.94
"10220",11781,1.02,"Premium","H","SI1",61.1,58,5084,6.51,6.46,3.96
"10221",33587,0.37,"Premium","F","VS1",62.7,51,833,4.65,4.57,2.89
"10222",50197,0.52,"Ideal","D","VS2",61.8,55,2225,5.19,5.23,3.22
"10223",20812,1.04,"Premium","G","IF",61.3,58,9039,6.52,6.43,3.97
"10224",5133,1,"Fair","I","VS1",65.3,55,3763,6.34,6.25,4.11
"10225",462,0.71,"Good","E","SI1",62.8,64,2817,5.6,5.54,3.5
"10226",33408,0.28,"Ideal","E","VVS2",60.3,57,828,4.25,4.21,2.55
"10227",39506,0.5,"Ideal","G","SI2",62.1,55,1080,5.09,5.12,3.17
"10228",20327,1.5,"Very Good","F","VS2",63.4,61,8736,7.12,7.08,4.5
"10229",9793,1.01,"Very Good","E","SI2",61.5,56,4666,6.45,6.47,3.97
"10230",41665,0.51,"Very Good","E","SI2",63.3,56,1239,5.12,5.08,3.23
"10231",33248,0.36,"Very Good","F","VS1",60.1,59,825,4.62,4.66,2.78
"10232",47864,0.59,"Good","G","VS1",60.4,61.2,1910,5.38,5.43,3.26
"10233",12291,1.02,"Premium","H","VS2",61.2,58,5217,6.47,6.5,3.97
"10234",53250,0.76,"Premium","E","SI1",61.6,59,2644,5.83,5.79,3.58
"10235",28727,0.31,"Very Good","E","VS2",62.8,57,680,4.33,4.37,2.73
"10236",1200,1.17,"Fair","I","I1",65.4,62,2935,6.68,6.57,4.33
"10237",38171,0.34,"Ideal","G","IF",61.9,57,1014,4.47,4.48,2.77
"10238",40134,0.41,"Premium","H","VVS1",60.4,58,1115,4.85,4.79,2.91
"10239",10763,1.01,"Premium","E","SI1",59.6,59,4853,6.53,6.46,3.87
"10240",33056,0.3,"Ideal","F","VVS1",62.5,55,814,4.26,4.29,2.67
"10241",51902,0.66,"Premium","E","VS1",60.8,59,2433,5.58,5.6,3.4
"10242",38479,0.42,"Ideal","G","VVS2",61.3,56,1031,4.81,4.82,2.95
"10243",30810,0.35,"Ideal","H","VVS1",62,53.9,743,4.5,4.53,2.8
"10244",11682,1.11,"Ideal","G","SI1",62.6,57,5061,6.64,6.59,4.14
"10245",33930,0.41,"Good","G","VVS1",63.6,56,844,4.72,4.74,3.01
"10246",44489,0.7,"Premium","F","SI2",61.6,60,1597,5.78,5.68,3.53
"10247",33758,0.31,"Ideal","G","IF",61.5,57,840,4.35,4.37,2.68
"10248",21810,1.71,"Good","I","SI1",63.2,57,9881,7.49,7.53,4.75
"10249",47727,0.7,"Premium","H","SI1",61.9,59,1889,5.67,5.74,3.53
"10250",39460,0.4,"Very Good","D","VVS2",58.3,59,1078,4.88,4.9,2.85
"10251",20600,1.6,"Ideal","J","VS1",62.1,57,8904,7.46,7.54,4.66
"10252",10523,1.01,"Very Good","I","SI1",64.4,54,4805,6.31,6.4,4.09
"10253",44751,0.51,"Ideal","F","VS2",59.2,56,1619,5.23,5.18,3.08
"10254",42405,0.61,"Premium","I","VS2",58.8,58,1308,5.59,5.53,3.27
"10255",18757,1.21,"Ideal","G","VS2",62,56,7666,6.77,6.87,4.23
"10256",51905,0.61,"Ideal","E","VS2",61.4,56,2434,5.47,5.51,3.37
"10257",23556,1.51,"Premium","E","SI1",62.6,55,11565,7.33,7.25,4.56
"10258",26916,2.53,"Premium","J","SI2",62.6,57,16934,8.77,8.67,5.46
"10259",12465,1.27,"Ideal","I","SI2",62.1,56,5249,6.96,6.92,4.31
"10260",31744,0.4,"Ideal","D","SI1",62.1,56,772,4.7,4.74,2.93
"10261",16400,1.26,"Very Good","H","SI1",60.6,60,6546,6.97,7,4.23
"10262",31443,0.3,"Ideal","I","VVS2",63,57,765,4.27,4.24,2.68
"10263",48265,0.57,"Ideal","D","VS2",61.8,57,1955,5.29,5.32,3.28
"10264",40088,0.33,"Premium","H","IF",62,58,1114,4.42,4.39,2.73
"10265",27697,0.41,"Ideal","G","SI2",61.5,55,648,4.76,4.8,2.94
"10266",36873,0.42,"Ideal","E","VS2",62.3,55,958,4.77,4.83,2.99
"10267",39114,0.41,"Ideal","G","VS2",62.4,54,1061,4.81,4.78,2.99
"10268",6605,0.93,"Very Good","F","SI1",58.8,60,4081,6.37,6.49,3.78
"10269",53591,0.74,"Ideal","E","SI1",61.6,54,2699,5.82,5.9,3.61
"10270",10112,0.9,"Good","D","VS2",57.7,61,4717,6.34,6.32,3.65
"10271",3793,0.7,"Good","D","VS1",60.4,62,3463,5.73,5.76,3.47
"10272",40946,0.31,"Very Good","F","VS2",62.7,57,500,4.31,4.36,2.72
"10273",33692,0.34,"Ideal","E","VVS2",60.9,56,838,4.52,4.54,2.76
"10274",29500,0.32,"Ideal","E","VS2",62.1,55,702,4.39,4.43,2.74
"10275",10764,1.01,"Premium","E","SI1",62,58,4853,6.41,6.37,3.96
"10276",2974,0.62,"Ideal","F","VVS2",61.4,56,3299,5.46,5.5,3.37
"10277",26108,2.24,"Premium","I","SI2",61.9,58,15375,8.29,8.36,5.15
"10278",36710,0.46,"Ideal","F","SI1",62.5,56,953,4.92,4.94,3.08
"10279",20582,1.78,"Premium","J","SI2",62.6,58,8889,7.78,7.72,4.85
"10280",32500,0.33,"Premium","G","VS1",60.3,58,797,4.52,4.5,2.72
"10281",22958,1.5,"Premium","I","VVS2",61.4,58,11007,7.38,7.32,4.51
"10282",37796,0.5,"Premium","G","SI2",62.5,57,1000,5.04,5.01,3.14
"10283",7956,1.07,"Very Good","G","SI2",62.9,59,4321,6.51,6.58,4.12
"10284",18379,0.42,"Good","D","SI2",60.7,61,617,4.78,4.84,2.92
"10285",36177,0.3,"Very Good","E","IF",62.8,54,930,4.3,4.33,2.71
"10286",44613,0.53,"Ideal","E","SI1",62,56,1607,5.19,5.17,3.21
"10287",45618,0.55,"Very Good","D","SI1",61.2,58,1692,5.24,5.29,3.22
"10288",43164,0.42,"Ideal","D","VVS2",61.4,56,1389,4.85,4.82,2.97
"10289",4419,1.04,"Premium","H","SI2",62.4,58,3611,6.49,6.4,4.02
"10290",52089,0.71,"Ideal","E","SI2",61.9,56,2458,5.73,5.76,3.56
"10291",46784,0.58,"Ideal","I","VVS1",62.1,56,1805,5.34,5.32,3.31
"10292",14860,1.2,"Very Good","I","VS2",62.1,60,5986,6.78,6.72,4.19
"10293",48930,0.74,"Premium","E","SI1",61.4,57,2042,5.83,5.79,3.57
"10294",30557,0.31,"Ideal","D","VS2",61.2,55,734,4.36,4.46,2.7
"10295",50259,0.56,"Very Good","F","VVS2",59.5,61,2236,5.36,5.33,3.18
"10296",41027,0.41,"Ideal","E","VVS2",61.5,55,1187,4.79,4.83,2.96
"10297",52914,0.73,"Ideal","F","SI2",61.9,55,2588,5.78,5.82,3.59
"10298",8970,0.76,"Very Good","F","VVS1",59.6,58,4504,5.91,5.96,3.54
"10299",29020,0.31,"Ideal","G","VVS2",60.9,56,687,4.4,4.43,2.69
"10300",14287,1.06,"Very Good","H","VS2",62.5,57,5783,6.47,6.49,4.05
"10301",10337,1.02,"Ideal","H","SI2",61.4,58,4766,6.47,6.52,3.99
"10302",18201,1.52,"Ideal","H","SI2",62.3,56,7388,7.34,7.24,4.54
"10303",37100,0.41,"Ideal","E","SI1",62.4,55,969,4.78,4.74,2.97
"10304",24498,1.65,"Very Good","H","VS1",62,58,12773,7.56,7.66,4.72
"10305",52303,0.23,"Ideal","E","VS2",61.8,54,548,3.94,3.96,2.44
"10306",10865,1.01,"Ideal","E","SI2",62.2,56,4875,6.45,6.42,4
"10307",16218,1.33,"Very Good","H","SI2",62.5,58,6482,7.04,6.97,4.38
"10308",26464,1.5,"Premium","E","VS1",62.5,58,16023,7.21,7.28,4.53
"10309",2548,0.83,"Very Good","F","SI1",63,55,3207,5.95,5.96,3.75
"10310",17925,1.01,"Premium","F","VS2",61.7,58,7240,6.47,6.43,3.98
"10311",38931,0.4,"Premium","E","VS1",61.2,59,1053,4.72,4.76,2.9
"10312",34426,0.3,"Ideal","G","IF",62.1,54,863,4.3,4.33,2.68
"10313",13443,1.24,"Ideal","G","SI2",61.4,56,5520,6.98,6.92,4.27
"10314",41413,0.53,"Good","D","SI2",63.9,55,1226,5.1,5.14,3.27
"10315",35109,0.3,"Ideal","F","IF",62.1,57,886,4.27,4.3,2.66
"10316",19863,1.01,"Premium","D","VS1",62.4,58,8416,6.41,6.38,3.99
"10317",4002,0.94,"Very Good","F","SI2",62.4,58,3518,6.17,6.23,3.87
"10318",48778,0.51,"Good","E","VVS1",58.6,65,2020,5.32,5.24,3.1
"10319",22810,2,"Premium","G","SI2",60.7,60,10833,8.13,8.07,4.92
"10320",47600,0.52,"Ideal","G","VVS2",61.6,56,1878,5.18,5.15,3.18
"10321",51579,0.65,"Ideal","D","VS2",62.7,57,2392,5.56,5.5,3.47
"10322",6957,1.41,"Fair","H","I1",64.7,58,4145,7.05,7,4.55
"10323",6084,0.8,"Ideal","E","VS2",61.4,56,3972,5.97,6.02,3.68
"10324",22156,1.01,"Ideal","F","VVS1",60.5,60,10197,6.45,6.47,3.91
"10325",1814,0.65,"Very Good","D","VVS2",59.9,58,3056,5.63,5.69,3.39
"10326",53081,0.7,"Good","H","VVS2",60.5,62,2611,5.66,5.74,3.45
"10327",525,0.83,"Premium","H","SI1",62.5,59,2825,6.02,5.95,3.74
"10328",25812,1.51,"Premium","F","VS2",61.6,58,14817,7.35,7.32,4.52
"10329",31219,0.32,"Very Good","D","SI1",63.3,57,756,4.38,4.37,2.77
"10330",1431,0.75,"Ideal","G","VS1",62.3,57,2973,5.83,5.86,3.64
"10331",5755,0.93,"Good","F","SI2",63.4,54,3896,6.19,6.24,3.94
"10332",17525,1.3,"Ideal","H","SI1",62.2,56,7054,7.03,6.98,4.36
"10333",34554,0.41,"Ideal","F","SI1",61.1,56,870,4.79,4.83,2.94
"10334",11420,0.9,"Very Good","E","VS1",62.3,56,5001,6.1,6.19,3.83
"10335",40466,0.32,"Ideal","D","VVS1",61.3,57,1140,4.42,4.39,2.7
"10336",6814,1.01,"Very Good","E","SI2",63.1,61,4118,6.34,6.27,3.98
"10337",39833,0.5,"Very Good","G","SI1",61.1,57,1098,5.14,5.2,3.16
"10338",18396,1.51,"Good","J","VS2",59.5,61,7476,7.45,7.62,4.48
"10339",17291,1,"Very Good","F","VS2",61.9,58,6927,6.41,6.49,3.99
"10340",53625,0.3,"Ideal","D","SI1",62,56,552,4.3,4.34,2.68
"10341",15996,1.06,"Premium","F","VS2",62.3,58,6399,6.56,6.51,4.07
"10342",50987,0.31,"Very Good","H","VS1",62.9,58,544,4.31,4.34,2.72
"10343",41704,0.53,"Good","H","SI1",63.9,55,1242,5.19,5.14,3.3
"10344",30669,0.4,"Premium","F","SI1",62.5,59,737,4.67,4.71,2.93
"10345",51074,0.96,"Good","I","I1",58.6,64,2333,6.34,6.26,3.69
"10346",17986,1.07,"Ideal","G","VS2",61.4,57,7275,6.56,6.63,4.05
"10347",15951,1.24,"Ideal","I","SI1",60.6,59,6381,6.97,7.03,4.24
"10348",51101,0.56,"Very Good","G","VVS2",62.1,55.6,2336,5.29,5.31,3.29
"10349",3043,0.3,"Ideal","F","VS2",62.4,57,565,4.29,4.33,2.69
"10350",44868,0.5,"Ideal","D","VS2",62,56,1628,5.1,5.13,3.17
"10351",52272,0.71,"Very Good","G","VS2",60.4,61,2492,5.77,5.81,3.5
"10352",952,0.5,"Ideal","E","VVS2",62.2,54,2889,5.09,5.11,3.17
"10353",45126,0.59,"Very Good","E","SI1",62.9,58,1652,5.31,5.34,3.35
"10354",1418,0.52,"Premium","E","VVS2",60.1,58,2970,5.23,5.18,3.13
"10355",26084,1.54,"Premium","E","VS2",62.7,58,15316,7.37,7.33,4.61
"10356",38825,0.5,"Very Good","I","SI1",63.5,56,1048,5.02,5.06,3.2
"10357",7858,0.9,"Premium","D","SI1",62.6,58,4304,6.15,6.11,3.84
"10358",53181,0.7,"Very Good","G","VS1",62.3,58,2631,5.63,5.67,3.52
"10359",28584,0.3,"Ideal","G","VS2",61.4,54,675,4.36,4.31,2.66
"10360",36947,0.32,"Ideal","H","SI1",61.8,55,479,4.39,4.41,2.72
"10361",29637,0.23,"Good","F","VS2",61,57,442,3.97,4.01,2.44
"10362",31807,0.31,"Ideal","D","VS1",61.1,55,774,4.37,4.4,2.68
"10363",20538,1.56,"Ideal","I","SI1",61.4,56,8858,7.47,7.42,4.57
"10364",23190,1.05,"Ideal","D","VVS2",61.9,54,11196,6.53,6.55,4.05
"10365",53578,0.7,"Fair","E","VS2",60.6,64,2697,5.77,5.62,3.45
"10366",53582,0.75,"Premium","E","SI1",62.8,56,2698,5.78,5.75,3.62
"10367",11868,1.12,"Premium","D","SI2",58.2,60,5107,6.9,6.81,3.99
"10368",32811,0.34,"Ideal","D","VS2",62.3,55,805,4.45,4.48,2.78
"10369",37545,0.51,"Ideal","J","VS1",61.6,54,988,5.14,5.18,3.18
"10370",51460,0.72,"Premium","E","SI2",62.6,59,2376,5.74,5.7,3.58
"10371",808,0.71,"Premium","D","SI1",61,61,2863,5.82,5.75,3.53
"10372",43604,0.31,"Good","E","SI1",63.4,55,507,4.26,4.29,2.71
"10373",26232,2.08,"Premium","I","VVS1",62.2,58,15654,8.22,8.18,5.1
"10374",6727,0.27,"Ideal","F","VS1",61.7,57,577,4.15,4.18,2.57
"10375",26757,2.28,"Premium","J","VS2",62.9,58,16564,8.42,8.34,5.27
"10376",40531,0.7,"Fair","I","I1",68.6,57,1147,5.46,5.34,3.71
"10377",30957,0.32,"Ideal","E","SI2",62,55,449,4.36,4.41,2.72
"10378",16539,1.22,"Very Good","D","SI2",59,58,6607,6.96,7.08,4.14
"10379",24766,1.54,"Premium","G","VS2",61.8,58,13120,7.43,7.39,4.58
"10380",20219,1.27,"Ideal","H","VS1",61.4,56,8652,6.95,6.97,4.27
"10381",27782,0.32,"Very Good","H","VS2",63.1,55,648,4.36,4.33,2.74
"10382",25699,0.35,"Premium","D","SI1",61,60,644,4.54,4.58,2.78
"10383",4281,1,"Premium","H","SI2",61.3,57,3584,6.45,6.4,3.94
"10384",8877,1.04,"Ideal","H","SI2",62.1,56,4484,6.5,6.48,4.03
"10385",20413,1.02,"Premium","F","VVS2",60.9,59,8774,6.56,6.44,3.96
"10386",16497,2.01,"Very Good","H","I1",58.1,63,6592,8.3,8.19,4.79
"10387",34341,0.3,"Ideal","E","VVS1",62,58,862,4.28,4.3,2.66
"10388",7828,0.9,"Very Good","G","VS1",62.4,58,4297,6.14,6.16,3.84
"10389",14636,1.07,"Ideal","F","SI1",60.6,57,5909,6.62,6.67,1.07
"10390",214,0.74,"Ideal","G","VS1",61.5,55,2780,5.81,5.86,3.59
"10391",51864,0.74,"Very Good","H","SI1",62.4,58,2426,5.71,5.76,3.58
"10392",25515,2.03,"Ideal","E","SI2",62.3,56,14308,8.11,8.09,5.05
"10393",51550,0.52,"Ideal","G","VVS1",60.6,57,2387,5.21,5.26,3.17
"10394",53601,0.91,"Premium","I","SI1",58.4,55,2700,6.34,6.32,3.7
"10395",26866,1.62,"Ideal","F","VS1",61.3,56,16790,7.54,7.63,4.65
"10396",53242,0.59,"Ideal","E","VVS2",62,55,2643,5.36,5.41,3.34
"10397",11986,1.07,"Very Good","H","SI1",59.2,61,5143,6.65,6.67,3.94
"10398",51802,0.7,"Very Good","H","VS2",63.4,60,2415,5.61,5.59,3.55
"10399",41319,0.57,"Very Good","G","SI2",59.4,58,1214,5.39,5.42,3.21
"10400",29602,0.35,"Ideal","G","VS1",60.6,56,706,4.57,4.6,2.78
"10401",37709,0.4,"Ideal","G","VVS1",62.6,57,995,4.66,4.73,2.94
"10402",48508,0.7,"Fair","G","SI1",65,59,1982,5.57,5.5,3.6
"10403",15054,0.3,"Very Good","G","VS1",62.4,58,605,4.22,4.24,2.64
"10404",36613,0.32,"Premium","G","SI1",62.6,58,477,4.31,4.35,2.71
"10405",49226,0.58,"Very Good","E","VS1",61.8,55,2082,5.35,5.39,3.32
"10406",24205,2.01,"Very Good","J","SI1",60.3,58,12392,8.11,8.17,4.91
"10407",12211,1.22,"Premium","H","SI2",61.6,59,5192,6.82,6.75,4.18
"10408",40677,0.5,"Good","E","SI1",64,56,1155,5.03,4.97,3.2
"10409",34666,0.31,"Ideal","E","VS2",61.7,56,872,4.35,4.31,2.67
"10410",9941,1.01,"Very Good","I","SI1",61.4,62,4693,6.39,6.45,3.94
"10411",15613,1.07,"Very Good","H","VS1",62.5,56,6262,6.52,6.55,4.08
"10412",21063,1.5,"Premium","J","VS1",62.8,59,9240,7.29,7.19,4.55
"10413",33878,0.3,"Premium","E","VS2",60.4,58,844,4.34,4.3,2.61
"10414",10822,1.01,"Ideal","G","SI1",60.7,58,4868,6.55,6.52,3.97
"10415",23997,1.5,"Very Good","G","VS2",62.1,57,12156,7.21,7.31,4.51
"10416",5678,0.97,"Ideal","F","SI1",61.7,56,3884,6.37,6.32,3.92
"10417",275,0.73,"Ideal","H","VS2",62.7,55,2793,5.72,5.76,3.6
"10418",31895,0.3,"Premium","G","VS1",60,60,776,4.33,4.3,2.59
"10419",2873,1,"Very Good","I","SI2",62.4,63,3276,6.44,6.35,3.99
"10420",34758,0.41,"Premium","H","SI1",62.9,58,876,4.73,4.72,2.97
"10421",30505,0.31,"Premium","D","SI1",61.7,59,732,4.35,4.31,2.67
"10422",41051,0.5,"Fair","E","VS2",65,58,1188,4.96,4.92,3.21
"10423",49812,0.5,"Ideal","F","VVS1",60.4,56,2165,5.16,5.21,3.13
"10424",13945,1.05,"Fair","G","VS2",65.5,57,5673,6.38,6.34,4.17
"10425",15927,1.04,"Ideal","H","VS1",62,54,6368,6.52,6.54,4.05
"10426",3396,0.32,"Ideal","I","VVS2",62.2,54.5,567,4.38,4.42,2.74
"10427",37309,0.31,"Ideal","F","IF",62.2,56,979,4.31,4.34,2.69
"10428",51205,0.7,"Good","H","VS2",63.9,59,2351,5.64,5.6,3.59
"10429",16466,1.28,"Premium","H","SI1",59.9,59,6580,7.05,7.08,4.23
"10430",13587,1.05,"Premium","F","SI1",61.6,57,5557,6.56,6.53,4.03
"10431",26504,1.7,"Premium","G","VS2",60.9,60,16123,7.71,7.68,4.69
"10432",20960,1.5,"Good","D","SI2",60.2,65,9173,7.37,7.34,4.43
"10433",53454,0.56,"Ideal","F","VVS2",61.1,57,2676,5.32,5.35,3.25
"10434",18521,1.6,"Very Good","J","SI1",62.7,58,7550,7.37,7.41,4.63
"10435",13385,0.31,"Ideal","E","SI1",60.1,57,601,4.36,4.39,2.63
"10436",53707,0.81,"Good","F","SI1",64.3,53,2718,5.91,5.97,3.81
"10437",24008,1.18,"Very Good","F","VVS1",60.4,59,12175,6.82,6.86,4.13
"10438",50610,0.7,"Very Good","H","VS2",60,55,2287,5.73,5.77,3.45
"10439",49280,0.54,"Good","F","VS1",63.7,55,2090,5.16,5.11,3.27
"10440",15864,1.01,"Ideal","E","SI1",60.8,56,6346,6.53,6.47,3.95
"10441",39818,0.5,"Very Good","E","SI2",63.2,61,1097,5.05,5.02,3.18
"10442",13032,0.41,"Good","G","I1",63.8,56,600,4.74,4.7,3.01
"10443",49602,0.6,"Ideal","E","VS2",62.3,53.8,2137,5.41,5.45,3.38
"10444",7279,1,"Premium","H","SI2",62.7,58,4200,6.33,6.31,3.96
"10445",27281,2.01,"Premium","F","SI2",61.3,61,17746,8.02,7.96,4.9
"10446",8348,1.02,"Very Good","E","SI2",63,57,4398,6.39,6.44,4.04
"10447",48372,0.74,"Ideal","J","SI1",61.7,56,1963,5.81,5.85,3.6
"10448",44348,0.56,"Ideal","E","SI1",62.7,57,1580,5.23,5.27,3.29
"10449",25962,2.01,"Very Good","I","SI1",64.1,57,15145,7.89,7.94,5.07
"10450",42198,0.58,"Good","E","SI1",59.3,64,1287,5.48,5.42,3.23
"10451",34891,0.35,"Premium","F","VS2",60.9,57,879,4.58,4.55,2.78
"10452",47430,0.51,"Ideal","G","VS1",61.8,56,1852,5.1,5.15,3.17
"10453",49606,0.7,"Good","G","SI1",64.6,59,2137,5.49,5.54,3.56
"10454",4780,1.23,"Fair","E","I1",67.4,56,3692,6.76,6.56,4.49
"10455",16304,1.5,"Good","J","SI1",64.5,56,6523,7.09,7.18,4.6
"10456",48392,0.7,"Very Good","G","SI2",58.2,63,1966,5.82,5.79,3.38
"10457",3254,0.9,"Good","H","SI1",63.8,58,3357,6.05,6.12,3.88
"10458",41997,0.43,"Ideal","D","VS1",61.6,56,1264,4.86,4.85,2.99
"10459",29560,0.33,"Premium","F","SI1",60.9,59,705,4.45,4.42,2.7
"10460",42188,0.5,"Good","G","SI1",62.5,64,1286,4.99,4.93,3.1
"10461",30707,0.4,"Premium","E","SI1",60.9,60,737,4.75,4.77,2.9
"10462",16668,1.06,"Very Good","G","VS1",62.8,54,6663,6.5,6.56,4.1
"10463",23913,1.02,"Ideal","E","IF",62.2,56,12030,6.44,6.38,3.99
"10464",45498,0.52,"Very Good","F","VS2",60,61.5,1680,5.19,5.23,3.13
"10465",35860,0.4,"Ideal","F","VS1",62.4,53,917,4.72,4.76,2.96
"10466",24194,1.83,"Very Good","E","SI2",62,57,12379,7.81,7.89,4.87
"10467",22379,0.31,"Very Good","H","VS2",63.1,58,628,4.32,4.27,2.71
"10468",50958,0.81,"Ideal","I","SI1",62.2,57,2323,5.95,5.98,3.71
"10469",42623,0.3,"Very Good","G","VS2",61.8,60,505,4.29,4.25,2.64
"10470",40621,0.41,"Ideal","E","VS1",62.1,55,1153,4.8,4.77,2.97
"10471",41588,0.3,"Ideal","H","SI1",61.9,54,389,4.33,4.36,2.69
"10472",28413,0.29,"Ideal","E","VVS2",62,55,669,4.25,4.27,2.64
"10473",13096,1.21,"Premium","H","SI2",62.6,61,5421,6.75,6.7,4.21
"10474",22935,1.4,"Ideal","H","IF",60.9,57,10976,7.22,7.29,4.42
"10475",18960,1.7,"Premium","I","SI1",59.8,59,7797,7.72,7.7,4.61
"10476",44018,0.51,"Premium","G","VS2",62.3,59,1546,5.1,5.07,3.17
"10477",9069,1.01,"Ideal","I","SI1",62.3,59,4518,6.41,6.37,3.98
"10478",8446,1.01,"Premium","H","VS2",62.3,58,4412,6.45,6.36,3.99
"10479",14029,1.16,"Premium","H","SI1",62.8,57,5702,6.73,6.67,4.21
"10480",12362,0.26,"Very Good","E","VVS2",61.5,58,597,4.08,4.12,2.52
"10481",31936,0.3,"Premium","F","VS2",60.6,60,776,4.39,4.36,2.65
"10482",12971,1.06,"Ideal","G","SI1",60.5,57,5393,6.64,6.59,4
"10483",40651,0.5,"Very Good","E","SI2",61.3,56,1154,5.08,5.13,3.13
"10484",47577,0.6,"Premium","E","VS1",61,61,1875,5.46,5.39,3.31
"10485",29593,0.32,"Good","D","SI1",63.8,55,706,4.36,4.35,2.78
"10486",5782,0.9,"Very Good","E","SI2",62.6,58,3902,6.1,6.16,3.84
"10487",21808,1.74,"Ideal","D","SI2",59.7,55,9880,7.9,7.84,4.7
"10488",9371,0.32,"Very Good","D","SI1",62.8,56,589,4.34,4.35,2.73
"10489",33586,0.35,"Very Good","G","IF",62.1,56,833,4.54,4.57,2.82
"10490",8535,0.91,"Premium","D","SI1",60.2,60,4429,6.25,6.3,3.78
"10491",38252,0.31,"Very Good","J","VS2",62.3,60,380,4.29,4.34,2.69
"10492",13383,0.3,"Ideal","F","VS2",62.5,53.3,601,4.28,4.31,2.69
"10493",8227,1,"Ideal","F","SI2",61.3,56,4372,6.43,6.46,3.95
"10494",41537,0.42,"Ideal","G","VVS1",62,56,1235,4.84,4.81,2.99
"10495",14021,1,"Good","G","VS2",63.1,61,5702,6.33,6.38,4.01
"10496",53497,0.73,"Premium","G","VS1",63,57,2683,5.75,5.67,3.6
"10497",2753,0.9,"Good","H","SI2",63.6,60,3250,6.06,6.11,3.87
"10498",16017,1.22,"Very Good","G","SI2",63.2,58,6409,6.82,6.76,4.29
"10499",23630,1.5,"Very Good","H","VVS1",63.8,57,11654,7.17,7.21,4.59
"10500",49998,0.58,"Premium","E","VS2",59.6,59,2192,5.43,5.38,3.22
"10501",12090,1.23,"Ideal","F","SI2",61.9,56,5163,6.89,6.93,4.28
"10502",9719,0.3,"Ideal","H","VVS2",61.5,55,590,4.34,4.37,2.68
"10503",35642,0.31,"Ideal","G","VVS2",61.9,55,907,4.36,4.33,2.69
"10504",27254,2.29,"Premium","H","SI2",62.5,58,17666,8.43,8.37,5.25
"10505",16444,1.26,"Very Good","I","VS1",61.8,61,6566,6.9,6.95,4.28
"10506",39176,0.35,"Ideal","D","VS2",60.6,56,1063,4.57,4.54,2.76
"10507",44274,0.52,"Ideal","E","VS2",60.4,57,1576,5.17,5.22,3.14
"10508",21453,1.49,"Very Good","H","VS2",62.7,60,9552,7.24,7.31,4.56
"10509",18492,1,"Very Good","E","VS1",62.3,53,7528,6.35,6.39,3.97
"10510",30977,0.37,"Ideal","F","VS2",60.6,56,746,4.63,4.64,2.81
"10511",28936,0.3,"Premium","G","VVS2",62.2,59,684,4.28,4.31,2.67
"10512",50310,0.31,"Very Good","E","SI1",59.1,59,544,4.42,4.44,2.62
"10513",10464,1.01,"Premium","E","SI2",60.4,60,4790,6.46,6.49,3.91
"10514",8408,1.07,"Ideal","G","SI2",62,57,4401,6.58,6.55,4.07
"10515",30160,0.4,"Very Good","D","SI1",63,57,720,4.66,4.7,2.95
"10516",26780,2.01,"Premium","I","VS2",60.5,60,16626,8.15,8.17,4.94
"10517",48921,0.7,"Very Good","G","SI1",62.5,60,2042,5.64,5.68,3.54
"10518",46778,0.74,"Premium","I","SI2",60.6,60,1803,5.89,5.8,3.54
"10519",48277,0.53,"Ideal","D","VS2",62.6,56,1956,5.18,5.14,3.23
"10520",40820,0.39,"Ideal","D","VS1",62,57,1170,4.71,4.67,2.91
"10521",35809,0.31,"Ideal","F","IF",62.1,54,914,4.33,4.37,2.7
"10522",13758,2.22,"Fair","J","I1",66.7,56,5607,8.04,8.02,5.36
"10523",13056,1.13,"Premium","H","SI1",62.1,58,5410,6.7,6.66,4.15
"10524",17099,1.23,"Ideal","I","VS2",62.4,58,6817,6.81,6.88,4.27
"10525",19213,1.21,"Ideal","E","SI1",62.1,56,7955,6.83,6.88,4.26
"10526",29407,0.33,"Ideal","G","VS1",61.9,55,699,4.44,4.49,2.77
"10527",1583,0.91,"Very Good","F","SI1",63.1,60,3007,6.13,6.1,3.86
"10528",16328,2,"Fair","F","I1",66.1,57,6532,7.84,7.7,5.14
"10529",41602,0.24,"Very Good","F","VS1",59.3,57,393,4.07,4.12,2.43
"10530",50957,0.66,"Very Good","H","VVS1",61.9,59,2323,5.59,5.65,3.48
"10531",23279,1.51,"Very Good","F","SI1",62.1,55,11302,7.29,7.37,4.55
"10532",53739,0.7,"Ideal","G","VS2",62.3,57,2723,5.67,5.7,3.54
"10533",53099,0.77,"Premium","E","SI2",61.7,61,2614,5.93,5.9,3.65
"10534",8388,0.35,"Premium","F","SI1",62.3,58,583,4.49,4.53,2.81
"10535",51947,0.71,"Premium","E","SI1",59.1,60,2441,5.87,5.84,3.46
"10536",1280,0.54,"Ideal","F","VVS1",61.6,55,2951,5.27,5.28,3.25
"10537",34884,0.31,"Premium","E","VS1",62.6,60,879,4.33,4.29,2.7
"10538",45297,0.51,"Very Good","E","VS2",63.1,55,1662,5.13,5.1,3.23
"10539",53328,0.73,"Ideal","G","SI1",62.1,56,2654,5.74,5.79,3.58
"10540",26117,2.06,"Premium","I","VS1",58.4,55,15393,8.42,8.35,4.9
"10541",6788,1.2,"Premium","J","SI1",62.8,58,4113,6.77,6.7,4.23
"10542",17179,1.12,"Ideal","F","VS2",60.9,55,6858,6.73,6.67,4.08
"10543",30763,0.25,"Very Good","E","VVS2",63.1,56,740,4.05,4,2.54
"10544",15222,1.24,"Ideal","F","SI2",61.7,57,6111,6.91,6.86,4.25
"10545",21702,0.41,"Very Good","J","VS2",61.6,57,627,4.79,4.82,2.96
"10546",22136,1.61,"Premium","J","IF",62.1,58,10165,7.47,7.53,4.66
"10547",26145,2.05,"Ideal","J","VS1",61.8,58,15450,8.12,8.16,5.03
"10548",7823,1,"Premium","D","SI2",60.3,58,4295,6.48,6.45,3.9
"10549",8757,0.91,"Very Good","D","SI1",62.1,59,4466,6.1,6.18,3.81
"10550",20287,1.27,"Ideal","G","VS2",62.8,54,8705,6.92,6.87,4.33
"10551",27079,1.71,"Ideal","G","VS1",61.4,57,17204,7.72,7.65,4.72
"10552",38301,0.37,"Ideal","J","VS1",62.6,57,487,4.54,4.57,2.85
"10553",12063,1.01,"Ideal","F","SI2",61.7,56,5154,6.43,6.47,3.98
"10554",15049,0.3,"Ideal","G","VS1",62,54,605,4.3,4.35,2.68
"10555",30595,0.31,"Ideal","D","VS2",62,55,734,4.36,4.38,2.71
"10556",11367,1,"Very Good","G","SI1",59.6,60,4997,6.43,6.49,3.85
"10557",2377,0.32,"Premium","I","VVS2",62.1,59,561,4.35,4.38,2.71
"10558",4878,0.73,"Ideal","E","VVS2",62,57,3714,5.79,5.73,3.57
"10559",17141,1,"Very Good","F","VS2",63.8,56.9,6841,6.29,6.36,4.04
"10560",42825,0.55,"Premium","F","SI1",62.9,58,1354,5.26,5.23,3.3
"10561",39398,0.41,"Ideal","G","VVS2",61,57,1076,4.8,4.78,2.92
"10562",28607,0.3,"Premium","E","SI1",61.3,60,675,4.31,4.27,2.63
"10563",41406,0.4,"Very Good","F","VVS1",63.3,57,1224,4.7,4.68,2.97
"10564",35380,0.41,"Premium","G","VS1",61.9,58,899,4.75,4.78,2.95
"10565",40864,0.56,"Very Good","I","SI1",61.8,56,1175,5.22,5.3,3.25
"10566",20348,1.7,"Ideal","I","SI2",60.7,59,8743,7.69,7.64,4.65
"10567",34757,0.41,"Premium","H","SI1",61.7,60,876,4.75,4.71,2.92
"10568",42662,0.57,"Ideal","D","SI2",62.3,53,1333,5.32,5.34,3.32
"10569",11011,1.01,"Premium","G","SI1",61.5,59,4916,6.43,6.48,3.97
"10570",48329,0.24,"Premium","E","VS2",62.6,58,536,4.03,3.99,2.51
"10571",20426,1.22,"Premium","G","VS1",61.3,58,8779,6.91,6.89,4.23
"10572",13929,1.1,"Very Good","F","SI1",60.5,60,5667,6.65,6.67,4.03
"10573",24848,1.38,"Ideal","G","VVS1",61.8,56,13250,7.15,7.12,4.41
"10574",45140,0.57,"Very Good","E","VS2",63,59,1654,5.25,5.29,3.32
"10575",19560,1.5,"Premium","G","SI2",62,62,8190,7.31,7.25,4.51
"10576",51289,0.57,"Premium","D","VS1",60.6,59,2360,5.38,5.32,3.24
"10577",7654,0.9,"Good","G","VS2",63.6,58,4269,6.08,6.12,3.88
"10578",48510,0.61,"Very Good","E","SI1",62.2,60,1983,5.44,5.4,3.37
"10579",37375,0.4,"Ideal","D","VS2",61.3,57,982,4.75,4.77,2.92
"10580",5701,0.3,"Very Good","D","SI2",63.4,56,574,4.29,4.26,2.71
"10581",18070,1.03,"Ideal","F","VS1",60.7,56,7296,6.54,6.6,3.99
"10582",35575,0.35,"Ideal","F","VS2",61.5,57,906,4.56,4.52,2.79
"10583",22199,1.6,"Very Good","I","VS1",62.3,59,10238,7.46,7.51,4.66
"10584",42823,0.52,"Ideal","G","SI1",60.4,57,1354,5.23,5.27,3.17
"10585",39455,0.57,"Ideal","H","SI2",62.3,56,1077,5.31,5.28,3.3
"10586",49724,0.7,"Good","G","SI1",63.7,60,2150,5.57,5.51,3.53
"10587",19821,1.2,"Good","G","VS1",63.6,58,8387,6.59,6.56,4.18
"10588",9493,1.05,"Good","H","SI1",63.1,60,4608,6.42,6.49,4.07
"10589",40222,0.4,"Premium","D","VS1",62.1,58,1123,4.7,4.73,2.93
"10590",52033,0.71,"Good","I","VVS2",63.6,57,2450,5.69,5.66,3.61
"10591",4346,0.78,"Ideal","E","VS2",61.7,55,3601,5.92,6,3.68
"10592",30166,0.4,"Good","D","SI1",63.1,57,720,4.69,4.73,2.97
"10593",40629,0.41,"Premium","E","VS1",62.2,57,1153,4.78,4.74,2.96
"10594",7348,1.11,"Premium","H","SI2",61.5,59,4212,6.61,6.56,4.05
"10595",37379,0.4,"Very Good","F","VS1",61.5,59,982,4.71,4.76,2.91
"10596",32264,0.3,"Very Good","G","VVS1",62.7,59,789,4.22,4.27,2.66
"10597",28437,0.3,"Ideal","E","VS1",62.1,58,670,4.27,4.3,2.66
"10598",32064,0.33,"Ideal","D","SI1",61.3,56,780,4.46,4.44,2.73
"10599",21311,1.04,"Ideal","G","VVS2",61.5,57,9465,6.51,6.54,4.01
"10600",12350,1.14,"Premium","F","SI1",62.5,59,5228,6.67,6.65,4.16
"10601",43563,0.58,"Fair","G","VS2",65,56,1430,5.23,5.17,3.38
"10602",2929,0.91,"Very Good","J","VS2",61.6,59,3290,6.13,6.25,3.81
"10603",11760,1.26,"Premium","I","SI2",60.1,59,5080,7.03,6.99,4.21
"10604",10672,1.03,"Ideal","D","SI2",60.7,55,4839,6.61,6.53,3.99
"10605",21199,1.1,"Ideal","F","VVS2",61.2,56,9343,6.71,6.64,4.08
"10606",24785,2.75,"Ideal","D","I1",60.9,57,13156,9.04,8.98,5.49
"10607",27900,0.4,"Good","G","SI1",63.3,58,655,4.66,4.69,2.96
"10608",4889,0.9,"Ideal","G","SI2",62.3,56,3718,6.14,6.21,3.85
"10609",13171,1.06,"Very Good","E","SI1",63.7,55,5445,6.45,6.49,4.12
"10610",49845,0.71,"Premium","F","SI2",62.3,60,2169,5.7,5.67,3.54
"10611",7910,1.07,"Premium","I","SI1",60.7,61,4314,6.6,6.55,3.99
"10612",8161,1.1,"Very Good","D","SI2",58.6,63,4361,6.76,6.69,3.94
"10613",23060,1.25,"Premium","E","VS1",61.5,59,11088,6.95,6.91,4.26
"10614",18376,0.38,"Ideal","J","VS2",61.4,57,617,4.65,4.68,2.87
"10615",43806,0.51,"Very Good","G","VS2",63.4,55,1443,5.06,5.03,3.2
"10616",42514,0.52,"Very Good","D","SI1",62.7,56,1323,5.08,5.13,3.2
"10617",28858,0.41,"Ideal","E","SI2",61.9,57,683,4.76,4.8,2.96
"10618",29670,0.32,"Ideal","G","VS1",61.3,55,707,4.45,4.43,2.72
"10619",50837,0.7,"Very Good","E","SI2",59.6,63,2310,5.76,5.71,3.42
"10620",34917,0.34,"Ideal","F","VS2",62.1,55,880,4.51,4.47,2.79
"10621",553,0.53,"Ideal","F","VVS1",60.9,57,2830,5.23,5.29,3.19
"10622",31363,0.42,"Very Good","H","SI1",58.6,61,761,4.92,4.95,2.89
"10623",29397,0.31,"Premium","G","VS2",61.7,58,698,4.34,4.32,2.67
"10624",14115,1,"Very Good","G","VS2",63.1,58,5723,6.39,6.31,4.01
"10625",41790,0.52,"Premium","G","SI1",62.6,58,1249,5.13,5.1,3.2
"10626",38529,0.34,"Ideal","E","VS1",61.2,57,1033,4.5,4.45,2.74
"10627",27419,2.04,"Good","H","SI1",58.4,60,18026,8.31,8.36,4.87
"10628",24153,2.17,"Premium","G","SI2",62.2,62,12321,8.32,8.24,5.15
"10629",11191,1.18,"Premium","H","SI2",58.7,60,4956,7.01,6.93,4.09
"10630",17852,1.21,"Premium","E","SI1",62.6,58,7203,6.79,6.82,4.26
"10631",48213,0.76,"Very Good","J","VS2",59.9,59,1949,5.92,5.94,3.55
"10632",52354,0.7,"Very Good","G","VS2",59.6,60,2501,5.71,5.8,3.43
"10633",33514,0.32,"Premium","D","VS2",58.8,59,829,4.52,4.49,2.65
"10634",27714,0.36,"Ideal","H","SI1",62.3,57,648,4.58,4.54,2.84
"10635",24216,2.01,"Premium","J","SI2",62,59,12403,8.04,8.1,5
"10636",651,0.71,"Ideal","G","VVS2",60.7,57,2843,5.81,5.78,3.52
"10637",41927,0.4,"Premium","F","VVS1",60.8,59,1263,4.74,4.76,2.89
"10638",1262,0.73,"Ideal","D","SI1",61.2,57,2947,5.79,5.81,3.55
"10639",5069,0.3,"Premium","G","SI1",59.8,57,574,4.37,4.32,2.6
"10640",10771,1.13,"Premium","I","SI1",61.5,60,4854,6.72,6.68,4.12
"10641",18614,1.06,"Ideal","F","VS2",61.2,57,7592,6.58,6.55,4.02
"10642",49096,0.71,"Very Good","I","SI1",60.2,58,2063,5.76,5.83,3.49
"10643",48278,0.53,"Ideal","D","VS2",62.2,56,1956,5.19,5.16,3.22
"10644",25390,2.03,"Ideal","J","VS2",60.5,57,14083,8.26,8.2,4.98
"10645",16646,1.1,"Ideal","G","VS2",60,57,6653,6.74,6.7,4.03
"10646",22119,1.5,"Very Good","I","IF",62.9,58,10147,7.21,7.31,4.57
"10647",16624,1.07,"Premium","G","VS2",62.5,57,6644,6.58,6.5,4.09
"10648",28690,0.26,"Very Good","F","VVS1",60.8,58,679,4.11,4.18,2.52
"10649",35287,0.3,"Very Good","J","VS2",63.4,57,473,4.26,4.22,2.69
"10650",31972,0.26,"Premium","E","VS1",61.9,58,452,4.1,4.11,2.54
"10651",2056,0.32,"Premium","G","VS2",62.6,60,561,4.33,4.36,2.72
"10652",7577,0.9,"Very Good","H","VS2",60,56,4255,6.3,6.34,3.79
"10653",17222,1.21,"Very Good","H","VS2",60.1,57,6887,6.88,6.97,4.16
"10654",53526,0.74,"Very Good","G","SI1",61.6,58,2690,5.78,5.81,3.57
"10655",13144,1.33,"Premium","H","SI2",61,59,5437,7.1,7.06,4.32
"10656",35001,0.43,"Premium","E","SI2",61.8,60,882,4.85,4.83,2.99
"10657",184,0.72,"Ideal","G","SI1",60.7,56,2776,5.79,5.82,3.53
"10658",32803,0.34,"Ideal","E","VS1",61.2,57,805,4.45,4.51,2.74
"10659",21068,1.29,"Ideal","G","VS2",61.3,57,9243,6.99,7.07,4.31
"10660",22747,1.78,"Premium","E","SI2",60.5,59,10765,7.89,7.8,4.75
"10661",7438,0.93,"Ideal","E","SI1",62.8,56,4229,6.24,6.19,3.9
"10662",906,0.7,"Good","H","VVS1",62.7,56,2877,5.6,5.66,3.53
"10663",30459,0.45,"Very Good","E","SI2",63.2,54,731,4.94,4.82,3.09
"10664",42723,0.52,"Ideal","E","SI1",62.1,54,1341,5.17,5.2,3.22
"10665",6404,1.01,"Premium","G","SI2",61.1,58,4038,6.39,6.37,3.9
"10666",29927,0.36,"Ideal","D","SI1",61.9,55.7,713,4.57,4.59,2.84
"10667",12918,1.28,"Premium","H","SI2",60.2,60,5376,6.97,6.93,4.31
"10668",32477,0.34,"Very Good","F","VS1",61.1,60,795,4.46,4.51,2.74
"10669",39310,0.5,"Fair","F","SI1",64.7,60,1069,4.99,4.84,3.18
"10670",19224,1.01,"Premium","G","VVS2",61.9,59,7964,6.45,6.41,3.98
"10671",15765,0.9,"Ideal","G","VVS2",61.6,56,6302,6.2,6.23,3.83
"10672",28700,0.43,"Very Good","F","SI2",60.5,59,679,4.88,4.91,2.96
"10673",27467,2.1,"Ideal","F","SI2",61,60,18124,8.22,8.2,5.01
"10674",48773,0.72,"Premium","E","SI2",61.6,59,2019,5.83,5.68,3.55
"10675",18803,1.71,"Ideal","J","SI2",60.8,57,7695,7.69,7.64,4.66
"10676",33711,0.42,"Ideal","F","SI1",61.6,55,838,4.85,4.83,2.98
"10677",34537,0.33,"Ideal","E","VVS2",61.7,57,868,4.41,4.44,2.73
"10678",1017,0.73,"Premium","E","VS2",62,60,2902,5.76,5.73,3.56
"10679",2447,1.03,"Good","J","SI2",56.2,62,3188,6.69,6.73,3.77
"10680",39044,0.4,"Premium","E","VVS2",61.4,56,1056,4.81,4.74,2.93
"10681",45821,0.56,"Good","F","VS1",59.1,62,1712,5.36,5.42,3.19
"10682",13984,1.24,"Premium","H","SI2",59.9,60,5694,7.02,7,4.2
"10683",4190,0.79,"Ideal","G","VS1",62,56,3561,5.91,5.94,3.67
"10684",52305,0.23,"Ideal","F","VS1",61.1,56,548,3.97,3.99,2.43
"10685",12896,1.2,"Very Good","D","SI2",63.1,57,5373,6.68,6.75,4.24
"10686",27466,2.12,"Premium","E","SI2",58.3,59,18120,8.48,8.41,4.92
"10687",9144,1,"Very Good","I","SI1",63.3,56,4538,6.27,6.36,4
"10688",47327,0.23,"Very Good","D","VVS2",61.9,58,530,3.91,3.94,2.43
"10689",5589,0.92,"Premium","F","SI2",59.3,61,3864,6.36,6.29,3.75
"10690",13211,1.13,"Ideal","E","SI2",62.2,56,5457,6.7,6.66,4.16
"10691",17878,1.41,"Very Good","F","SI2",61.4,59,7215,7.17,7.2,4.41
"10692",6018,0.9,"Very Good","H","VS1",62.6,55,3964,6.14,6.19,3.86
"10693",28262,0.23,"Very Good","D","VS1",61.8,57,357,3.9,3.93,2.42
"10694",47221,0.5,"Premium","F","VS1",62,58,1838,5.1,5.03,3.14
"10695",49582,0.55,"Ideal","H","IF",61.7,55,2133,5.27,5.29,3.26
"10696",2118,1.02,"Premium","J","SI2",62.3,58,3119,6.42,6.37,3.98
"10697",18426,1.09,"Good","D","VS1",63.9,57,7493,6.57,6.49,4.17
"10698",22012,1.52,"Good","H","SI1",63.8,60,10078,7.3,7.24,4.64
"10699",21779,1.21,"Premium","F","VS1",61.1,57,9846,6.93,6.89,4.22
"10700",21012,1.17,"Ideal","G","VVS2",60.6,56,9225,6.87,6.84,4.15
"10701",9099,1.01,"Very Good","I","SI1",63.2,54,4525,6.41,6.35,4.03
"10702",27857,0.3,"Ideal","F","VS1",62.2,54.4,652,4.3,4.33,2.68
"10703",22009,1.52,"Premium","H","SI1",62.5,58,10078,7.33,7.29,4.57
"10704",8373,0.31,"Ideal","F","VS2",60.8,57,583,4.38,4.41,2.67
"10705",3106,0.72,"Ideal","D","SI1",62.2,56,3322,5.77,5.74,3.58
"10706",31335,0.41,"Ideal","G","SI1",61.4,56,759,4.81,4.83,2.96
"10707",39376,0.5,"Ideal","G","SI2",62.1,55,1074,5.12,5.15,3.19
"10708",12944,1.01,"Fair","D","SI1",66,57,5385,6.29,6.22,4.13
"10709",51001,0.73,"Very Good","F","SI1",61.6,62,2326,5.71,5.76,3.53
"10710",24847,1.73,"Ideal","I","VS1",61.4,57,13250,7.7,7.65,4.71
"10711",9236,1.01,"Good","H","SI1",63.3,58,4559,6.37,6.4,4.04
"10712",29083,0.4,"Ideal","E","SI2",62.2,53,689,4.73,4.76,2.95
"10713",9468,1.04,"Premium","I","SI1",60.7,59,4601,6.6,6.57,4
"10714",41485,0.39,"Very Good","D","VVS2",62.9,58,1232,4.62,4.66,2.92
"10715",17212,1,"Very Good","D","VS2",62.6,56,6881,6.33,6.39,3.98
"10716",23404,2.02,"Very Good","I","SI2",63.3,59,11390,7.93,8,5.04
"10717",43556,0.52,"Ideal","D","SI1",62.2,54,1429,5.14,5.18,3.21
"10718",19417,1.12,"Very Good","G","VVS1",58.9,60,8072,6.78,6.91,4.03
"10719",50062,0.71,"Very Good","I","VS1",63.1,57,2202,5.68,5.58,3.55
"10720",47717,0.66,"Ideal","G","SI1",61.7,55,1885,5.64,5.6,3.47
"10721",37339,0.43,"Ideal","E","VS2",62,57,981,4.82,4.85,3
"10722",34985,0.34,"Premium","F","VS2",62.6,59,880,4.48,4.44,2.79
"10723",50353,0.71,"Very Good","H","SI1",62.9,58,2246,5.62,5.66,3.55
"10724",13251,1.03,"Ideal","E","SI1",62.1,56,5476,6.43,6.48,4.01
"10725",19768,1.65,"Ideal","J","SI1",62.5,56,8334,7.59,7.54,4.73
"10726",13905,1.07,"Very Good","J","VVS2",60,60,5661,6.57,6.59,3.95
"10727",6052,0.32,"Ideal","I","VS2",63,56,576,4.42,4.38,2.77
"10728",8554,1.01,"Premium","E","SI2",62.5,60,4434,6.42,6.39,4
"10729",2057,0.32,"Very Good","H","VS1",60.5,59,561,4.41,4.42,2.67
"10730",42885,0.5,"Ideal","E","SI2",60.7,56,1359,5.16,5.19,3.14
"10731",10188,1.33,"Premium","F","SI2",60.4,60,4737,7.17,7.11,4.31
"10732",36258,0.34,"Ideal","F","VVS1",62.9,56,935,4.45,4.48,2.81
"10733",50959,1.01,"Very Good","I","SI1",60.9,63,2323,6.51,6.43,3.94
"10734",47133,0.53,"Very Good","E","VS1",61.9,59,1830,5.16,5.21,3.21
"10735",52964,0.24,"Very Good","F","IF",60.4,58,552,4.02,4.06,2.44
"10736",52161,0.7,"Premium","D","SI1",60.8,58,2473,5.79,5.66,3.48
"10737",48450,0.55,"Ideal","E","VS1",61.7,55,1975,5.27,5.29,3.26
"10738",4283,1,"Premium","H","SI2",60,62,3584,6.53,6.51,3.91
"10739",3803,0.56,"Ideal","D","VVS1",61.9,56,3465,5.28,5.32,3.28
"10740",17116,1.09,"Very Good","G","VS1",62.5,59,6827,6.54,6.57,4.1
"10741",46701,0.55,"Premium","G","VS1",59.4,62,1792,5.36,5.32,3.17
"10742",6217,0.99,"Very Good","J","SI1",60.3,57,4002,6.44,6.49,3.9
"10743",45729,0.55,"Premium","E","SI1",60.8,58,1698,5.32,5.29,3.22
"10744",51691,0.62,"Premium","G","VVS2",59.2,59,2399,5.58,5.56,3.3
"10745",38912,0.33,"Ideal","G","IF",61.6,55,1052,4.51,4.48,2.77
"10746",30848,0.33,"Premium","H","VS1",60.2,62,743,4.47,4.44,2.68
"10747",17323,1.28,"Premium","H","SI1",62.3,58,6946,7,6.94,4.34
"10748",20536,1.11,"Ideal","G","VVS2",61.8,57,8858,6.67,6.64,4.11
"10749",17008,1.33,"Premium","F","SI2",59.9,58,6790,7.17,7.13,4.28
"10750",23959,1.32,"Ideal","G","VS1",61.6,57,12094,6.97,7.05,4.32
"10751",14057,0.3,"Premium","F","VS2",61.4,60,605,4.29,4.34,2.65
"10752",44995,0.31,"Premium","I","SI1",61.5,59,523,4.37,4.35,2.68
"10753",32873,0.38,"Good","D","VS2",64.1,55,809,4.58,4.62,2.95
"10754",4800,0.92,"Ideal","G","SI2",63,57,3697,6.16,6.13,3.87
"10755",17166,2,"Good","G","I1",63.9,58,6854,7.99,7.91,5.08
"10756",42760,0.56,"Ideal","G","SI1",62.5,57,1345,5.26,5.23,3.28
"10757",47640,0.51,"Ideal","D","VS2",61.9,55,1882,5.13,5.11,3.17
"10758",41830,0.46,"Ideal","H","VS2",61.5,55,1252,4.98,5.01,3.07
"10759",41651,0.5,"Fair","D","SI1",64.6,61,1238,5.05,4.95,3.23
"10760",6050,0.32,"Premium","I","VS2",62.6,58,576,4.42,4.37,2.75
"10761",10525,1.01,"Premium","G","SI1",60,58,4805,6.55,6.51,3.92
"10762",50162,0.72,"Very Good","G","SI2",61.9,59,2218,5.67,5.71,3.52
"10763",20470,1.03,"Ideal","E","VVS2",61.9,57,8811,6.46,6.5,4.01
"10764",44583,0.53,"Ideal","G","VS1",61.6,57,1607,5.21,5.24,3.22
"10765",34645,0.31,"Ideal","E","VS2",61.9,55,872,4.38,4.34,2.7
"10766",2686,0.81,"Very Good","E","SI1",61.9,58,3243,5.92,5.97,3.68
"10767",3849,0.7,"Very Good","D","VS1",61.6,58,3477,5.67,5.73,3.51
"10768",37726,0.34,"Ideal","G","VVS2",61.6,56,995,4.49,4.47,2.76
"10769",53440,0.73,"Good","H","VS1",64.1,58.8,2673,5.63,5.67,3.62
"10770",33461,0.32,"Premium","G","VS1",61.8,60,828,4.36,4.35,2.69
"10771",41351,0.57,"Good","H","SI1",63.1,54,1218,5.28,5.3,3.34
"10772",5134,1,"Premium","I","VS1",60.3,62,3763,6.46,6.41,3.88
"10773",21426,1.5,"Very Good","I","VS2",63.3,55,9533,7.3,7.26,4.61
"10774",46524,0.51,"Premium","G","VS1",61.1,58,1781,5.19,5.12,3.15
"10775",44636,0.57,"Very Good","G","VS2",62.8,57,1608,5.23,5.28,3.3
"10776",46191,0.52,"Ideal","H","VVS2",61,57,1749,5.16,5.2,3.16
"10777",24707,0.41,"Ideal","I","SI1",61.6,56,639,4.79,4.82,2.96
"10778",27695,0.41,"Ideal","J","VS1",61.3,57,648,4.81,4.84,2.96
"10779",4942,0.58,"Ideal","D","VVS1",62.1,55,3732,5.33,5.37,3.32
"10780",7570,0.73,"Ideal","D","VVS2",62.2,56,4252,5.79,5.73,3.58
"10781",53394,0.7,"Ideal","F","SI1",59.8,55,2665,5.83,5.75,3.46
"10782",30813,0.38,"Ideal","G","VS2",61.6,55,743,4.67,4.71,2.89
"10783",6359,1,"Fair","F","SI2",59,67,4036,6.48,6.41,3.8
"10784",23206,2.01,"Fair","J","SI1",64.4,61,11212,7.74,7.78,5
"10785",24619,1.51,"Ideal","G","VS2",62.2,57,12947,7.28,7.36,4.55
"10786",42052,0.55,"Premium","H","VS2",59.9,61,1270,5.31,5.28,3.17
"10787",45955,0.56,"Ideal","D","SI1",62.3,56,1723,5.26,5.33,3.3
"10788",17694,1.27,"Premium","G","SI1",61.4,59,7133,6.98,6.94,4.27
"10789",37586,0.32,"Ideal","F","VVS1",62.1,56,990,4.43,4.39,2.74
"10790",18456,1.01,"Premium","D","VS2",60,59,7508,6.53,6.48,3.9
"10791",17555,1.55,"Very Good","H","SI1",63.2,57,7066,7.35,7.31,4.64
"10792",35305,0.3,"Ideal","I","VS1",61,56,473,4.35,4.37,2.66
"10793",53247,0.55,"Ideal","D","VVS2",61.1,57,2644,5.32,5.29,3.24
"10794",7865,1,"Good","E","SI2",62.1,61,4307,6.36,6.4,3.96
"10795",43560,0.51,"Good","D","VS2",60.1,65,1430,5.14,5.17,3.1
"10796",1235,0.71,"Premium","F","VS1",61.1,58,2942,5.76,5.72,3.51
"10797",8259,0.92,"Premium","E","SI1",61.3,58,4379,6.19,6.25,3.81
"10798",45723,0.55,"Premium","D","SI1",61.6,56,1698,5.28,5.24,3.24
"10799",26302,1.55,"Premium","F","VS1",61.6,56,15801,7.45,7.38,4.57
"10800",3600,0.7,"Premium","D","VS1",61.2,60,3425,5.69,5.71,3.49
"10801",28784,0.37,"Ideal","D","SI1",61.5,57,681,4.6,4.63,2.84
"10802",36586,0.33,"Ideal","G","IF",61.9,55,946,4.44,4.45,2.75
"10803",31565,0.31,"Ideal","D","VVS2",62.4,56,766,4.34,4.38,2.72
"10804",40984,0.5,"Ideal","E","SI2",62.8,55,1181,5.08,5.05,3.18
"10805",40639,0.41,"Premium","E","VS1",62.8,58,1153,4.72,4.7,2.96
"10806",22663,1.04,"Ideal","D","VS1",61.6,57,10709,6.52,6.56,4.03
"10807",11066,0.34,"Premium","E","SI1",61.8,58,596,4.47,4.5,2.77
"10808",32133,0.41,"Premium","F","SI2",60.9,58,784,4.82,4.8,2.93
"10809",30371,0.36,"Ideal","H","VS2",62.1,55,729,4.58,4.57,2.84
"10810",27819,0.34,"Premium","G","SI1",59.7,59,650,4.54,4.5,2.7
"10811",21578,1.51,"Good","H","SI1",61.8,62,9681,7.25,7.29,4.49
"10812",37197,0.52,"Very Good","I","SI2",60.9,59,974,5.14,5.18,3.14
"10813",12417,1.29,"Ideal","J","SI1",61.6,57,5237,7,7.06,4.33
"10814",46698,0.56,"Ideal","E","VS2",61.5,57,1792,5.29,5.32,3.26
"10815",49854,0.71,"Very Good","G","SI2",62.4,54,2171,5.72,5.76,3.58
"10816",23737,1.68,"Ideal","E","SI2",60.4,55,11781,7.7,7.79,4.68
"10817",13432,0.92,"Ideal","E","SI1",62.1,56,5516,6.22,6.24,3.87
"10818",37433,0.33,"Premium","G","IF",60.8,58,984,4.42,4.46,2.7
"10819",35905,0.32,"Ideal","G","IF",61.5,55,918,4.43,4.45,2.73
"10820",48470,0.74,"Very Good","J","VS2",62.3,55,1978,5.79,5.83,3.62
"10821",31186,0.32,"Premium","D","SI1",63,58,756,4.4,4.36,2.76
"10822",16791,1.21,"Ideal","I","VS1",61.5,58,6691,6.84,6.88,4.22
"10823",27993,0.3,"Premium","E","VS2",60.4,58,658,4.3,4.34,2.61
"10824",42381,0.71,"Premium","J","SI2",61.8,54,1305,5.74,5.7,3.53
"10825",35493,0.41,"Ideal","F","SI1",61.6,57,904,4.8,4.78,2.95
"10826",52187,0.75,"Ideal","G","SI1",62.2,57,2478,5.84,5.8,3.62
"10827",33786,0.32,"Premium","H","IF",61.2,58,842,4.37,4.39,2.68
"10828",37698,0.41,"Ideal","J","VVS1",62,57,994,4.79,4.73,2.95
"10829",44289,0.52,"Premium","H","VS1",59.2,60,1577,5.27,5.23,3.11
"10830",32787,0.43,"Very Good","F","VS2",62.5,60,804,4.81,4.86,3.02
"10831",13576,1.21,"Ideal","I","SI1",60.6,55,5556,6.92,6.87,4.18
"10832",17698,1.51,"Very Good","J","SI1",62.4,58,7136,7.27,7.32,4.55
"10833",16305,1.07,"Very Good","G","VS2",62.9,59,6525,6.49,6.52,4.09
"10834",20101,1.22,"Very Good","F","VS2",62.3,57,8575,6.8,6.84,4.25
"10835",38683,0.3,"Ideal","F","VVS1",61.9,55,1041,4.32,4.34,2.68
"10836",25652,1.82,"Very Good","F","SI1",63.2,56,14545,7.71,7.64,4.85
"10837",34596,0.27,"Very Good","E","VS2",63.1,57,470,4.07,4.11,2.58
"10838",19161,1,"Fair","E","VVS2",65.4,56,7918,6.28,6.2,4.08
"10839",23509,1.06,"Very Good","E","IF",62.7,58,11518,6.48,6.54,4.08
"10840",21859,1.22,"Ideal","F","VS1",62.3,57,9920,6.79,6.83,4.24
"10841",4246,1.01,"Very Good","G","SI2",60.8,63,3577,6.4,6.36,3.88
"10842",12178,1.2,"Very Good","G","SI2",62.1,56,5183,6.79,6.87,4.24
"10843",21942,1.51,"Premium","H","SI1",61.3,60,10012,7.33,7.29,4.48
"10844",8374,0.31,"Ideal","F","VS2",61.6,56,583,4.35,4.39,2.69
"10845",52506,0.68,"Ideal","G","VS1",61.7,55,2526,5.71,5.66,3.51
"10846",6931,1.01,"Good","F","SI2",64.9,60,4140,6.2,6.25,4.04
"10847",50156,0.54,"Ideal","F","VVS2",61.2,55,2216,5.25,5.27,3.22
"10848",32462,0.36,"Ideal","G","VVS2",61.7,54,794,4.59,4.62,2.84
"10849",51198,0.61,"Very Good","G","VVS2",62.3,59,2351,5.4,5.45,3.38
"10850",39601,0.3,"Ideal","I","VS1",61,58,491,4.3,4.33,2.63
"10851",2742,0.61,"Ideal","F","VVS2",61.4,56,3248,5.44,5.49,3.36
"10852",5383,0.34,"Premium","G","SI2",62.8,59,574,4.47,4.45,2.8
"10853",41590,0.32,"Very Good","J","SI1",62.3,57,389,4.33,4.44,2.73
"10854",4786,1,"Good","E","SI2",57.7,65,3696,6.55,6.59,3.79
"10855",40062,0.53,"Premium","H","SI2",62.5,60,1113,5.18,5.16,3.23
"10856",50663,0.31,"Ideal","G","VS2",61.7,55,544,4.35,4.37,2.69
"10857",33638,0.38,"Premium","G","VS1",61,58,833,4.67,4.71,2.86
"10858",43566,0.51,"Ideal","D","SI1",61,56,1431,5.15,5.17,3.15
"10859",6112,0.82,"Ideal","E","SI1",61.8,53,3979,6.02,6.05,3.73
"10860",24971,2.01,"Very Good","I","SI1",61.7,60,13464,7.99,8.12,4.97
"10861",48275,0.53,"Ideal","D","VS2",61.4,55,1956,5.25,5.21,3.21
"10862",28424,0.38,"Ideal","J","VVS2",61.7,54.6,670,4.65,4.69,2.89
"10863",43053,0.51,"Ideal","I","VS1",62,57,1376,5.1,5.13,3.17
"10864",16333,1.01,"Premium","F","VS2",59.3,62,6533,6.48,6.44,3.83
"10865",22491,1.62,"Very Good","H","SI1",62.8,59,10521,7.4,7.45,4.66
"10866",5063,0.34,"Premium","F","SI2",61.7,61,574,4.48,4.44,2.75
"10867",35975,0.42,"Ideal","F","VS1",60.6,56,921,4.83,4.87,2.94
"10868",35862,0.4,"Ideal","F","VS1",61.8,54,917,4.75,4.77,2.94
"10869",41717,0.47,"Good","F","VS1",59,60.2,1243,5.04,5.09,2.99
"10870",31544,0.3,"Ideal","E","VVS2",62.3,57,766,4.29,4.31,2.68
"10871",24791,2,"Premium","J","VS2",60.8,62,13162,8.12,8.09,4.93
"10872",21418,1.75,"Premium","H","VS2",61.5,58,9526,7.75,7.69,4.75
"10873",44171,0.53,"Ideal","D","SI1",62.3,56,1566,5.15,5.18,3.22
"10874",21621,1.01,"Premium","E","VVS2",61.8,59,9711,6.42,6.39,3.96
"10875",14824,1.24,"Premium","D","SI2",59.1,59,5969,7.03,6.98,4.14
"10876",31583,0.35,"Ideal","E","VS2",61.7,56,767,4.52,4.56,2.8
"10877",36132,0.33,"Ideal","E","VS2",62.3,56,928,4.47,4.46,2.78
"10878",25945,1.51,"Very Good","G","VVS2",62.6,59,15110,7.26,7.3,4.56
"10879",45379,0.72,"Very Good","J","SI1",62.7,56,1666,5.66,5.72,3.57
"10880",32255,0.3,"Ideal","E","VVS2",60.2,57,789,4.37,4.4,2.64
"10881",12327,0.91,"Good","F","VVS2",62.6,61,5225,6.12,6.19,3.85
"10882",40095,0.33,"Ideal","G","VVS1",61.7,56,1114,4.47,4.45,2.75
"10883",47379,0.54,"Ideal","G","VS1",61.3,57,1847,5.28,5.25,3.23
"10884",21232,1.11,"Premium","F","VVS2",59.2,59,9377,6.79,6.82,4.03
"10885",20112,1.5,"Very Good","G","SI2",58.5,62,8580,7.4,7.44,4.34
"10886",4029,0.75,"Ideal","G","VVS2",61.3,55,3525,5.85,5.89,3.59
"10887",24424,1.89,"Ideal","J","VS1",62,56,12674,7.93,7.98,4.93
"10888",14193,1.08,"Premium","D","SI1",62.6,56,5758,6.62,6.57,4.13
"10889",29290,0.31,"Ideal","G","SI2",61.9,55,436,4.37,4.39,2.71
"10890",53567,0.7,"Premium","E","VS1",62.7,60,2695,5.64,5.59,3.52
"10891",985,0.77,"Very Good","G","VS2",61.3,60,2896,5.81,5.91,3.59
"10892",34538,0.33,"Ideal","H","IF",62.1,55,868,4.41,4.44,2.75
"10893",32905,0.33,"Premium","G","VVS1",61.5,59,810,4.42,4.46,2.73
"10894",48847,0.71,"Ideal","G","SI2",61.8,56,2031,5.7,5.72,3.53
"10895",2822,0.93,"Ideal","F","SI2",62,57,3266,6.31,6.28,3.9
"10896",21663,1.71,"Premium","I","SI2",60.6,57,9760,7.78,7.71,4.69
"10897",43519,0.61,"Ideal","F","SI2",61.3,55,1424,5.47,5.55,3.38
"10898",41892,0.41,"Ideal","G","IF",61.7,56,1259,4.79,4.81,2.96
"10899",27034,0.32,"Ideal","F","VS2",62.5,56,645,4.37,4.43,2.75
"10900",17020,1.01,"Ideal","G","VS1",62.4,56,6794,6.44,6.39,4
"10901",29592,0.32,"Ideal","D","SI1",62.9,56,706,4.4,4.38,2.76
"10902",34563,0.38,"Very Good","D","VS2",58.8,61,871,4.72,4.77,2.79
"10903",30766,0.25,"Premium","E","VVS1",62.9,59,740,4.02,3.99,2.52
"10904",16999,1.01,"Premium","G","VS1",60.3,58,6787,6.56,6.5,3.94
"10905",25523,1.51,"Premium","F","VS2",61.9,59,14334,7.31,7.39,4.55
"10906",52956,0.24,"Very Good","F","VVS1",59,59,552,4.05,4.08,2.4
"10907",6786,1.13,"Premium","I","SI1",61.7,58,4113,6.66,6.62,4.1
"10908",30323,0.36,"Premium","G","VS1",59.7,59,726,4.61,4.64,2.76
"10909",41673,0.54,"Ideal","J","VS1",61,56.1,1240,5.25,5.28,3.21
"10910",49382,0.55,"Very Good","F","VVS2",63.1,56,2102,5.19,5.23,3.29
"10911",7427,1.01,"Very Good","G","SI2",63.3,56,4228,6.26,6.33,3.99
"10912",4532,0.91,"Premium","E","SI2",61.1,59,3639,6.24,6.2,3.8
"10913",14411,1.07,"Ideal","H","VS2",62,57,5820,6.55,6.58,4.07
"10914",15666,1.32,"Premium","I","SI1",62.2,58,6283,7.04,6.99,4.36
"10915",37376,0.4,"Premium","D","VS2",60.5,59,982,4.76,4.8,2.89
"10916",14846,0.9,"Ideal","G","VVS1",62.8,56,5978,6.12,6.18,3.86
"10917",16224,1.05,"Ideal","G","VS2",61.9,56,6486,6.52,6.56,4.05
"10918",10861,1.24,"Ideal","J","SI1",61.8,57,4875,6.92,6.86,4.26
"10919",44681,0.53,"Ideal","D","VS2",60.2,55,1610,5.26,5.3,3.18
"10920",23317,1.7,"Premium","I","VS2",61.2,59,11360,7.62,7.55,4.64
"10921",36399,0.31,"Ideal","E","VS1",60.9,57,942,4.41,4.39,2.68
"10922",43530,0.49,"Good","F","VS1",63.6,59,1426,4.95,4.92,3.14
"10923",16315,1.01,"Good","G","VS1",63.7,56,6529,6.37,6.29,4.03
"10924",34906,0.34,"Premium","F","VS2",61.2,59,880,4.53,4.49,2.76
"10925",25556,1.5,"Premium","E","VS2",62.1,60,14386,7.31,7.27,4.53
"10926",7796,1.04,"Premium","I","SI1",61.8,60,4290,6.47,6.51,4.01
"10927",32618,0.3,"Ideal","H","VS2",62.1,55,457,4.3,4.33,2.68
"10928",23738,1.7,"Premium","I","VS2",62.2,58,11781,7.6,7.65,4.74
"10929",29712,0.31,"Good","G","VVS2",63.3,57,707,4.28,4.31,2.72
"10930",43985,0.26,"Ideal","G","SI1",62.2,54,394,4.11,4.12,2.56
"10931",29271,0.31,"Ideal","E","SI1",62.4,57,698,4.34,4.31,2.7
"10932",21711,0.27,"Ideal","G","IF",62,56,627,4.14,4.17,2.58
"10933",34419,0.3,"Ideal","G","IF",60.9,58,863,4.32,4.35,2.64
"10934",3879,1.02,"Very Good","J","SI1",61.9,60,3483,6.37,6.42,3.96
"10935",36091,0.32,"Very Good","F","VVS1",61.9,59,926,4.34,4.39,2.7
"10936",50215,0.7,"Very Good","E","SI2",61.1,62,2230,5.68,5.72,3.48
"10937",3208,0.91,"Premium","F","SI2",63,59,3346,6.17,6.12,3.87
"10938",37285,0.3,"Good","F","VS2",63.5,55,484,4.25,4.28,2.71
"10939",19266,1.51,"Very Good","J","VS1",63.5,60,7991,7.29,7.23,4.61
"10940",7550,1.01,"Premium","G","SI2",62.5,60,4249,6.34,6.39,3.98
"10941",31299,0.32,"Ideal","D","VS2",61.7,54,758,4.38,4.43,2.72
"10942",4927,1.13,"Ideal","E","I1",62,55,3729,6.66,6.7,4.14
"10943",23033,0.33,"Premium","D","SI2",61.6,59,631,4.42,4.41,2.72
"10944",29261,0.31,"Premium","G","VS2",59,60,698,4.41,4.37,2.59
"10945",50757,0.56,"Ideal","G","IF",61.7,55,2298,5.29,5.34,3.28
"10946",17023,1.01,"Very Good","G","VS1",63.1,55,6795,6.34,6.37,4.01
"10947",7051,0.33,"Ideal","E","SI1",62.5,55,579,4.42,4.45,2.77
"10948",30670,0.4,"Very Good","F","SI1",62.8,59,737,4.71,4.72,2.96
"10949",51798,0.7,"Premium","D","VS2",61.3,58,2415,5.72,5.67,3.48
"10950",48472,0.52,"Ideal","F","VVS2",62.1,54,1978,5.17,5.2,3.22
"10951",25337,1.55,"Ideal","G","VS2",61.6,55,14039,7.48,7.45,4.6
"10952",41226,0.43,"Ideal","G","VVS1",60.5,57,1207,4.86,4.92,2.96
"10953",3511,1.14,"Fair","J","SI2",64.4,55,3403,6.56,6.54,4.22
"10954",7222,0.89,"Ideal","D","SI2",60.8,56,4192,6.22,6.25,3.79
"10955",270,0.7,"Ideal","F","VS1",62.2,56,2792,5.73,5.68,3.55
"10956",21748,1.52,"Very Good","D","SI2",58.6,59,9817,7.43,7.48,4.37
"10957",15072,1.02,"Very Good","G","VS2",60.5,54,6058,6.48,6.57,3.95
"10958",42315,0.41,"Ideal","F","VVS1",61.7,57,1295,4.77,4.8,2.95
"10959",7024,1.12,"Good","G","SI2",56.7,62,4158,6.91,6.86,3.9
"10960",29291,0.31,"Ideal","I","SI1",62.1,54,436,4.37,4.39,2.72
"10961",412,0.34,"Ideal","I","VS1",62,56,555,4.5,4.53,2.8
"10962",41163,0.38,"Very Good","D","VVS2",61.9,56,1200,4.63,4.65,2.87
"10963",26409,2.01,"Very Good","H","VS1",63.5,53,15930,8.04,7.97,5.08
"10964",39656,0.42,"Premium","H","VS1",61.6,58,1087,4.82,4.79,2.96
"10965",9852,1.74,"Very Good","H","I1",63.2,55,4677,7.62,7.59,4.8
"10966",51456,0.71,"Ideal","H","SI2",62.6,56,2376,5.65,5.75,3.57
"10967",4320,0.9,"Good","E","SI2",65.8,60,3595,5.94,5.97,3.92
"10968",51441,0.74,"Ideal","H","SI1",62.1,56,2375,5.86,5.84,3.63
"10969",8878,1.1,"Ideal","G","SI1",62.5,57,4484,6.61,6.58,4.12
"10970",19203,1.56,"Fair","I","SI1",64.6,62,7950,7.26,7.23,4.68
"10971",3169,1.01,"Premium","I","SI1",62.7,58,3337,6.4,6.33,3.99
"10972",3810,1.03,"Good","G","SI2",63.9,60,3466,6.33,6.37,4.06
"10973",1286,0.7,"Very Good","E","VS2",63.4,59,2952,5.63,5.67,3.58
"10974",37390,0.55,"Ideal","J","SI1",61.2,55,982,5.29,5.3,3.24
"10975",42644,0.5,"Fair","H","VS2",56.3,65,1332,5.24,5.21,2.94
"10976",10858,1.11,"Fair","E","SI2",64.7,61,4873,6.42,6.39,4.14
"10977",31400,0.3,"Ideal","G","VVS1",62.1,57,764,4.27,4.29,2.66
"10978",4380,0.9,"Premium","E","SI1",62.4,57,3609,6.19,6.14,3.85
"10979",30951,0.32,"Very Good","E","SI2",62.4,58,449,4.35,4.4,2.73
"10980",3885,0.9,"Premium","I","VS1",61.2,61,3484,6.2,6.15,3.78
"10981",23661,1.55,"Premium","H","VS2",61.3,61,11708,7.46,7.39,4.55
"10982",15246,1.22,"Premium","I","VS1",61.1,58,6121,6.91,6.84,4.2
"10983",51561,0.7,"Very Good","I","VVS1",58.8,61,2389,5.78,5.82,3.41
"10984",46730,0.6,"Ideal","G","VS2",62.1,56,1795,5.4,5.45,3.37
"10985",39040,0.37,"Ideal","G","IF",61.2,56,1056,4.61,4.64,2.83
"10986",12978,0.91,"Good","G","SI1",57.7,58,5394,6.33,6.4,3.67
"10987",48017,0.63,"Premium","H","VS1",62.9,60,1921,5.45,5.33,3.39
"10988",8846,1,"Ideal","E","SI1",62.6,56,4480,6.37,6.29,3.96
"10989",44920,0.53,"Ideal","D","SI1",61.7,56,1631,5.15,5.23,3.2
"10990",21113,1.5,"Very Good","E","SI2",60.1,60,9281,7.35,7.42,4.44
"10991",53885,0.81,"Ideal","D","SI1",61.5,57,2748,6,6.03,3.7
"10992",13105,1.07,"Premium","H","VS2",62.1,59,5424,6.56,6.52,4.06
"10993",33567,0.43,"Premium","D","SI1",60.1,58,830,4.89,4.93,2.95
"10994",40100,0.33,"Ideal","G","VVS1",61.8,55,1114,4.45,4.42,2.74
"10995",18796,1.26,"Ideal","H","VS1",61.4,56,7691,7.01,6.97,4.29
"10996",19905,1.2,"Very Good","F","VS2",62.9,55,8454,6.75,6.8,4.26
"10997",22816,1.28,"Ideal","G","VVS2",61.2,54,10839,7.03,7.06,4.31
"10998",2614,0.51,"Ideal","D","VVS2",61.3,56,3223,5.14,5.15,3.16
"10999",25144,1.83,"Premium","I","VS1",61.9,57,13711,7.91,7.85,4.88
"11000",37712,0.34,"Premium","H","VVS1",61.2,60,995,4.5,4.46,2.74
"11001",35141,0.39,"Premium","E","VS2",62.5,60,889,4.64,4.67,2.91
"11002",43455,0.5,"Premium","G","VS2",61.5,57,1415,5.12,5.09,3.14
"11003",41782,0.57,"Ideal","H","SI1",62.1,57,1247,5.32,5.3,3.3
"11004",1786,0.8,"Very Good","E","SI1",63.1,56,3050,5.93,5.83,3.71
"11005",27447,2.01,"Premium","G","SI1",61.8,60,18077,7.99,8.04,4.95
"11006",24233,1.52,"Ideal","E","SI1",62.8,55,12431,7.3,7.35,4.6
"11007",19673,1.25,"Premium","G","VVS1",58.2,61,8281,7.1,7.05,4.12
"11008",49043,0.51,"Very Good","E","VVS2",62.1,55,2056,5.14,5.16,3.2
"11009",35047,0.42,"Ideal","I","VVS1",62.7,55,884,4.77,4.8,3
"11010",44336,0.33,"Premium","H","VS2",62.3,58,521,4.38,4.41,2.74
"11011",36668,0.3,"Ideal","D","VS1",61.8,57,949,4.27,4.3,2.65
"11012",44196,0.51,"Very Good","F","VS2",62.9,55,1569,5.08,5.12,3.21
"11013",48094,0.62,"Premium","G","VS1",59.8,58,1933,5.55,5.58,3.33
"11014",15215,1.47,"Fair","F","SI2",65.9,59,6108,6.99,6.94,4.59
"11015",48600,0.55,"Ideal","E","VS1",61.2,54,1996,5.3,5.32,3.25
"11016",22198,1.12,"Ideal","F","VVS2",60.4,56,10236,6.82,6.78,4.11
"11017",618,0.71,"Premium","F","VS1",59.2,58,2839,5.87,5.82,3.46
"11018",5341,0.78,"Ideal","D","VS2",61.9,56,3811,5.89,5.91,3.65
"11019",33136,0.31,"Premium","E","VVS2",61.4,58,816,4.33,4.36,2.67
"11020",23704,0.36,"Very Good","H","VS1",60.8,59,631,4.59,4.62,2.8
"11021",37597,0.24,"Very Good","E","VVS2",59.7,60,485,4.08,4.1,2.44
"11022",52177,0.7,"Good","H","VVS2",61.4,64,2475,5.73,5.61,3.48
"11023",18200,1.46,"Very Good","I","SI1",62.8,57,7387,7.13,7.21,4.5
"11024",34657,0.31,"Ideal","E","VS2",62.3,57,872,4.35,4.32,2.7
"11025",11018,0.59,"Ideal","D","IF",60.9,60,4916,5.41,5.39,3.29
"11026",48084,0.71,"Very Good","J","SI1",59.2,58,1932,5.86,5.9,3.48
"11027",32355,0.36,"Ideal","E","VS2",61.2,56,789,4.59,4.63,2.82
"11028",34861,0.3,"Premium","G","VVS2",62,58,878,4.29,4.26,2.65
"11029",16264,1.01,"Ideal","G","VS2",61.8,57,6504,6.43,6.41,3.97
"11030",11294,1,"Very Good","H","VS2",60.7,60,4978,6.55,6.49,3.96
"11031",1962,0.77,"Ideal","H","SI1",61.3,56,3089,5.87,5.91,3.61
"11032",33710,0.34,"Ideal","D","VS1",61.1,55,838,4.52,4.55,2.77
"11033",36951,0.25,"Very Good","E","VS2",61.3,57,480,4.05,4.08,2.49
"11034",16970,1.01,"Very Good","H","VVS1",61.1,58,6777,6.41,6.45,3.93
"11035",3869,0.96,"Very Good","D","SI2",60.2,63,3480,6.3,6.36,3.81
"11036",5103,0.73,"Ideal","E","VS1",61.7,57,3758,5.77,5.8,3.57
"11037",10123,1.01,"Very Good","G","SI1",60.2,58,4719,6.5,6.59,3.94
"11038",47870,0.52,"Ideal","G","VVS2",62.1,56,1911,5.14,5.17,3.2
"11039",13708,1.07,"Ideal","E","SI2",61.5,56,5602,6.58,6.61,4.06
"11040",16737,0.41,"Good","J","VS2",63.4,56,611,4.7,4.73,2.99
"11041",34140,0.4,"Ideal","E","VS2",62.1,54,854,4.72,4.75,2.94
"11042",30235,0.33,"Ideal","E","VS2",60.8,57,723,4.45,4.47,2.71
"11043",47184,0.54,"Ideal","F","VS2",61.9,56,1836,5.22,5.21,3.23
"11044",42068,0.5,"Fair","G","VS1",64.9,57,1271,4.98,4.94,3.22
"11045",7660,1.21,"Premium","J","SI1",62.6,58,4269,6.74,6.71,4.21
"11046",34999,0.31,"Ideal","F","VVS1",61.9,53.5,882,4.36,4.39,2.71
"11047",38755,0.32,"Ideal","D","VS1",61.4,57,1044,4.43,4.4,2.71
"11048",41967,0.23,"Very Good","E","VVS2",61.1,58,505,3.93,3.99,2.42
"11049",48564,0.52,"Ideal","D","VS1",60.9,56,1991,5.19,5.22,3.17
"11050",32136,0.3,"Ideal","E","VVS2",60.9,57,786,4.32,4.35,2.64
"11051",43122,0.52,"Premium","D","SI2",62.4,59,1385,5.15,5.05,3.18
"11052",35845,0.4,"Ideal","G","VVS2",62.4,57,917,4.7,4.73,2.94
"11053",9215,1.07,"Fair","F","SI1",60.6,66,4554,6.65,6.46,3.97
"11054",38114,0.3,"Ideal","H","IF",61.5,56,1013,4.34,4.31,2.66
"11055",51516,0.7,"Fair","G","VS1",65.8,61,2384,5.61,5.46,3.64
"11056",9410,0.9,"Very Good","H","VS2",62.3,59,4588,6.13,6.17,3.83
"11057",39529,0.4,"Premium","I","VVS1",62.7,59,1080,4.71,4.67,2.94
"11058",24014,1.52,"Ideal","F","SI1",62,54,12182,7.44,7.36,4.59
"11059",12268,1.24,"Fair","H","SI2",65,54,5208,6.76,6.73,4.38
"11060",19647,1.52,"Premium","J","VS1",62.4,59,8258,7.36,7.31,4.58
"11061",26080,1.68,"Very Good","F","VS2",61.1,60,15309,7.63,7.7,4.68
"11062",21708,0.31,"Ideal","G","SI1",61.6,55,627,4.37,4.39,2.7
"11063",45334,0.51,"Premium","E","VS2",62.5,59,1662,5.09,5.08,3.18
"11064",44006,0.3,"Good","J","VS1",63.4,55,394,4.25,4.3,2.71
"11065",26190,2,"Fair","D","SI1",64.8,58,15540,7.98,7.89,5.14
"11066",22848,1.26,"Ideal","G","VVS2",60.9,57,10886,6.98,7.01,4.26
"11067",10483,1.25,"Ideal","I","VS2",60,57,4795,7.07,7.02,4.23
"11068",23930,1.24,"Ideal","F","VVS2",62,57,12059,6.86,6.91,4.27
"11069",26027,0.32,"Ideal","G","VS1",61.2,57,645,4.4,4.43,2.7
"11070",20293,1.13,"Premium","G","VVS1",59.3,59,8709,6.79,6.87,4.05
"11071",10751,1.12,"Very Good","G","SI2",60.2,59,4852,6.7,6.85,4.08
"11072",44314,0.34,"Very Good","H","VS2",60,58,521,4.52,4.56,2.72
"11073",37743,0.31,"Ideal","D","VVS2",60.9,57,997,4.42,4.38,2.68
"11074",16822,1.04,"Premium","G","VS2",61.8,58,6709,6.51,6.46,4.01
"11075",17984,1.06,"Premium","E","VS2",61.3,58,7275,6.52,6.56,4.01
"11076",48336,0.63,"Very Good","G","VS1",61.5,56,1960,5.53,5.49,3.39
"11077",2653,0.7,"Ideal","G","VVS2",59.9,58,3234,5.78,5.8,3.47
"11078",36314,0.32,"Premium","H","VVS1",62.7,57,936,4.41,4.36,2.75
"11079",45435,0.5,"Very Good","D","VS1",63.7,57,1671,5.08,5.13,3.25
"11080",28448,0.31,"Ideal","H","VVS1",60.9,56,671,4.4,4.42,2.69
"11081",13800,1.64,"Premium","J","SI2",63,58,5624,7.54,7.49,4.74
"11082",35724,0.3,"Ideal","D","VS2",61.5,55,911,4.35,4.3,2.66
"11083",10490,0.9,"Fair","D","SI1",64,63,4796,6.12,6.04,3.89
"11084",2371,0.32,"Ideal","F","SI2",61.7,56,561,4.41,4.44,2.73
"11085",8387,0.35,"Good","F","SI1",63.1,56,583,4.46,4.51,2.83
"11086",25851,3,"Good","J","SI2",59.3,64,14918,9.32,9.19,5.5
"11087",8793,1.06,"Very Good","D","SI2",60.9,58,4471,6.57,6.63,4.02
"11088",6879,0.9,"Very Good","D","SI1",60.1,58,4130,6.27,6.3,3.78
"11089",51705,0.7,"Very Good","F","VS2",61.2,56,2400,5.72,5.78,3.52
"11090",23000,1.2,"Ideal","D","VS1",61,59,11053,6.79,6.85,4.16
"11091",12756,1,"Premium","E","SI1",59.7,57,5322,6.56,6.48,3.89
"11092",35639,0.3,"Ideal","H","SI1",62.6,53.1,475,4.27,4.3,2.69
"11093",50106,0.51,"Ideal","F","VVS1",60.9,57,2208,5.16,5.21,3.16
"11094",45378,0.58,"Ideal","F","VS2",62.1,56,1666,5.33,5.37,3.32
"11095",17873,1.15,"Premium","D","SI1",61.1,53,7213,6.83,6.76,4.15
"11096",15311,1.03,"Premium","G","VS2",62.1,57,6146,6.48,6.41,4
"11097",41708,0.53,"Premium","F","SI2",62.5,57,1242,5.17,5.11,3.21
"11098",14039,1.02,"Good","G","VS1",57.3,59,5706,6.71,6.65,3.83
"11099",45409,0.52,"Ideal","E","VS1",62.6,57,1668,5.11,5.15,3.21
"11100",12317,1.02,"Very Good","F","SI1",62.2,56,5222,6.39,6.43,3.99
"11101",44887,0.5,"Very Good","E","VS2",60,63,1629,5.12,5.08,3.06
"11102",17979,1.2,"Very Good","G","VS2",62.4,59,7273,6.68,6.74,4.19
"11103",52068,0.71,"Very Good","G","VS2",63.5,57,2454,5.61,5.64,3.57
"11104",49636,0.32,"Very Good","I","SI1",63.5,57,540,4.33,4.3,2.74
"11105",28910,0.39,"Very Good","G","SI1",62.4,58,684,4.67,4.72,2.93
"11106",31940,0.3,"Premium","F","VS2",60.4,58,776,4.33,4.31,2.61
"11107",21101,1,"Premium","D","VVS2",58.3,61,9274,6.55,6.48,3.8
"11108",2194,0.72,"Very Good","D","VS2",63.1,59,3139,5.67,5.7,3.59
"11109",22617,1.5,"Premium","H","VS2",60.6,61,10668,7.34,7.31,4.44
"11110",35208,0.33,"Ideal","I","IF",61.6,55,891,4.47,4.46,2.75
"11111",52213,0.9,"Very Good","J","SI2",62.9,55,2482,6.13,6.17,3.87
"11112",11328,1.08,"Ideal","E","SI2",61.7,57,4989,6.55,6.6,4.06
"11113",17758,1.5,"Very Good","I","SI2",63.1,59,7150,7.24,7.15,4.54
"11114",17631,1.28,"Premium","H","VS2",61.2,60,7098,6.99,6.94,4.26
"11115",9304,1.03,"Very Good","H","SI1",63.5,53,4573,6.43,6.46,4.09
"11116",20210,1.05,"Ideal","G","VVS2",61.9,57,8645,6.51,6.54,4.04
"11117",50588,0.74,"Very Good","E","SI2",63,58,2282,5.73,5.77,3.62
"11118",46132,0.73,"Premium","I","SI2",59.2,58,1744,5.9,5.85,3.47
"11119",26112,2.2,"Ideal","J","VS2",61.6,57,15384,8.34,8.39,5.15
"11120",38200,0.5,"Ideal","F","SI2",61.6,57,1016,5.14,5.08,3.15
"11121",35669,0.35,"Very Good","F","VVS1",62.3,56,909,4.53,4.57,2.83
"11122",35890,0.32,"Ideal","G","IF",61.4,55,918,4.42,4.44,2.72
"11123",347,0.72,"Ideal","F","VS1",61.7,57,2804,5.74,5.77,3.55
"11124",1591,0.74,"Very Good","E","SI1",61.3,58,3009,5.8,5.84,3.57
"11125",46225,0.61,"Premium","H","VVS2",60.9,60,1752,5.47,5.5,3.34
"11126",53352,0.7,"Premium","E","VS2",62,60,2657,5.7,5.59,3.5
"11127",52188,0.7,"Ideal","G","SI1",61.6,56,2478,5.69,5.73,3.52
"11128",31981,0.3,"Premium","F","VS2",61.1,59,776,4.32,4.29,2.63
"11129",22712,1.53,"Premium","I","VS1",62.4,59,10729,7.3,7.34,4.57
"11130",11527,1.32,"Premium","E","I1",62.2,58,5027,7.05,6.97,4.36
"11131",16249,1.01,"Ideal","G","VS1",61.8,57,6499,6.4,6.45,3.97
"11132",32421,0.41,"Premium","D","SI1",61.4,58,791,4.76,4.78,2.93
"11133",17951,1.14,"Ideal","G","VS1",62.5,56,7255,6.69,6.66,4.17
"11134",49775,0.62,"Very Good","G","VS1",60.1,58,2161,5.52,5.54,3.32
"11135",43974,0.31,"Ideal","H","VS2",61.5,54,518,4.35,4.4,2.69
"11136",24126,1.76,"Very Good","H","SI1",63.1,59,12288,7.69,7.59,4.82
"11137",32760,0.34,"Premium","I","VVS1",60.5,59,803,4.54,4.48,2.73
"11138",35366,0.38,"Premium","H","VS2",60.9,60,898,4.67,4.62,2.83
"11139",26948,1.71,"Ideal","G","VS1",63,56,17009,7.65,7.58,4.8
"11140",45194,0.51,"Ideal","G","VS1",61.9,56,1656,5.1,5.14,3.17
"11141",7957,0.9,"Premium","H","VS2",60.4,59,4321,6.24,6.27,3.78
"11142",30507,0.31,"Good","D","SI1",63.7,54,732,4.35,4.31,2.76
"11143",5155,0.96,"Premium","H","SI1",62.7,58,3768,6.27,6.24,3.92
"11144",1393,0.32,"Ideal","E","SI1",61.9,55,559,4.4,4.43,2.73
"11145",22807,1.53,"Premium","G","SI1",58.4,59,10830,7.58,7.52,4.41
"11146",24890,2,"Ideal","H","VS2",60.5,56,13320,8.34,8.22,5.01
"11147",15740,1.01,"Ideal","G","VS2",60.6,58,6295,6.44,6.5,3.92
"11148",46557,0.51,"Ideal","E","VS2",61.8,57,1781,5.15,5.14,3.18
"11149",22500,1.28,"Ideal","G","VS1",62.1,56,10537,6.97,6.94,4.32
"11150",7784,1.02,"Ideal","H","SI2",61.8,55,4284,6.51,6.47,4.01
"11151",11167,1.07,"Very Good","G","SI1",63.1,59,4949,6.49,6.45,4.08
"11152",10847,1,"Ideal","H","SI1",61.9,57,4872,6.43,6.39,3.97
"11153",52000,0.83,"Very Good","J","VS2",60.5,55,2444,6.08,6.11,3.69
"11154",35679,0.41,"Very Good","E","VS2",63.3,56,910,4.71,4.74,2.99
"11155",53052,0.7,"Ideal","H","VS2",62.8,55,2607,5.67,5.63,3.55
"11156",7440,1.09,"Good","F","SI1",61,64,4230,6.63,6.58,4.03
"11157",46523,0.51,"Ideal","G","VS1",61,55,1781,5.21,5.11,3.15
"11158",52546,0.76,"Very Good","F","SI1",62.7,57,2533,5.81,5.86,3.66
"11159",47241,0.51,"Good","E","VS1",61.3,63,1841,5.11,5.16,3.15
"11160",34737,0.39,"Very Good","D","VS1",61.7,59,876,4.64,4.69,2.88
"11161",4242,0.76,"Ideal","I","VS2",61.8,56,3577,5.85,5.89,3.63
"11162",25295,1.7,"Ideal","H","VS1",62.4,55,13949,7.69,7.61,4.77
"11163",43299,0.46,"Ideal","H","VS1",61.2,55,1401,4.96,5.04,3.06
"11164",49537,0.71,"Good","F","SI1",64.3,57,2125,5.62,5.55,3.59
"11165",1207,0.76,"Premium","E","SI1",58.3,62,2937,6.12,5.95,3.52
"11166",25890,1.5,"Very Good","G","VVS2",62.9,56,15013,7.22,7.32,4.57
"11167",7184,0.96,"Very Good","E","SI2",62.6,60,4186,6.26,6.32,3.94
"11168",53589,0.7,"Ideal","G","SI1",62,56,2699,5.66,5.69,3.52
"11169",44119,0.5,"Very Good","E","VS2",62.9,55,1559,5.07,5.11,3.2
"11170",50023,0.61,"Good","F","VS1",60,65,2196,5.53,5.47,3.3
"11171",20011,0.3,"Very Good","H","SI1",61.3,61,421,4.25,4.27,2.61
"11172",53569,0.7,"Good","E","SI1",60.4,61,2696,5.73,5.76,3.47
"11173",22711,2.06,"Ideal","I","SI2",61.4,57,10728,8.22,8.18,5.03
"11174",11291,1.29,"Very Good","F","SI2",63.4,57,4977,6.92,6.77,4.35
"11175",48489,0.5,"Fair","D","VVS2",67.6,57,1980,4.95,4.84,3.31
"11176",38619,0.31,"Ideal","H","VS2",62.2,55,489,4.35,4.39,2.72
"11177",8121,1.34,"Very Good","H","SI2",61.1,63,4352,7.08,7.01,4.3
"11178",39318,0.38,"Ideal","F","VVS1",61,57,1070,4.66,4.69,2.85
"11179",36353,0.4,"Very Good","F","VS1",63.1,59,938,4.68,4.64,2.94
"11180",10309,0.99,"Ideal","I","SI1",61.8,57,4763,6.4,6.42,3.96
"11181",6801,0.98,"Ideal","G","SI2",62.9,57,4116,6.33,6.29,3.97
"11182",16713,0.31,"Ideal","H","VVS2",61.4,56,609,4.38,4.41,2.7
"11183",46782,0.71,"Very Good","J","SI2",60.7,61,1805,5.75,5.81,3.51
"11184",26379,2.24,"Ideal","I","SI2",62.1,57,15852,8.31,8.4,5.19
"11185",25427,2.01,"Ideal","H","SI2",61.9,57,14167,8.09,8.06,5
"11186",53162,0.81,"Ideal","J","VS1",62.3,57,2626,5.93,5.98,3.71
"11187",40877,0.42,"Ideal","E","VVS1",61.8,56,1176,4.81,4.83,2.98
"11188",19597,1.73,"Good","E","I1",63.6,59,8220,7.56,7.6,4.82
"11189",17303,1.05,"Ideal","F","VS2",62.8,57,6933,6.48,6.45,4.06
"11190",1975,1.2,"Premium","G","I1",60.3,58,3091,6.82,6.77,4.1
"11191",10912,1.04,"Premium","H","SI1",62.6,59,4890,6.43,6.47,4.04
"11192",36418,0.31,"Ideal","D","VS2",61.5,56,942,4.36,4.35,2.68
"11193",36644,0.43,"Premium","F","SI1",61.7,58,948,4.84,4.82,2.98
"11194",45153,0.5,"Premium","F","VS2",62.1,58,1654,5.1,5.01,3.14
"11195",18050,0.36,"Very Good","E","SI1",59.9,60,615,4.59,4.62,2.76
"11196",10237,1.03,"Very Good","G","SI1",61,58,4746,6.5,6.54,3.98
"11197",10116,1.02,"Premium","G","SI1",63,55,4718,6.45,6.4,4.05
"11198",38688,0.37,"Ideal","E","VS2",61.6,57,1041,4.65,4.61,2.85
"11199",19231,1.53,"Ideal","I","VS1",62.9,57,7968,7.36,7.3,4.61
"11200",15003,1,"Ideal","E","VS2",62,55,6043,6.42,6.38,3.97
"11201",21873,1.51,"Very Good","E","SI2",62.3,62,9936,7.15,7.26,4.49
"11202",25473,2.02,"Premium","I","SI1",61.4,58,14240,8.14,8.07,4.98
"11203",24340,2.01,"Ideal","I","SI1",62.9,55,12606,8.07,8,5.05
"11204",22896,1.56,"Ideal","D","SI1",62.2,58,10934,7.37,7.42,4.6
"11205",53039,0.53,"Ideal","E","VVS1",62.1,55,2604,5.18,5.23,3.23
"11206",16881,1.02,"Ideal","F","VS2",62.7,57,6734,6.47,6.44,4.05
"11207",20908,1.79,"Good","G","SI2",57.8,59,9122,8.07,7.94,4.63
"11208",19372,0.27,"Ideal","E","VVS2",62.5,57,622,4.1,4.13,2.57
"11209",25607,2.07,"Premium","H","SI1",61.2,60,14476,8.2,8.12,4.99
"11210",43781,0.47,"Ideal","G","VVS1",61.3,56,1441,5.03,5.05,3.09
"11211",19569,1.21,"Premium","F","VS1",61.6,58,8196,6.88,6.82,4.22
"11212",38272,0.32,"Ideal","J","SI1",61.8,54.9,384,4.39,4.42,2.72
"11213",52292,0.25,"Very Good","D","VVS2",62.1,57,548,4.02,4.07,2.51
"11214",42325,0.41,"Ideal","F","VVS1",61.9,56,1295,4.77,4.79,2.96
"11215",49104,0.55,"Ideal","G","VVS2",61.2,55.8,2064,5.27,5.33,3.24
"11216",13606,1.17,"Good","D","SI2",60.4,65,5567,6.81,6.77,4.1
"11217",16117,1.01,"Premium","G","VS1",62,58,6441,6.44,6.4,3.98
"11218",42698,0.52,"Premium","F","SI1",59.5,59,1338,5.31,5.24,3.14
"11219",28294,0.3,"Ideal","G","SI1",62.3,56,432,4.29,4.32,2.68
"11220",39203,0.38,"Premium","G","VVS1",61.3,57,1064,4.68,4.62,2.85
"11221",1094,0.7,"Good","E","VS2",58.7,63,2912,5.69,5.73,3.35
"11222",53171,0.71,"Premium","E","SI1",59.5,62,2629,5.85,5.74,3.45
"11223",4594,1.02,"Premium","G","SI2",62.5,58,3656,6.42,6.34,3.99
"11224",16490,1.2,"Premium","H","SI1",59.5,58,6588,7.02,6.97,4.16
"11225",15763,1.21,"Ideal","H","VS2",62.9,57,6302,6.8,6.75,4.26
"11226",2245,0.7,"Good","E","VS1",61.2,58,3148,5.66,5.72,3.48
"11227",7665,1.15,"Premium","G","SI2",62.7,58,4270,6.71,6.69,4.2
"11228",19167,1.63,"Ideal","H","SI2",62.4,57,7923,7.59,7.52,4.71
"11229",29694,0.31,"Premium","G","VVS2",62.2,59,707,4.32,4.36,2.7
"11230",4804,1.01,"Good","J","SI1",63.6,54,3699,6.44,6.36,4.07
"11231",27372,0.31,"Ideal","G","VVS2",62.2,53,647,4.36,4.39,2.72
"11232",31380,0.31,"Very Good","G","VVS1",59.8,62,761,4.35,4.41,2.62
"11233",50546,0.71,"Premium","F","SI2",62.1,60,2275,5.7,5.66,3.53
"11234",38596,0.52,"Premium","E","I1",60.8,60,1037,5.2,5.17,3.15
"11235",47928,0.56,"Ideal","E","VS2",61.9,55,1915,5.34,5.29,3.29
"11236",12428,1.03,"Very Good","F","SI1",58,60,5241,6.68,6.74,3.89
"11237",14738,1.09,"Ideal","E","SI1",61.1,55,5935,6.66,6.7,4.08
"11238",16600,1.51,"Very Good","I","SI2",63.1,60,6630,7.19,7.13,4.52
"11239",19952,1.53,"Premium","H","SI2",62.5,59,8499,7.4,7.36,4.61
"11240",9324,1.18,"Premium","I","SI2",60.8,58,4579,6.84,6.78,4.14
"11241",45543,0.51,"Ideal","F","VS2",62.9,57,1687,5.11,5.09,3.21
"11242",44546,0.57,"Very Good","H","VS2",61.7,54.8,1605,5.34,5.37,3.3
"11243",48020,0.72,"Premium","I","SI1",62,52,1922,5.71,5.67,3.53
"11244",5378,0.34,"Premium","I","SI1",61.3,61,574,4.49,4.45,2.74
"11245",43715,0.45,"Good","G","IF",59.6,61,1437,5,5.04,2.99
"11246",51804,0.7,"Ideal","D","SI2",62,57,2415,5.68,5.65,3.51
"11247",24168,2,"Very Good","J","SI2",62.6,57,12342,7.95,7.99,4.99
"11248",41292,0.36,"Ideal","F","IF",61.7,55,1210,4.58,4.62,2.84
"11249",48520,0.76,"Premium","H","SI2",59,59,1985,6.05,6.02,3.56
"11250",42288,0.25,"Good","E","VVS2",61.2,62,505,4.04,4.07,2.48
"11251",51643,0.31,"Premium","G","VS2",59.9,59,544,4.38,4.4,2.63
"11252",23192,2,"Premium","F","SI2",60.6,62,11198,8.19,7.84,4.86
"11253",28151,0.3,"Ideal","G","VVS2",61,57,665,4.31,4.34,2.64
"11254",35760,0.44,"Ideal","I","VVS2",60.8,56,912,4.9,4.93,2.99
"11255",22389,2.02,"Ideal","I","SI2",62.2,57,10412,8.06,7.99,4.99
"11256",29163,0.33,"Very Good","E","SI1",63.1,56,693,4.45,4.42,2.8
"11257",18068,2.01,"Fair","F","I1",58.7,66,7294,8.3,8.19,4.84
"11258",31221,0.32,"Ideal","D","SI1",61.3,57,756,4.41,4.37,2.69
"11259",14859,1.22,"Ideal","H","SI1",61.9,56,5985,6.86,6.83,4.24
"11260",43018,0.5,"Ideal","H","VS1",61.9,54,1370,5.12,5.15,3.18
"11261",31924,0.3,"Premium","G","VS1",62,60,776,4.28,4.23,2.64
"11262",18019,1.01,"Very Good","E","VS2",59.5,60,7290,6.5,6.54,3.88
"11263",1518,0.77,"Ideal","D","SI1",61.4,56,2996,5.9,5.93,3.63
"11264",49065,0.7,"Very Good","F","SI1",58.4,63,2058,5.77,5.84,3.39
"11265",2320,0.85,"Ideal","E","SI1",61.8,54,3167,6.1,6.14,3.78
"11266",42075,0.6,"Premium","F","SI2",59.5,61,1272,5.48,5.45,3.26
"11267",26284,2.01,"Very Good","H","SI2",63,59,15773,7.9,7.93,4.99
"11268",11162,1.02,"Very Good","F","SI1",62.5,57,4948,6.35,6.41,3.99
"11269",504,0.7,"Ideal","D","SI1",59.7,58,2822,5.82,5.77,3.46
"11270",50164,0.7,"Good","H","SI1",63.7,59,2218,5.53,5.59,3.54
"11271",26264,2.01,"Ideal","I","VS2",66.7,56,15729,7.75,7.65,5.14
"11272",33903,0.3,"Premium","E","VS2",62.6,58,844,4.3,4.26,2.68
"11273",13274,1.06,"Premium","E","SI1",62,61,5485,6.55,6.51,4.05
"11274",45770,0.54,"Very Good","E","VS2",61.2,58,1707,5.21,5.28,3.21
"11275",41142,0.56,"Very Good","H","SI1",61.3,60,1197,5.23,5.28,3.22
"11276",42010,0.59,"Premium","H","SI1",61.9,59,1265,5.43,5.34,3.33
"11277",53485,0.76,"Ideal","F","SI1",61.7,55,2682,5.87,5.9,3.63
"11278",20399,0.31,"Premium","H","VVS2",60.6,60,625,4.34,4.38,2.64
"11279",41104,0.44,"Very Good","H","IF",61.1,57,1194,4.91,4.94,3.01
"11280",32215,0.31,"Ideal","G","VVS1",61.5,55,789,4.39,4.42,2.71
"11281",51666,0.55,"Ideal","G","IF",62,55,2398,5.25,5.29,3.27
"11282",45602,0.47,"Good","E","VVS1",64,62,1690,4.9,4.97,3.16
"11283",13597,1.29,"Very Good","I","VS1",61.1,58,5562,6.98,7.03,4.28
"11284",43302,0.52,"Fair","I","VVS2",60.4,66,1401,5.26,5.2,3.16
"11285",43285,0.31,"Very Good","D","SI1",60.4,60,507,4.4,4.44,2.67
"11286",30122,0.32,"Ideal","G","VS2",61.8,57,720,4.42,4.38,2.72
"11287",49270,0.72,"Ideal","G","SI2",62.1,55.3,2089,5.72,5.74,3.56
"11288",13812,1.01,"Very Good","E","SI1",63,57,5627,6.28,6.36,3.98
"11289",46456,0.71,"Good","J","VS2",63.8,58,1774,5.61,5.58,3.57
"11290",10495,0.76,"Very Good","E","IF",61.9,56,4798,5.83,5.85,3.62
"11291",53346,0.7,"Ideal","E","SI1",61.4,57,2656,5.71,5.75,3.52
"11292",18033,0.35,"Premium","E","SI1",61.1,59,614,4.5,4.56,2.77
"11293",40152,0.35,"Premium","E","VVS1",60.7,59,1116,4.58,4.55,2.77
"11294",49426,0.7,"Very Good","H","SI1",61,58,2107,5.67,5.7,3.47
"11295",48487,0.55,"Ideal","F","VS1",61.9,56,1980,5.29,5.25,3.26
"11296",21855,1.24,"Premium","D","VS2",59.3,58,9916,7.09,7.03,4.19
"11297",7670,1.11,"Very Good","I","SI1",61.9,59,4273,6.58,6.64,4.09
"11298",28742,0.31,"Premium","E","VS2",60,59,680,4.35,4.39,2.62
"11299",49154,0.7,"Very Good","F","SI2",62.3,58,2070,5.65,5.71,3.54
"11300",19457,1.42,"Premium","H","SI1",62.3,58,8102,7.15,7.19,4.47
"11301",52385,0.7,"Ideal","G","VS2",60.8,57,2507,5.67,5.74,3.47
"11302",53105,0.57,"Ideal","E","VVS2",62.3,54,2615,5.3,5.35,3.32
"11303",27692,0.41,"Ideal","J","VS1",61.5,55,648,4.77,4.79,2.94
"11304",429,0.91,"Good","I","VS2",64.3,58,2813,6.09,6.05,3.9
"11305",37319,0.35,"Ideal","G","IF",62.6,57,979,4.51,4.53,2.82
"11306",14454,1.05,"Ideal","H","VS2",61.7,57,5833,6.55,6.52,4.03
"11307",40506,0.44,"Ideal","G","VVS1",61.3,55,1143,4.92,4.94,3.02
"11308",42772,0.62,"Very Good","F","SI2",63.1,52,1348,5.39,5.53,3.45
"11309",2609,0.75,"Very Good","F","VS1",60.9,59,3220,5.83,5.87,3.56
"11310",9948,1.01,"Premium","D","SI2",60.4,60,4694,6.52,6.46,3.92
"11311",31383,0.3,"Ideal","D","VS2",62.3,53.9,762,4.3,4.32,2.69
"11312",12835,1.2,"Very Good","H","SI2",62,58,5352,6.73,6.79,4.19
"11313",22020,1.5,"Premium","E","SI2",61.2,59,10080,7.41,7.36,4.52
"11314",44568,0.52,"Very Good","H","VVS2",61.7,63,1605,5.26,5.16,3.22
"11315",33841,0.38,"Ideal","E","SI1",61.1,55,844,4.69,4.73,2.88
"11316",43188,0.53,"Very Good","I","VS1",61,57,1393,5.22,5.25,3.19
"11317",36894,0.31,"Ideal","F","VVS1",62.4,57,959,4.32,4.3,2.69
"11318",249,0.81,"Ideal","G","SI2",61.6,56,2789,5.97,6.01,3.69
"11319",48008,0.52,"Ideal","D","VS2",61.9,57,1919,5.17,5.14,3.19
"11320",14150,1.25,"Premium","J","VS1",62.2,58,5740,6.92,6.88,4.29
"11321",9967,1,"Ideal","H","SI1",60.3,56,4702,6.52,6.54,3.94
"11322",7952,1.01,"Premium","H","SI1",62.7,59,4320,6.33,6.27,3.95
"11323",20757,1.53,"Fair","I","VS2",57.7,69,8996,7.6,7.51,4.36
"11324",19728,1.51,"Ideal","J","VS1",61.3,61,8298,7.34,7.4,4.52
"11325",9562,1.1,"Premium","E","SI2",60.9,60,4622,6.66,6.61,4.04
"11326",39610,0.35,"Ideal","E","SI2",61.7,56,491,4.53,4.55,2.8
"11327",13846,1.19,"Very Good","I","VS1",59.9,61,5644,6.85,6.91,4.12
"11328",5192,1.07,"Premium","H","SI2",60,59,3775,6.6,6.56,3.95
"11329",15956,1.51,"Ideal","H","SI2",61.7,57,6384,7.39,7.36,4.55
"11330",23090,1.47,"Premium","G","VS2",62.8,57,11113,7.27,7.22,4.55
"11331",30760,0.25,"Premium","E","VVS2",62.5,59,740,4.04,4.02,2.52
"11332",8735,0.9,"Premium","G","VS1",62.3,60,4460,6.08,6,3.76
"11333",50146,0.71,"Good","G","SI1",63.9,56,2215,5.62,5.59,3.58
"11334",36715,0.56,"Premium","F","I1",62.6,60,953,5.3,5.15,3.27
"11335",40275,0.31,"Ideal","G","SI1",61.6,57,493,4.32,4.35,2.67
"11336",47070,0.52,"Ideal","D","VS2",61.8,55,1822,5.16,5.19,3.2
"11337",27107,2.08,"Premium","H","VS2",62,58,17258,8.19,8.1,5.05
"11338",18097,1.21,"Premium","G","VS2",63,58,7318,6.72,6.67,4.22
"11339",50188,0.7,"Very Good","E","SI2",61.8,60,2224,5.61,5.65,3.48
"11340",15012,1.51,"Good","I","SI1",63.8,57,6046,7.21,7.18,4.59
"11341",37994,0.32,"Ideal","F","VVS2",62,55,1008,4.41,4.39,2.73
"11342",38437,0.49,"Premium","G","SI1",60.6,60,1026,5.1,5.06,3.08
"11343",46794,0.5,"Premium","G","VVS2",62.1,61,1806,5.1,5.07,3.16
"11344",13834,1.24,"Ideal","I","VS2",62.4,57,5638,6.82,6.9,4.28
"11345",13981,1.1,"Ideal","F","VS2",58.6,57,5692,6.82,6.8,3.99
"11346",798,0.7,"Very Good","E","VS2",58.7,63,2862,5.73,5.69,3.35
"11347",18557,1.01,"Ideal","E","VS1",61.6,57,7565,6.45,6.41,3.96
"11348",5276,1.13,"Ideal","H","SI2",60.4,56,3797,6.78,6.7,4.07
"11349",50331,0.83,"Ideal","J","VS2",61.5,57,2241,6.08,6.03,3.72
"11350",12000,1.01,"Good","D","SI1",63.9,62,5147,6.31,6.25,4.01
"11351",40461,0.53,"Good","E","SI2",57.9,58,1140,5.34,5.39,3.11
"11352",2664,0.72,"Ideal","E","VS2",62.1,57,3235,5.73,5.76,3.57
"11353",7657,1.01,"Ideal","G","SI2",62.8,56,4269,6.4,6.44,4.03
"11354",33127,0.31,"Good","G","VVS1",63.5,57,816,4.3,4.33,2.74
"11355",15355,1.03,"Very Good","G","VS2",62.9,56,6164,6.43,6.45,4.05
"11356",40836,0.51,"Good","G","SI1",63.7,55,1172,5.07,5.1,3.24
"11357",4814,0.71,"Ideal","F","VS1",61.1,56,3701,5.76,5.8,3.53
"11358",26793,2.38,"Premium","H","SI1",58.2,60,16643,8.81,8.78,5.12
"11359",2182,0.71,"Ideal","D","VS1",62.2,55,3136,5.74,5.71,3.56
"11360",35179,0.31,"Ideal","G","IF",61.8,54,891,4.36,4.38,2.7
"11361",3281,0.8,"Ideal","E","SI1",61.5,58,3362,5.96,6,3.68
"11362",47931,0.56,"Ideal","E","VS2",61.9,56,1915,5.32,5.27,3.28
"11363",18999,1.07,"Ideal","H","VVS2",61.3,57,7821,6.6,6.62,4.05
"11364",43737,0.51,"Very Good","G","VS2",62.7,58,1438,5.09,5.12,3.2
"11365",51818,0.64,"Ideal","F","VS2",61.1,56,2419,5.57,5.59,3.41
"11366",49009,0.53,"Ideal","G","VVS2",62.2,54,2051,5.22,5.17,3.23
"11367",33892,0.3,"Premium","E","VS2",62.3,58,844,4.32,4.28,2.68
"11368",43740,0.51,"Ideal","E","SI1",59.6,57,1438,5.2,5.24,3.11
"11369",36835,0.34,"Good","D","VVS1",57.4,62,957,4.67,4.71,2.69
"11370",35056,0.47,"Ideal","I","VS2",62.1,53,884,4.99,5.02,3.11
"11371",11276,1.04,"Ideal","G","SI2",61.9,58,4973,6.47,6.51,4.02
"11372",3518,0.71,"Ideal","F","VS1",61.5,57,3404,5.73,5.76,3.53
"11373",46385,0.57,"Premium","E","VS2",62,58,1763,5.38,5.33,3.32
"11374",51993,0.66,"Very Good","E","VS2",63.3,56.3,2443,5.47,5.55,3.48
"11375",17174,1.02,"Ideal","G","VS1",62.1,58,6857,6.4,6.45,3.99
"11376",34882,0.4,"Very Good","E","VS2",62,60,879,4.67,4.69,2.9
"11377",30721,0.41,"Good","D","SI1",63.2,57,738,4.73,4.77,3
"11378",51091,0.73,"Premium","E","SI2",60.6,59,2335,5.85,5.8,3.53
"11379",5711,0.25,"Very Good","F","VVS2",61,58,575,4.02,4.05,2.46
"11380",29098,0.36,"Premium","D","SI2",61.5,60,689,4.6,4.54,2.81
"11381",27335,2.32,"Ideal","J","VS1",62.5,54.5,17891,8.44,8.47,5.28
"11382",52878,0.74,"Very Good","F","SI1",61.5,58,2583,5.82,5.85,3.59
"11383",40137,0.41,"Ideal","H","VVS1",61.4,56,1115,4.8,4.77,2.94
"11384",36759,0.51,"Premium","F","SI2",62.3,62,956,5.09,5.02,3.15
"11385",20871,1.63,"Very Good","I","SI1",62,54,9090,7.6,7.67,4.73
"11386",17518,1.04,"Premium","E","VS2",61.1,59,7047,6.54,6.56,4
"11387",28538,0.3,"Premium","E","SI1",62.4,58,675,4.28,4.24,2.66
"11388",8966,1.03,"Very Good","F","SI2",61.4,57,4503,6.53,6.6,4.03
"11389",32650,0.31,"Premium","H","VVS2",61.4,58,802,4.37,4.32,2.67
"11390",43395,0.54,"Ideal","E","SI1",61.6,57,1410,5.23,5.26,3.23
"11391",26043,2.07,"Very Good","I","SI2",63.1,57,15245,8.2,8.1,5.14
"11392",37953,0.41,"Ideal","F","VS1",61.3,57,1007,4.77,4.79,2.93
"11393",29513,0.32,"Ideal","E","VS2",62.1,55,702,4.4,4.42,2.74
"11394",3599,0.9,"Good","D","SI2",63.5,62,3425,6.09,6.13,3.88
"11395",53294,0.3,"Good","D","SI1",63.3,59,552,4.22,4.25,2.68
"11396",16768,1.18,"Ideal","I","VVS2",62.7,55,6678,6.7,6.79,4.23
"11397",25309,1.51,"Ideal","E","VS2",59.8,59,13986,7.55,7.47,4.49
"11398",7014,0.9,"Premium","F","SI1",61.2,59,4158,6.19,6.16,3.78
"11399",37677,0.7,"Fair","F","I1",70.8,56,992,5.38,5.33,3.79
"11400",16450,1.2,"Very Good","H","SI1",62.3,57,6569,6.78,6.76,4.22
"11401",21310,1.04,"Ideal","G","VVS2",61.7,56,9465,6.5,6.54,4.02
"11402",46366,0.54,"Premium","E","VS2",60.7,56,1760,5.32,5.29,3.22
"11403",44055,0.52,"Very Good","F","VS2",61.9,59,1550,5.11,5.14,3.17
"11404",38801,0.31,"Very Good","G","VVS1",63.4,57,1046,4.36,4.32,2.75
"11405",39136,0.41,"Ideal","G","VS2",62.7,56,1061,4.76,4.72,2.97
"11406",31986,0.3,"Premium","F","VS2",61.4,60,776,4.3,4.27,2.63
"11407",26372,2.02,"Very Good","G","SI2",63.1,56,15848,8.06,8.02,5.07
"11408",11508,1.01,"Ideal","I","SI1",62.5,56,5020,6.4,6.36,3.99
"11409",9494,1.05,"Premium","H","SI1",61.9,58,4608,6.45,6.5,4.01
"11410",50383,0.55,"Very Good","D","VS1",59.5,56,2251,5.35,5.38,3.19
"11411",20895,1.25,"Very Good","G","VS1",60.7,56,9116,6.93,7.01,4.23
"11412",35435,0.32,"Ideal","E","VS2",62,55,900,4.46,4.38,2.74
"11413",27554,2.16,"Ideal","I","VS1",62.7,56,18342,8.28,8.2,5.17
"11414",9657,1.01,"Very Good","H","SI1",63.4,58,4642,6.38,6.34,4.03
"11415",13396,0.32,"Ideal","G","VS1",61.9,55,602,4.4,4.42,2.73
"11416",40375,0.39,"Very Good","F","IF",60.8,55,1131,4.73,4.77,2.89
"11417",29148,0.4,"Ideal","I","SI1",61.2,55,692,4.77,4.8,2.93
"11418",15519,1.22,"Premium","I","VS2",60.3,59,6217,6.93,6.87,4.16
"11419",38869,0.4,"Premium","F","VS1",62.6,58,1050,4.72,4.68,2.94
"11420",30225,0.33,"Premium","E","VS2",61,60,723,4.43,4.46,2.71
"11421",25503,1.51,"Premium","F","VS2",62.5,58,14294,7.36,7.21,4.55
"11422",39222,0.38,"Ideal","D","SI1",62.2,54,1066,4.69,4.65,2.9
"11423",18403,1.59,"Premium","I","VS2",62,58,7479,7.44,7.39,4.6
"11424",23837,1.51,"Ideal","G","SI1",62.4,56,11917,7.36,7.33,4.59
"11425",25352,0.28,"Very Good","F","VVS2",60.6,59,642,4.22,4.26,2.57
"11426",23550,1.51,"Very Good","F","SI1",62.8,59,11560,7.28,7.31,4.58
"11427",35574,0.35,"Premium","F","VS2",61.4,59,906,4.56,4.53,2.79
"11428",12653,1,"Ideal","E","SI1",62.3,55,5299,6.34,6.41,3.97
"11429",16388,1.18,"Premium","F","SI1",62.3,59,6542,6.75,6.67,4.18
"11430",12485,1.07,"Very Good","H","VS2",61.5,57,5254,6.57,6.63,4.06
"11431",19060,1,"Premium","G","VVS2",62.8,59,7840,6.43,6.38,4.02
"11432",53570,0.7,"Premium","E","VS2",60.8,58,2697,5.74,5.7,3.48
"11433",28489,0.42,"Ideal","J","VVS2",61.7,54,673,4.83,4.86,2.99
"11434",19313,1.05,"Ideal","G","VS1",61.2,57,8022,6.51,6.55,4
"11435",14885,1.54,"Ideal","I","SI2",61.4,55,5994,7.52,7.43,4.59
"11436",23252,1.58,"Ideal","H","VS2",62.7,56,11262,7.39,7.44,4.65
"11437",27232,1.7,"Good","F","VS2",62.2,56,17597,7.54,7.6,4.71
"11438",9827,1.01,"Premium","G","SI1",62.9,61,4672,6.4,6.36,4.01
"11439",19345,1.5,"Fair","H","VS1",64.8,55,8044,7.25,7.2,4.68
"11440",29595,0.32,"Premium","D","SI1",62.2,60,706,4.37,4.34,2.71
"11441",3301,0.9,"Very Good","F","SI2",63,56,3368,6.09,6.16,3.86
"11442",11137,1.4,"Premium","J","SI1",62.9,59,4939,7.16,7.07,4.48
"11443",7714,0.33,"Ideal","G","VS2",61.2,55,579,4.46,4.49,2.74
"11444",15512,1.03,"Premium","G","VS2",62.3,59,6214,6.38,6.42,3.99
"11445",46427,0.59,"Premium","F","VS2",61.5,58,1769,5.45,5.41,3.34
"11446",42755,0.56,"Ideal","H","SI1",61.9,58,1343,5.27,5.3,3.27
"11447",3381,0.31,"Ideal","I","SI1",62.7,56,408,4.3,4.34,2.71
"11448",20942,1.53,"Premium","J","VVS1",61.6,58,9155,7.37,7.4,4.55
"11449",11004,1.17,"Premium","I","SI1",62.6,58,4914,6.71,6.64,4.18
"11450",12173,1.18,"Ideal","J","VS1",61.7,56,5182,6.79,6.82,4.2
"11451",50342,0.62,"Ideal","D","VS2",61.2,56,2243,5.49,5.52,3.37
"11452",18987,1.51,"Good","I","SI2",63.6,60,7815,7.23,7.27,4.61
"11453",22518,1.21,"Ideal","E","VS2",61.8,53,10556,6.86,6.9,4.25
"11454",16027,0.3,"Premium","I","VS1",60.5,60,608,4.33,4.3,2.61
"11455",40560,0.41,"Very Good","G","VVS1",60.3,60,1151,4.74,4.78,2.87
"11456",4680,0.8,"Very Good","G","VS1",62.7,56,3673,5.9,5.94,3.71
"11457",46231,0.5,"Very Good","D","VS2",62.9,61,1752,4.96,5.03,3.14
"11458",30746,0.36,"Good","D","VS2",63.4,54,739,4.51,4.57,2.88
"11459",36605,0.34,"Ideal","E","SI2",62.4,57,477,4.47,4.5,2.8
"11460",5344,0.91,"Ideal","F","SI2",62.4,57,3812,6.18,6.22,3.87
"11461",53382,0.7,"Very Good","F","SI1",60.6,60,2662,5.71,5.75,3.47
"11462",36785,0.34,"Ideal","G","VVS1",62.5,53,956,4.49,4.47,2.8
"11463",21811,1.04,"Premium","E","VVS2",62.8,58,9882,6.45,6.42,4.04
"11464",28582,0.3,"Premium","G","VS2",60.8,61,675,4.34,4.31,2.63
"11465",22943,1.04,"Premium","D","VVS2",61.1,60,10984,6.54,6.51,3.99
"11466",44183,0.56,"Ideal","D","SI2",60,58,1568,5.42,5.38,3.24
"11467",29802,0.3,"Premium","D","SI1",62.2,58,709,4.31,4.28,2.67
"11468",53447,0.72,"Ideal","F","SI2",60.8,56,2674,5.82,5.79,3.53
"11469",27834,0.31,"Very Good","H","VVS1",61.9,57,651,4.33,4.36,2.69
"11470",10264,1.01,"Premium","E","SI2",59.5,59,4751,6.58,6.54,3.9
"11471",50653,0.31,"Premium","H","VS1",62.4,58,544,4.32,4.36,2.71
"11472",45020,0.54,"Ideal","H","VS1",61.9,56,1637,5.24,5.2,3.23
"11473",6736,0.26,"Ideal","I","VS1",61.6,54,578,4.08,4.12,2.53
"11474",378,0.7,"Very Good","F","VS1",61.8,56,2810,5.63,5.7,3.5
"11475",24491,2,"Fair","H","VS2",65.2,56,12765,7.92,7.87,5.15
"11476",4724,0.33,"Ideal","I","SI1",62.7,56,572,4.44,4.4,2.77
"11477",31352,0.41,"Ideal","E","SI2",61.2,56,760,4.81,4.84,2.95
"11478",11098,1.21,"Very Good","I","SI2",60,58,4929,6.89,6.97,4.16
"11479",41355,0.43,"Ideal","I","VS1",61.8,55,1218,4.88,4.9,3.02
"11480",50517,0.75,"Premium","I","SI1",62,60,2273,5.8,5.75,3.57
"11481",21332,1.22,"Very Good","E","VS2",60.8,59,9475,6.87,6.91,4.19
"11482",37536,0.4,"Premium","E","VVS2",60.8,59,988,4.73,4.77,2.89
"11483",14934,1,"Very Good","F","VS2",61.6,56,6013,6.42,6.47,3.97
"11484",22862,1.54,"Premium","H","VS2",61.8,59,10897,7.4,7.35,4.56
"11485",8644,1,"Ideal","F","SI2",61.3,56,4452,6.46,6.43,3.95
"11486",34351,0.42,"Premium","D","SI2",62,59,862,4.83,4.78,2.98
"11487",51082,0.72,"Very Good","F","SI1",63.1,55,2333,5.75,5.7,3.61
"11488",14565,1.01,"Fair","E","VS2",65.3,59,5882,6.15,6.1,4
"11489",4141,1.13,"Premium","H","I1",62.7,59,3544,6.63,6.58,4.14
"11490",48174,0.57,"Premium","D","VS2",61.9,58,1944,5.32,5.35,3.3
"11491",40313,0.4,"Premium","E","VS1",62.4,54,1125,4.75,4.71,2.95
"11492",39909,0.51,"Very Good","E","SI2",60.7,56,1104,5.17,5.21,3.15
"11493",1366,0.71,"Ideal","I","VS1",61.8,56,2965,5.68,5.72,3.52
"11494",46221,0.5,"Very Good","D","VS2",62.8,56,1752,5.04,5.08,3.18
"11495",42014,0.35,"Ideal","D","VVS1",62,54,1266,4.56,4.57,2.83
"11496",30553,0.31,"Very Good","D","VS2",62.3,55,734,4.32,4.35,2.7
"11497",19869,1.46,"Ideal","E","SI2",62.3,55,8421,7.29,7.25,4.53
"11498",39685,0.4,"Ideal","F","VVS2",61.7,56,1088,4.72,4.74,2.92
"11499",50922,0.71,"Very Good","F","VS2",63.2,59,2319,5.66,5.6,3.56
"11500",32182,0.39,"Premium","G","VS2",62.3,59,787,4.65,4.69,2.91
"11501",53041,0.71,"Ideal","G","SI1",62.5,57,2604,5.67,5.69,3.55
"11502",16982,1.25,"Good","H","SI1",63.7,58,6783,6.81,6.79,4.33
"11503",17182,2.32,"Fair","H","I1",70.5,55,6860,7.93,7.9,5.58
"11504",25620,2.06,"Premium","I","SI1",60.9,61,14488,8.32,8.16,4.99
"11505",50370,0.72,"Ideal","J","VVS1",62.5,56,2249,5.71,5.74,3.58
"11506",5145,0.9,"Very Good","I","VS2",62.8,52,3764,6.19,6.23,3.9
"11507",1653,0.93,"Premium","G","SI2",61.4,56,3019,6.27,6.23,3.84
"11508",2626,0.9,"Fair","H","VS2",65.5,57,3226,6.05,6.01,3.95
"11509",28951,0.31,"Very Good","E","SI2",61.2,61,435,4.36,4.37,2.67
"11510",39522,0.51,"Very Good","J","VS2",63.1,56,1080,5.13,5.1,3.23
"11511",2593,0.9,"Very Good","F","SI2",62.8,54,3217,6.05,6.15,3.83
"11512",37655,0.42,"Ideal","F","SI1",60.6,57,992,4.9,4.84,2.95
"11513",49198,0.58,"Very Good","G","VVS2",62,57,2078,5.33,5.34,3.31
"11514",19233,1.12,"Ideal","G","VS1",61.5,55,7970,6.67,6.69,4.11
"11515",27397,2.39,"Ideal","I","VS2",62.2,55,17955,8.58,8.56,5.33
"11516",43140,0.58,"Good","G","SI1",63.8,56,1388,5.3,5.33,3.39
"11517",25149,1.5,"Premium","G","VS1",60.2,58,13720,7.41,7.38,4.45
"11518",51788,0.74,"Premium","F","SI1",60.7,59,2415,5.85,5.82,3.54
"11519",45519,0.53,"Ideal","F","VS2",62.3,55,1683,5.2,5.17,3.23
"11520",39763,0.36,"Premium","D","VS2",60.5,58,1094,4.63,4.6,2.79
"11521",24286,1.75,"Premium","I","VS1",60.6,60,12529,7.84,7.8,4.74
"11522",32589,0.3,"Ideal","D","VVS2",59.4,60,802,4.39,4.47,2.63
"11523",18245,1.01,"Very Good","F","VS2",62.9,55,7411,6.36,6.42,4.02
"11524",9911,1.01,"Premium","E","SI2",62.9,59,4688,6.37,6.31,3.99
"11525",16398,1.09,"Very Good","G","VS1",62.5,59,6546,6.56,6.59,4.11
"11526",39245,0.51,"Premium","F","SI2",62.1,56,1068,5.16,5.11,3.19
"11527",20925,1.2,"Premium","E","VS2",62.7,59,9139,6.7,6.67,4.19
"11528",23989,1.13,"Ideal","D","VVS2",61.7,57,12150,6.65,6.68,4.11
"11529",29678,0.3,"Very Good","D","VS1",63.2,59,707,4.26,4.29,2.7
"11530",20046,0.4,"Ideal","D","SI2",62,55,625,4.71,4.77,2.94
"11531",37790,0.38,"Premium","E","VS1",60.7,59,1000,4.69,4.73,2.86
"11532",52448,0.78,"Very Good","F","SI2",63,57,2515,5.85,5.9,3.7
"11533",40599,0.3,"Premium","G","SI1",62.5,61,497,4.29,4.26,2.67
"11534",41749,0.52,"Good","G","SI1",63.3,55,1244,5.07,5.1,3.22
"11535",36509,0.35,"Ideal","D","VVS2",61.6,54,945,4.55,4.57,2.81
"11536",16155,1.04,"Premium","F","VS2",60.1,59,6458,6.61,6.56,3.96
"11537",16655,1.21,"Ideal","F","SI1",61.1,55,6659,6.87,6.85,4.19
"11538",14381,0.3,"Premium","F","VS2",61.4,60,605,4.27,4.3,2.63
"11539",34183,0.33,"Premium","G","VS1",62.2,58,854,4.42,4.39,2.74
"11540",30597,0.31,"Premium","D","VS2",60.7,59,734,4.35,4.38,2.65
"11541",3850,0.8,"Good","F","VS1",59,60.9,3477,6.03,6.04,3.56
"11542",15914,1.19,"Premium","H","VS2",61,59,6363,6.91,6.8,4.18
"11543",623,0.7,"Ideal","F","SI1",61,56,2840,5.75,5.8,3.52
"11544",5408,1,"Fair","H","VS2",64.8,55,3819,6.35,6.28,4.09
"11545",35520,0.43,"Ideal","F","VS2",61.1,56,905,4.88,4.91,2.99
"11546",26652,2.05,"Ideal","G","SI2",59.8,59,16446,8.22,8.31,4.94
"11547",44577,0.53,"Very Good","G","VS1",61.9,57,1607,5.19,5.22,3.22
"11548",8297,1.13,"Ideal","I","SI2",61.7,57,4385,6.7,6.59,4.13
"11549",24605,2.23,"Premium","H","SI2",59.4,59,12921,8.6,8.54,5.09
"11550",44876,0.52,"Ideal","D","VS2",61.9,54,1629,5.13,5.18,3.19
"11551",41996,0.43,"Ideal","G","VVS1",61.5,56,1264,4.87,4.85,2.99
"11552",31914,0.3,"Very Good","G","VS1",63.3,56,776,4.3,4.26,2.71
"11553",47464,0.5,"Ideal","G","SI1",60.2,57,1857,5.16,5.2,3.12
"11554",49023,0.57,"Ideal","H","VVS1",60.9,56,2052,5.38,5.36,3.27
"11555",17044,0.28,"Very Good","F","IF",62.2,55,612,4.23,4.26,2.64
"11556",13057,1,"Premium","F","SI1",60.6,62,5410,6.43,6.4,3.89
"11557",36646,0.43,"Good","F","SI1",63.6,53,948,4.83,4.79,3.06
"11558",38571,0.4,"Ideal","I","VVS2",62,56,1035,4.77,4.74,2.95
"11559",39788,0.39,"Ideal","D","VS1",61.9,57,1095,4.69,4.71,2.91
"11560",33258,0.28,"Ideal","F","IF",62,53,825,4.23,4.29,2.64
"11561",7280,1,"Very Good","I","SI1",63.3,58,4200,6.34,6.3,4
"11562",28976,0.31,"Ideal","E","SI2",61.3,55,435,4.34,4.37,2.67
"11563",5905,0.93,"Very Good","G","SI1",62.5,57.8,3933,6.15,6.28,3.87
"11564",14626,1.24,"Ideal","I","SI1",62.1,56,5902,6.88,6.84,4.26
"11565",8404,1.06,"Ideal","H","SI2",60.1,59,4401,6.65,6.63,3.99
"11566",35650,0.31,"Premium","G","VVS2",61.8,58,907,4.36,4.32,2.68
"11567",33089,0.37,"Ideal","G","VVS2",61.6,55,815,4.62,4.66,2.86
"11568",43586,0.59,"Good","D","SI1",63.8,57,1431,5.31,5.26,3.37
"11569",32736,0.31,"Premium","F","VS2",62.9,59,802,4.32,4.27,2.7
"11570",13410,0.37,"Ideal","I","VS2",61.2,56,603,4.62,4.66,2.84
"11571",52237,0.8,"Very Good","H","SI1",63.3,58,2485,5.93,5.89,3.74
"11572",40780,0.35,"Ideal","D","VVS1",61.5,57,1167,4.52,4.55,2.79
"11573",12,0.23,"Ideal","J","VS1",62.8,56,340,3.93,3.9,2.46
"11574",29012,0.34,"Ideal","H","VVS2",61.8,54,686,4.47,4.49,2.77
"11575",26323,2.03,"Very Good","I","VS2",61.4,59,15826,8.06,8.12,4.97
"11576",40654,0.54,"Ideal","H","SI1",61,56,1154,5.24,5.28,3.21
"11577",22693,0.38,"Very Good","I","VVS1",62.6,59,630,4.6,4.64,2.89
"11578",22478,1.7,"Premium","I","SI1",59.7,60,10501,7.77,7.72,4.62
"11579",17055,0.4,"Ideal","J","SI1",61.6,56,612,4.72,4.77,2.93
"11580",1191,0.7,"Very Good","F","VVS2",63.2,58,2932,5.66,5.6,3.56
"11581",14119,1.01,"Good","E","SI1",63.9,56,5724,6.37,6.31,4.05
"11582",11656,1.02,"Good","G","SI1",63.6,58,5055,6.39,6.34,4.05
"11583",30936,0.24,"Very Good","H","VVS2",61.5,56,449,3.99,4.01,2.46
"11584",9368,0.32,"Good","D","SI1",63.7,55,589,4.35,4.38,2.78
"11585",25285,2.09,"Ideal","I","SI2",61.2,57,13933,8.27,8.19,5.04
"11586",52428,0.75,"Very Good","H","VS1",59.3,59,2513,5.87,6,3.52
"11587",15183,1,"Very Good","F","VS1",58.1,62,6098,6.57,6.62,3.83
"11588",53725,0.71,"Ideal","I","SI1",61.5,55,2721,5.76,5.79,3.55
"11589",3103,0.77,"Ideal","F","SI1",61.5,55,3321,5.88,5.92,3.63
"11590",49306,0.35,"Ideal","J","VVS1",62.1,53,540,4.53,4.55,2.82
"11591",26688,0.28,"Very Good","E","VS1",62.2,59,428,4.19,4.23,2.62
"11592",2804,0.71,"Ideal","D","SI1",60.9,57,3262,5.75,5.79,3.51
"11593",8853,1.01,"Good","E","SI1",59.3,64,4480,6.49,6.47,3.84
"11594",5541,0.73,"Very Good","D","VS1",62.2,56,3856,5.72,5.75,3.57
"11595",24566,1.62,"Ideal","F","SI1",62.5,55,12857,7.56,7.52,4.71
"11596",16174,1,"Ideal","G","VS1",62.2,56,6465,6.41,6.35,3.97
"11597",28530,0.38,"Ideal","I","VS2",61.4,55,675,4.66,4.69,2.87
"11598",52026,0.74,"Premium","G","SI1",59.6,59,2447,5.94,5.87,3.52
"11599",14938,1.21,"Ideal","G","SI2",62,56,6017,6.83,6.81,4.23
"11600",29801,0.3,"Ideal","D","SI1",61.6,57,709,4.32,4.28,2.65
"11601",25452,2,"Fair","G","SI2",66.5,56,14208,7.75,7.7,5.14
"11602",52860,0.76,"Ideal","H","SI1",62,56,2578,5.89,5.85,3.64
"11603",50839,0.51,"Premium","F","VVS2",61.9,56,2310,5.17,5.13,3.19
"11604",21842,1.04,"Ideal","E","VVS2",61,57,9901,6.61,6.57,4.02
"11605",3075,0.96,"Good","J","VS2",63.9,58,3312,6.27,6.21,3.99
"11606",29858,0.3,"Very Good","D","VS2",62.6,61,710,4.22,4.25,2.65
"11607",18685,1.06,"Ideal","F","VS2",61.4,56,7641,6.56,6.61,4.04
"11608",10845,1.16,"Premium","I","SI1",60,58,4872,6.82,6.78,4.08
"11609",31589,0.35,"Premium","E","VS2",60.4,60,767,4.52,4.55,2.74
"11610",23283,1.53,"Good","E","SI1",63.5,58,11303,7.29,7.35,4.65
"11611",8263,1.02,"Premium","G","SI1",61.9,58,4381,6.47,6.42,3.99
"11612",31923,0.3,"Premium","G","VS1",62.8,59,776,4.27,4.23,2.67
"11613",49902,0.71,"Ideal","H","SI2",62.7,57,2178,5.66,5.69,3.56
"11614",26643,2,"Good","D","SI2",60.3,56,16425,8.08,8.11,4.88
"11615",7476,1.1,"Very Good","I","SI1",60.4,61,4235,6.69,6.73,4.05
"11616",7200,1.01,"Good","J","VS1",61.5,61,4189,6.39,6.45,3.95
"11617",44102,0.55,"Premium","G","VS2",60.3,62,1556,5.33,5.29,3.2
"11618",5663,0.9,"Ideal","F","SI2",62.4,57,3881,6.23,6.15,3.86
"11619",28461,0.32,"Very Good","G","VVS2",61.3,57,672,4.39,4.43,2.7
"11620",1649,0.7,"Good","E","VS1",60.2,61,3018,5.71,5.75,3.45
"11621",14293,1.23,"Premium","G","VS1",62.2,58,5786,6.78,6.74,4.27
"11622",34595,0.27,"Very Good","E","VS2",63,57,470,4.12,4.16,2.61
"11623",35041,0.4,"Ideal","G","VVS2",61.4,53,883,4.73,4.81,2.93
"11624",20601,1.01,"Premium","F","VVS2",59.9,58,8905,6.54,6.49,3.9
"11625",3143,0.7,"Ideal","E","SI1",61.6,56,3330,5.7,5.72,3.52
"11626",24215,1.4,"Premium","F","VS1",58.8,61,12401,7.35,7.32,4.31
"11627",1934,0.53,"Ideal","E","VVS1",61.8,55,3084,5.19,5.24,3.22
"11628",12706,0.26,"Premium","E","VVS1",61.7,59,599,4.1,4.14,2.54
"11629",14538,1.2,"Premium","G","SI1",62.5,60,5868,6.74,6.68,4.21
"11630",50392,0.72,"Ideal","H","SI2",60.8,56,2252,5.79,5.83,3.53
"11631",47363,0.54,"Ideal","H","VVS1",61.1,57,1846,5.22,5.26,3.2
"11632",32272,0.3,"Very Good","G","VVS1",62.9,57,789,4.26,4.3,2.69
"11633",38577,0.4,"Premium","G","VS2",62.8,61,1035,4.67,4.63,2.92
"11634",25448,1.5,"Premium","F","VS2",61.5,58,14199,7.36,7.34,4.52
"11635",23237,1.31,"Ideal","G","VVS1",61.1,57,11247,7.06,7.01,4.3
"11636",28301,0.32,"Good","I","SI1",63.1,56,432,4.36,4.39,2.76
"11637",2034,0.9,"Good","H","SI2",64.1,58,3105,6.05,6.02,3.87
"11638",31146,0.41,"Ideal","E","SI1",62.1,54,755,4.76,4.81,2.97
"11639",22550,1.5,"Very Good","H","VS1",63.4,56,10584,7.29,7.25,4.61
"11640",41603,0.27,"Ideal","H","SI1",61.6,57,393,4.13,4.15,2.55
"11641",15112,1,"Ideal","D","SI1",62.7,57,6073,6.34,6.38,3.99
"11642",38674,0.44,"Premium","E","SI1",62.2,60,1040,4.86,4.79,3
"11643",45361,0.52,"Very Good","E","VS2",62.2,56,1665,5.16,5.17,3.21
"11644",53,0.32,"Ideal","I","SI1",60.9,55,404,4.45,4.48,2.72
"11645",9891,0.9,"Very Good","H","VS1",63.6,55,4685,6.15,6.11,3.9
"11646",14561,1,"Ideal","D","SI1",62.2,56,5880,6.38,6.35,3.96
"11647",4510,0.74,"Ideal","E","VVS2",61.9,57,3633,5.79,5.81,3.59
"11648",13472,1.07,"Ideal","G","SI1",61.7,54,5532,6.59,6.61,4.07
"11649",45092,0.64,"Good","F","SI1",57.9,64,1646,5.76,5.65,3.3
"11650",40603,0.23,"Very Good","E","VVS2",63,58,498,3.92,3.95,2.48
"11651",29024,0.31,"Ideal","G","VVS2",60.8,56,687,4.41,4.44,2.69
"11652",4516,1,"Premium","D","SI2",62,60,3634,6.38,6.3,3.93
"11653",53141,0.71,"Ideal","H","VS2",62.2,56,2622,5.68,5.74,3.55
"11654",52264,0.7,"Ideal","I","VS1",61.5,56,2490,5.73,5.76,3.53
"11655",45836,0.55,"Ideal","E","VS2",60.3,57,1715,5.3,5.28,3.19
"11656",20589,1.74,"Ideal","I","SI2",61.6,57,8896,7.67,7.74,4.75
"11657",6081,1.01,"Good","H","SI2",63.5,60,3971,6.23,6.31,3.98
"11658",38160,0.34,"Ideal","E","VVS1",62,56,1014,4.48,4.52,2.79
"11659",33717,0.33,"Ideal","H","IF",62.1,54,838,4.44,4.48,2.77
"11660",52805,0.71,"Premium","F","VS2",61,59,2571,5.72,5.69,3.48
"11661",6210,1.01,"Ideal","I","SI1",60.6,57,3999,6.51,6.56,3.96
"11662",11761,1.26,"Premium","J","SI1",61.8,58,5080,6.91,6.88,4.26
"11663",12597,1.08,"Very Good","H","SI1",63.4,57,5286,6.54,6.51,4.14
"11664",17863,1.51,"Good","J","VS2",63.7,59,7207,7.12,7.2,4.56
"11665",37360,0.4,"Premium","G","VVS2",59.7,58,982,4.78,4.8,2.86
"11666",8436,0.77,"Ideal","D","VS1",62.3,56,4407,5.83,5.89,3.65
"11667",20416,1.21,"Premium","G","VS1",62.7,58,8774,6.85,6.76,4.27
"11668",42242,0.59,"Ideal","H","SI2",61.9,55,1292,5.37,5.39,3.33
"11669",12989,1,"Premium","E","SI1",61.7,58,5396,6.42,6.35,3.94
"11670",11450,1.01,"Ideal","D","SI2",61.3,54,5006,6.52,6.47,3.99
"11671",24121,1.52,"Good","F","VS2",57.8,59,12283,7.58,7.5,4.36
"11672",32848,0.4,"Ideal","G","VS2",62.3,57,807,4.7,4.71,2.93
"11673",12872,1.03,"Premium","H","VS2",63,59,5364,6.47,6.36,4.04
"11674",3697,0.72,"Very Good","G","VVS2",60.1,60,3449,5.79,5.82,3.49
"11675",25193,2.61,"Good","I","SI2",64.2,63,13784,8.66,8.57,5.53
"11676",23193,1.71,"Ideal","F","SI2",62.1,54,11199,7.72,7.67,4.78
"11677",17275,1.31,"Very Good","I","VS2",61.2,58,6917,7.01,7.05,4.3
"11678",7595,1,"Premium","G","SI1",61.8,59,4256,6.43,6.38,3.96
"11679",34959,0.31,"Very Good","G","VS2",58.8,62,471,4.4,4.41,2.59
"11680",26505,2.38,"Very Good","J","VS2",62.6,59,16126,8.49,8.52,5.32
"11681",38307,0.37,"Very Good","F","SI2",60.2,60,487,4.6,4.7,2.8
"11682",12392,1.01,"Premium","G","SI1",60.2,59,5232,6.54,6.49,3.92
"11683",44752,0.51,"Premium","F","VS2",61.4,58,1619,5.13,5.09,3.14
"11684",6687,0.97,"Premium","G","SI2",61.3,57,4101,6.37,6.32,3.89
"11685",49622,0.32,"Very Good","F","SI2",63.1,56,540,4.38,4.34,2.75
"11686",19817,1.23,"Premium","G","VS1",61.8,58,8381,6.88,6.84,4.24
"11687",30429,0.32,"Ideal","G","VVS2",61.5,57,730,4.39,4.43,2.71
"11688",17504,1.01,"Very Good","F","VS2",61.1,58,7037,6.45,6.51,3.96
"11689",9033,0.41,"Ideal","J","VS2",61.7,55,587,4.79,4.81,2.96
"11690",46461,0.6,"Ideal","D","SI1",61.1,57,1774,5.39,5.51,3.33
"11691",40237,0.39,"Ideal","F","VVS1",62.2,54,1124,4.71,4.74,2.94
"11692",29756,0.3,"Premium","D","SI1",63,58,709,4.27,4.24,2.68
"11693",25015,2,"Premium","J","VS2",61.5,59,13552,8.06,8.11,4.97
"11694",16579,1.06,"Ideal","H","VS2",62.3,53,6619,6.58,6.56,4.09
"11695",15729,1.23,"Premium","H","VS2",61.4,59,6291,6.85,6.87,4.21
"11696",29078,0.38,"Ideal","G","SI1",61.2,58,688,4.64,4.67,2.85
"11697",15308,1.03,"Ideal","G","VS2",59.6,57,6146,6.65,6.6,3.95
"11698",48561,0.64,"Ideal","D","SI1",62.1,57,1991,5.52,5.49,3.42
"11699",38962,0.31,"Ideal","I","VS1",61.6,55,489,4.34,4.36,2.68
"11700",46950,0.62,"Very Good","G","VS2",63.2,55,1815,5.42,5.4,3.42
"11701",24731,2.23,"Premium","J","SI1",62.1,59,13069,8.29,8.33,5.16
"11702",5416,1.02,"Premium","G","SI2",62.3,58.1,3822,6.41,6.38,4
"11703",43590,0.57,"Ideal","F","SI2",62.7,56,1432,5.32,5.27,3.32
"11704",53415,0.7,"Ideal","G","VS1",62.6,56,2670,5.65,5.7,3.55
"11705",27716,0.36,"Premium","E","SI2",60.6,59,648,4.61,4.57,2.78
"11706",22385,1.1,"Ideal","D","VVS2",61,56,10410,6.67,6.73,4.09
"11707",26700,0.35,"Premium","H","SI2",62,58,429,4.47,4.5,2.78
"11708",37823,0.33,"Ideal","D","VS2",62.1,56,1002,4.48,4.44,2.77
"11709",39653,0.37,"Ideal","E","VS1",61.4,55,1087,4.62,4.66,2.85
"11710",19797,1.74,"Premium","J","VS2",61.9,62,8364,7.62,7.54,4.7
"11711",17970,1.01,"Ideal","G","VS1",62.1,54,7262,6.41,6.43,3.99
"11712",1058,0.31,"Premium","I","VS2",60.8,58,558,4.37,4.34,2.65
"11713",8246,1.04,"Ideal","G","SI2",60.7,57,4375,6.51,6.61,3.98
"11714",12384,0.35,"Ideal","I","VVS2",61.5,55,598,4.53,4.57,2.8
"11715",17792,1,"Premium","F","VS2",60.7,57,7168,6.5,6.45,3.93
"11716",9027,1.05,"Very Good","G","SI2",62.6,62,4516,6.45,6.49,4.05
"11717",2903,0.72,"Ideal","E","VS1",62.6,57,3283,5.69,5.72,3.57
"11718",26558,1.7,"Ideal","H","VS1",61.5,55,16240,7.69,7.73,4.74
"11719",50732,0.72,"Ideal","G","SI2",62.3,54,2295,5.76,5.79,3.6
"11720",10501,1.02,"Ideal","E","SI2",62.9,57,4798,6.44,6.38,4.03
"11721",14872,1.01,"Good","F","VS2",63.6,59,5988,6.32,6.36,4.03
"11722",9549,1,"Very Good","F","SI1",60.3,61,4620,6.38,6.43,3.86
"11723",43678,0.5,"Premium","F","VS2",62.3,58,1436,5.02,5.06,3.14
"11724",47698,0.71,"Very Good","I","SI1",62.6,63,1883,5.61,5.54,3.49
"11725",6916,0.9,"Premium","G","VS2",60.8,56,4137,6.19,6.14,3.75
"11726",19071,1.51,"Good","J","VS1",63.5,60,7848,7.23,7.29,4.61
"11727",47203,0.5,"Premium","G","VVS2",61.6,60,1838,5.1,5.13,3.15
"11728",701,0.7,"Very Good","E","VS1",62.4,56,2854,5.64,5.7,3.54
"11729",31213,0.32,"Premium","D","SI1",62.3,55,756,4.42,4.38,2.74
"11730",25152,2.01,"Fair","G","SI2",65,60,13721,7.8,7.73,5.05
"11731",31451,0.34,"Ideal","G","VS2",61.8,56,765,4.52,4.48,2.78
"11732",5901,1.01,"Good","D","SI2",64,59,3932,6.28,6.34,4.04
"11733",6028,1,"Very Good","D","SI2",60.8,63,3965,6.41,6.36,3.88
"11734",36203,0.31,"Ideal","G","VVS2",62,56,931,4.35,4.33,2.69
"11735",17146,1.01,"Good","G","VVS2",63.4,55,6843,6.34,6.41,4.04
"11736",14325,1.11,"Premium","E","SI1",61.3,58,5802,6.61,6.66,4.07
"11737",30110,0.32,"Premium","G","VS2",60.2,57,720,4.45,4.42,2.67
"11738",41769,0.44,"Very Good","E","VS1",62.2,58,1246,4.8,4.85,3
"11739",15862,2,"Premium","H","I1",59.7,62,6344,8.19,8.02,4.85
"11740",31054,0.34,"Ideal","H","VVS1",61.1,56,751,4.51,4.56,2.77
"11741",28144,0.3,"Ideal","G","VVS2",62.6,53,665,4.31,4.35,2.71
"11742",37085,0.41,"Premium","E","SI1",60.1,60,969,4.83,4.79,2.89
"11743",52493,0.77,"Good","D","SI2",64.9,53,2523,5.84,5.75,3.76
"11744",29234,0.32,"Ideal","G","VS1",59.8,57.9,696,4.44,4.47,2.67
"11745",24515,1.19,"Ideal","D","VVS2",62,57,12795,6.76,6.86,4.22
"11746",16090,1.01,"Good","D","VS2",61.6,61,6429,6.43,6.45,3.97
"11747",1372,0.73,"Very Good","G","VS2",62.1,59,2966,5.68,5.73,3.54
"11748",24834,2.02,"Ideal","I","SI2",61.7,57,13229,8.12,8.05,4.99
"11749",11795,1.12,"Very Good","G","SI1",59.5,62,5088,6.76,6.81,4.04
"11750",30275,0.31,"Ideal","I","VS2",62.3,53.8,447,4.32,4.36,2.7
"11751",8,0.26,"Very Good","H","SI1",61.9,55,337,4.07,4.11,2.53
"11752",42799,0.5,"Very Good","G","VS2",62,57,1351,5.04,5.12,3.15
"11753",27008,2.22,"Ideal","G","SI2",62.5,54,17123,8.28,8.35,5.2
"11754",19254,1.5,"Premium","J","VVS2",62.8,62,7983,7.25,7.22,4.54
"11755",7109,0.92,"Very Good","D","SI2",62.4,60,4168,6.21,6.25,3.89
"11756",4437,1.09,"Ideal","J","VS2",62.5,55,3615,6.64,6.58,4.13
"11757",33526,0.35,"Ideal","D","VS2",62.5,55,829,4.5,4.55,2.83
"11758",50216,0.7,"Ideal","F","SI1",61.9,57,2230,5.66,5.75,3.53
"11759",7786,0.72,"Ideal","E","VVS2",62.1,56,4285,5.72,5.77,3.57
"11760",11464,1.01,"Very Good","F","SI1",62.8,60,5010,6.32,6.38,3.99
"11761",6796,0.91,"Fair","H","VVS1",56.5,67,4115,6.38,6.4,3.61
"11762",43426,0.35,"Fair","G","VS2",65.9,54,1415,5.57,5.53,3.66
"11763",37289,0.24,"Very Good","E","VVS2",63.4,57,485,3.95,3.97,2.51
"11764",21435,1.3,"Ideal","G","VS2",62.3,55,9540,7,6.93,4.34
"11765",24837,1.5,"Good","D","VS2",64.1,54,13232,7.17,7.24,4.62
"11766",10940,1.01,"Good","F","SI1",63.3,59,4899,6.38,6.42,4.05
"11767",5919,0.93,"Premium","H","VS2",60.3,61,3937,6.39,6.25,3.81
"11768",17421,1.05,"Ideal","G","VS2",61.6,59,6981,6.51,6.54,4.02
"11769",18887,1,"Ideal","G","VVS2",60.8,57,7744,6.45,6.47,3.93
"11770",48009,0.52,"Ideal","D","VS2",62.3,56,1919,5.16,5.11,3.2
"11771",42660,0.4,"Ideal","E","VVS1",62.4,57,1333,4.67,4.72,2.93
"11772",30199,0.42,"Premium","E","SI1",60,58,722,4.85,4.89,2.92
"11773",25123,1.26,"Ideal","F","IF",62.6,57,13671,6.94,6.84,4.31
"11774",41703,0.5,"Very Good","I","VS1",63,55,1242,5.07,5.09,3.2
"11775",40201,0.39,"Premium","E","VS2",60.9,60,1121,4.71,4.68,2.86
"11776",25669,1.5,"Premium","F","VS2",61.5,58,14586,7.32,7.34,4.51
"11777",11085,0.81,"Ideal","F","VVS2",62.2,53.9,4926,5.97,6.01,3.72
"11778",45231,0.58,"Ideal","F","VS2",61.5,57,1657,5.34,5.39,3.3
"11779",20205,1.35,"Very Good","H","VVS2",63.1,56,8644,6.95,7.03,4.41
"11780",4302,0.7,"Premium","G","IF",62.2,58,3591,5.63,5.69,3.52
"11781",33239,0.33,"Ideal","F","VVS2",61.4,57,824,4.43,4.46,2.73
"11782",28827,0.41,"Premium","E","SI2",60,59,683,4.78,4.82,2.88
"11783",42709,0.57,"Very Good","G","SI1",61.9,59,1340,5.28,5.31,3.28
"11784",1263,0.82,"Good","H","VS2",62.4,54,2947,5.97,6.04,3.75
"11785",6422,0.8,"Ideal","F","VS2",62.1,56,4043,5.93,5.98,3.7
"11786",43664,0.5,"Ideal","F","VS2",62.7,57,1436,5.06,5.11,3.19
"11787",37768,0.41,"Premium","E","VS2",61.3,58,999,4.79,4.74,2.92
"11788",39096,0.41,"Premium","I","VVS2",62.1,58,1061,4.78,4.76,2.96
"11789",38074,0.3,"Premium","E","VVS2",61.5,60,1013,4.31,4.28,2.64
"11790",41784,0.57,"Premium","F","SI2",60.4,58,1247,5.4,5.37,3.25
"11791",7905,1.01,"Very Good","I","SI1",63.1,57,4313,6.32,6.36,4
"11792",28517,0.31,"Ideal","D","VS1",62,57,673,4.33,4.35,2.69
"11793",42235,0.4,"Ideal","E","VS1",61.1,57,1291,4.75,4.78,2.97
"11794",51781,0.7,"Very Good","I","VS1",63.1,57,2411,5.67,5.59,3.55
"11795",19362,0.27,"Ideal","E","VVS2",62.2,55,622,4.12,4.17,2.58
"11796",33996,0.42,"Ideal","H","VS1",61.4,56,847,4.82,4.85,2.97
"11797",10746,1,"Premium","F","SI1",59.7,60,4851,6.48,6.51,3.88
"11798",44499,0.51,"Ideal","G","VS1",62.2,55,1599,5.13,5.16,3.2
"11799",23744,2,"Premium","J","VS1",62,62,11793,8.02,7.91,4.94
"11800",18970,1.21,"Ideal","G","VS2",62,56,7806,6.87,6.77,4.23
"11801",48159,0.59,"Very Good","G","VS1",62.5,53,1942,5.46,5.35,3.38
"11802",516,0.71,"Ideal","E","SI1",60.5,56,2823,5.77,5.73,3.47
"11803",39863,0.38,"Ideal","F","VVS1",62.3,54.1,1101,4.63,4.66,2.9
"11804",38099,0.36,"Premium","E","VS2",59.8,62,1013,4.61,4.56,2.74
"11805",2949,1.01,"Fair","E","SI2",64.6,59,3294,6.22,6.18,4.01
"11806",27314,2.01,"Premium","I","VS2",60.3,58,17826,8.22,8.16,4.94
"11807",52738,0.71,"Ideal","I","VVS2",61.4,58,2559,5.7,5.76,3.52
"11808",47486,0.83,"Ideal","H","SI2",61.8,57,1863,6.08,5.99,3.73
"11809",455,0.71,"Premium","E","VS2",62.3,58,2817,5.69,5.65,3.53
"11810",39851,0.38,"Ideal","E","VVS2",61.6,55,1100,4.67,4.72,2.89
"11811",13400,0.32,"Very Good","F","VS2",63,57,602,4.33,4.37,2.74
"11812",38306,0.37,"Good","G","SI2",63.4,57,487,4.55,4.57,2.89
"11813",28523,0.41,"Ideal","J","VS1",62,53.6,674,4.75,4.79,2.96
"11814",49116,0.72,"Very Good","J","VS1",62.8,58,2066,5.71,5.73,3.59
"11815",42139,0.5,"Good","I","VVS2",64.8,56,1280,4.92,4.99,3.21
"11816",31295,0.32,"Very Good","D","VS2",62.5,57,758,4.34,4.39,2.73
"11817",13386,0.37,"Ideal","J","IF",61.9,54,601,4.63,4.68,2.88
"11818",35984,0.39,"Very Good","E","VS2",60.4,56,921,4.7,4.73,2.85
"11819",30564,0.31,"Ideal","E","VS1",61.6,57,734,4.32,4.35,2.67
"11820",6578,1,"Premium","I","VS1",60.6,58,4077,6.47,6.4,3.9
"11821",3328,0.9,"Fair","H","VS2",65.6,55,3375,6.01,5.97,3.93
"11822",43428,0.53,"Very Good","D","SI1",59.1,59,1415,5.27,5.33,3.13
"11823",9257,0.97,"Premium","F","SI1",62.7,59,4561,6.28,6.31,3.95
"11824",13447,1.12,"Ideal","H","SI1",61.9,57,5521,6.64,6.68,4.12
"11825",43708,0.46,"Premium","E","VS1",61.7,59,1437,4.96,4.93,3.05
"11826",4972,1.51,"Fair","F","I1",67.5,56,3734,7.17,7.05,4.8
"11827",44071,0.55,"Ideal","E","SI1",60.7,57,1551,5.27,5.3,3.21
"11828",42684,0.5,"Very Good","H","VS2",62.3,57,1337,5.03,5.12,3.16
"11829",27708,0.36,"Good","E","SI2",63.7,54,648,4.55,4.52,2.89
"11830",48917,0.54,"Ideal","E","VS1",62,56,2041,5.25,5.17,3.23
"11831",37524,0.37,"Ideal","F","VVS2",61.1,56,987,4.62,4.65,2.83
"11832",21997,1.6,"Premium","D","SI2",61.9,58,10064,7.54,7.49,4.65
"11833",33914,0.3,"Premium","E","VS2",62.2,60,844,4.28,4.24,2.65
"11834",47259,0.5,"Very Good","G","VVS1",60.9,57,1843,5.1,5.15,3.12
"11835",42589,0.58,"Ideal","G","SI1",61.4,55,1330,5.38,5.41,3.31
"11836",7640,0.91,"Ideal","F","SI1",62.3,56,4267,6.16,6.19,3.85
"11837",43839,0.62,"Very Good","H","SI1",60.1,61,1446,5.55,5.59,3.35
"11838",31567,0.31,"Ideal","D","VVS2",61.9,56,766,4.37,4.39,2.71
"11839",402,0.3,"Ideal","H","SI1",62.9,57,554,4.27,4.22,2.67
"11840",40357,0.43,"Premium","F","VS1",59.9,58,1129,4.93,4.89,2.94
"11841",4381,0.31,"Very Good","D","SI1",61.1,57,571,4.35,4.36,2.66
"11842",5893,0.9,"Good","G","SI1",57.8,58,3931,6.42,6.38,3.7
"11843",37871,0.39,"Ideal","E","VS1",62.2,53.3,1004,4.68,4.7,2.92
"11844",12544,1.23,"Premium","I","SI2",62.4,58,5269,6.86,6.82,4.27
"11845",4487,0.9,"Good","E","SI1",60.8,65,3625,6.31,6.18,3.8
"11846",13693,1.01,"Premium","E","SI1",62.8,59,5599,6.31,6.27,3.95
"11847",23611,1.5,"Premium","E","SI1",61.4,59,11638,7.41,7.24,4.5
"11848",645,0.81,"Very Good","F","SI2",63.2,58,2843,5.91,5.92,3.74
"11849",30775,0.35,"Ideal","G","VS1",61.3,54,741,4.58,4.63,2.83
"11850",24526,2.01,"Ideal","J","SI2",62.1,56,12814,8.06,8.13,5.03
"11851",1489,0.76,"Ideal","I","IF",61.6,55,2988,5.92,5.89,3.64
"11852",37517,0.33,"Ideal","E","VVS1",62.2,55,986,4.42,4.46,2.76
"11853",44650,0.28,"Very Good","G","VVS2",62.5,53,522,4.18,4.21,2.62
"11854",52933,0.7,"Good","F","VS2",60.1,56,2591,5.73,5.78,3.46
"11855",7304,1.05,"Good","E","SI2",63.2,59,4204,6.36,6.43,4.04
"11856",46134,0.54,"Very Good","F","VS2",63,56.8,1745,5.18,5.22,3.28
"11857",6984,1.01,"Premium","G","SI2",60.1,59,4154,6.45,6.39,3.86
"11858",13974,1.23,"Good","D","SI2",60.5,64,5689,6.94,6.88,4.18
"11859",10279,1.21,"Very Good","J","VS2",59.9,59,4754,6.86,6.92,4.13
"11860",32116,0.32,"Ideal","H","IF",61.9,54.2,783,4.38,4.42,2.72
"11861",599,0.7,"Premium","F","VS2",61.7,58,2838,5.69,5.63,3.49
"11862",3448,1.01,"Ideal","E","I1",62,57,3388,6.37,6.41,3.96
"11863",3846,0.72,"Ideal","H","VVS2",60.9,56,3475,5.78,5.84,3.54
"11864",38153,0.75,"Good","F","I1",64,59,1013,5.78,5.62,3.66
"11865",33020,0.33,"Ideal","E","VVS2",61.2,56,814,4.46,4.5,2.74
"11866",14581,1.13,"Premium","H","VS2",60.6,58,5885,6.81,6.72,4.1
"11867",38834,0.43,"Ideal","E","VS2",62.8,56,1048,4.86,4.79,3.03
"11868",3548,0.91,"Premium","H","SI1",60.9,58,3414,6.26,6.22,3.8
"11869",12748,1.06,"Ideal","E","SI2",62.2,55,5319,6.54,6.51,4.06
"11870",44001,0.3,"Good","G","SI2",63.7,54,394,4.23,4.25,2.7
"11871",45562,0.52,"Ideal","E","VS2",62.6,57,1689,5.09,5.17,3.21
"11872",26059,2.02,"Good","F","SI2",61.9,61,15261,8.06,8.02,4.98
"11873",41955,0.23,"Very Good","E","VVS2",60.6,60,505,3.93,3.99,2.4
"11874",14183,1,"Very Good","D","SI1",60.5,58,5755,6.42,6.48,3.9
"11875",10950,1.03,"Ideal","G","SI1",60.9,57,4900,6.54,6.5,3.97
"11876",5492,0.9,"Very Good","F","SI1",62.8,56,3842,6.11,6.15,3.85
"11877",13035,0.36,"Premium","F","SI1",61.1,59,600,4.58,4.62,2.81
"11878",7292,0.91,"Very Good","H","VS2",62.8,58,4201,6.15,6.17,3.87
"11879",33926,0.37,"Ideal","E","VVS2",61.8,54,844,4.6,4.63,2.85
"11880",42316,0.41,"Premium","D","VVS2",61.8,58,1295,4.75,4.79,2.95
"11881",39384,0.42,"Ideal","D","VS1",61.4,55,1075,4.9,4.8,2.98
"11882",9175,1,"Very Good","D","SI2",59.4,60,4543,6.48,6.56,3.87
"11883",21492,1.25,"Ideal","F","VS1",62,55,9586,6.91,6.95,4.3
"11884",47763,0.5,"Ideal","D","VS2",61.8,56,1893,5.11,5.14,3.16
"11885",19406,1.24,"Very Good","G","VS2",59.1,59,8064,7.02,7.08,4.17
"11886",11187,1,"Ideal","D","SI2",61.5,56,4956,6.45,6.41,3.95
"11887",14674,1,"Good","G","VS1",58.6,62,5921,6.5,6.53,3.82
"11888",1080,0.31,"Premium","E","SI2",60.9,60,558,4.38,4.35,2.66
"11889",30047,0.41,"Very Good","G","SI1",62.5,57,719,4.69,4.72,2.94
"11890",44431,0.5,"Good","D","VS2",64,56,1589,5.02,5.04,3.22
"11891",20929,1.2,"Very Good","G","VVS1",60.9,59,9139,6.87,6.79,4.16
"11892",48726,0.52,"Ideal","G","VVS2",61.5,56,2012,5.2,5.18,3.19
"11893",34937,0.23,"Good","F","VS1",63.2,58,376,3.86,3.89,2.45
"11894",34774,0.41,"Premium","D","SI2",62.3,58,876,4.77,4.74,2.96
"11895",27949,0.3,"Very Good","G","SI1",62.4,54,432,4.33,4.35,2.71
"11896",29760,0.42,"Premium","I","SI2",61.5,59,709,4.84,4.78,2.96
"11897",14668,1.51,"Fair","H","SI2",66.9,57,5919,7.13,7.09,4.75
"11898",11712,0.4,"Very Good","J","VS2",60.9,62,596,4.73,4.76,2.89
"11899",49055,0.61,"Very Good","I","IF",60.2,57,2057,5.49,5.58,3.33
"11900",51734,0.58,"Ideal","F","VVS2",62.5,56,2401,5.34,5.29,3.32
"11901",48951,0.57,"Premium","D","VS2",61.7,60,2047,5.32,5.28,3.27
"11902",37042,0.34,"Ideal","F","VVS1",61.4,57,967,4.5,4.53,2.77
"11903",12913,1.13,"Premium","D","SI2",62,58,5376,6.68,6.64,4.13
"11904",52463,0.68,"Good","F","VS1",60,60.8,2516,5.67,5.71,3.41
"11905",18828,1.5,"Good","H","SI2",58.4,62,7714,7.44,7.49,4.36
"11906",31819,0.3,"Ideal","E","VS1",62.2,54,775,4.28,4.3,2.67
"11907",11731,1.44,"Very Good","E","I1",61.1,62,5068,7.15,7.23,4.39
"11908",5200,0.9,"Good","F","SI1",62.9,57,3780,6.08,6.13,3.84
"11909",38337,0.51,"Premium","J","SI1",62.6,59,1020,5.1,5.06,3.18
"11910",48623,0.56,"Premium","G","VS1",61,60,1999,5.39,5.32,3.27
"11911",36790,0.34,"Ideal","E","VS2",62.4,54,956,4.49,4.48,2.8
"11912",46050,0.5,"Ideal","F","VS1",62.1,55,1731,5.08,5.12,3.17
"11913",31366,0.33,"Ideal","F","VVS2",61.4,55,761,4.48,4.51,2.76
"11914",47914,0.7,"Good","G","SI1",64,55,1915,5.59,5.62,3.59
"11915",2422,0.91,"Very Good","J","SI2",62,56,3181,6.18,6.23,3.85
"11916",2015,0.71,"Very Good","F","VVS1",63.3,58,3104,5.67,5.64,3.58
"11917",25229,1.51,"Ideal","G","VS2",62.3,54,13828,7.35,7.33,4.57
"11918",22633,1.21,"Ideal","G","VS1",61.3,57,10685,6.82,6.87,4.2
"11919",16346,1.03,"Very Good","G","VS1",62.2,57,6539,6.42,6.47,4.01
"11920",49918,0.7,"Ideal","H","SI1",61.2,56,2184,5.69,5.74,3.5
"11921",10136,1,"Ideal","F","SI2",62.7,57,4721,6.37,6.42,4.01
"11922",43387,0.55,"Very Good","F","SI1",59.5,61,1410,5.28,5.41,3.18
"11923",43903,0.31,"Ideal","I","VVS1",62.1,54,511,4.34,4.39,2.71
"11924",31382,0.37,"Ideal","E","VS2",61,56,762,4.64,4.67,2.84
"11925",35671,0.4,"Very Good","E","VS1",63.3,55,909,4.66,4.69,2.96
"11926",51903,0.53,"Ideal","E","VVS2",61.8,55,2433,5.16,5.19,3.2
"11927",10584,1.01,"Very Good","H","VS2",62.5,57,4821,6.37,6.44,4
"11928",36531,0.42,"Ideal","I","VVS1",62.4,57,945,4.83,4.79,3
"11929",2339,0.74,"Ideal","F","VS1",62.3,57,3170,5.79,5.77,3.6
"11930",33045,0.32,"Ideal","G","VVS1",61.8,54,814,4.4,4.43,2.73
"11931",30759,0.25,"Premium","E","VVS2",61.5,59,740,4.04,4.02,2.48
"11932",8443,1.05,"Ideal","H","SI2",61.2,57,4410,6.59,6.54,4.02
"11933",42304,0.44,"Ideal","D","VS1",61.6,56,1294,4.92,4.85,3.01
"11934",26438,2.02,"Ideal","H","SI2",63,57,15974,8.01,8.06,5.06
"11935",29388,0.31,"Very Good","E","SI1",63.4,57,698,4.33,4.31,2.74
"11936",48871,0.7,"Fair","F","SI2",64.9,58,2035,5.46,5.59,3.59
"11937",17690,1.19,"Premium","G","VS2",62.3,58,7130,6.82,6.77,4.23
"11938",22271,1.27,"Very Good","G","VVS2",61.5,58,10321,6.9,6.96,4.26
"11939",14786,1.09,"Very Good","H","SI1",62.5,57,5950,6.49,6.54,4.07
"11940",6690,1.2,"Very Good","J","SI2",61.8,56,4102,6.81,6.85,4.22
"11941",30045,0.47,"Fair","F","SI2",67.6,57,719,4.81,4.72,3.23
"11942",14097,1.23,"Premium","I","SI1",62,57,5717,6.91,6.83,4.26
"11943",31025,0.31,"Ideal","G","VS1",61.9,55,749,4.37,4.36,2.7
"11944",27907,0.41,"Ideal","D","SI2",62.6,57,656,4.72,4.77,2.97
"11945",33483,0.32,"Premium","F","VS2",61.5,58,828,4.42,4.39,2.71
"11946",32120,0.34,"Very Good","E","VS1",62.3,53,784,4.47,4.52,2.8
"11947",16433,1.01,"Very Good","D","VS2",59.8,60,6563,6.42,6.46,3.85
"11948",40869,0.55,"Good","H","SI1",63.6,55,1175,5.18,5.23,3.31
"11949",49188,0.61,"Premium","F","VS2",59.6,61,2075,5.58,5.5,3.3
"11950",6048,0.32,"Ideal","I","VS2",61.5,56,576,4.41,4.4,2.71
"11951",9648,1.12,"Premium","H","SI2",59.7,60,4641,6.77,6.72,4.03
"11952",51,0.24,"Very Good","F","SI1",60.9,61,404,4.02,4.03,2.45
"11953",31555,0.38,"Ideal","I","VVS2",62.6,54,766,4.62,4.65,2.9
"11954",26432,3.4,"Fair","D","I1",66.8,52,15964,9.42,9.34,6.27
"11955",26424,2.05,"Very Good","H","SI2",62.4,58,15949,8.1,8.15,5.07
"11956",29468,0.32,"Ideal","E","VS2",61.4,56,702,4.4,4.43,2.71
"11957",30474,0.31,"Ideal","I","VVS1",61.4,54,732,4.41,4.38,2.7
"11958",31571,0.39,"Very Good","J","VVS1",57.8,59,767,4.85,4.9,2.82
"11959",12536,1.21,"Very Good","J","VS1",60.9,60,5267,6.87,6.9,4.19
"11960",47247,0.5,"Ideal","H","VVS2",61.6,57,1842,5.08,5.14,3.15
"11961",8089,1.01,"Good","F","SI1",64.2,58,4339,6.24,6.29,4.02
"11962",36887,0.55,"Ideal","H","SI2",61.4,55,959,5.27,5.29,3.24
"11963",13464,1.04,"Ideal","E","SI1",62.4,57,5528,6.48,6.53,4.06
"11964",13083,1.5,"Good","H","SI2",63.8,57,5416,7.21,7.14,4.58
"11965",41010,0.55,"Premium","E","SI2",61.9,58,1185,5.2,5.24,3.23
"11966",28466,0.38,"Very Good","F","SI1",61.7,58,672,4.66,4.73,2.89
"11967",4531,1.02,"Good","J","SI2",62.2,61,3639,6.41,6.48,4.01
"11968",4081,0.91,"Very Good","G","SI2",60,57,3531,6.27,6.32,3.78
"11969",2783,0.9,"Ideal","J","VS2",62.5,57,3255,6.16,6.26,3.88
"11970",8464,1.03,"Very Good","F","SI2",61.8,59,4414,6.43,6.48,3.99
"11971",11802,1.1,"Premium","D","SI2",61.5,60,5088,6.64,6.58,4.06
"11972",51139,0.51,"Premium","F","VVS1",62.6,57,2341,5.1,5.06,3.18
"11973",16832,1.11,"Premium","G","VS2",59,59,6713,6.79,6.76,4
"11974",21773,1.23,"Ideal","F","VS1",62.5,54,9836,6.85,6.82,4.27
"11975",15672,1.04,"Ideal","G","VS2",62,59,6286,6.43,6.5,4.01
"11976",5839,0.9,"Very Good","G","SI1",62.6,60,3919,6.09,6.14,3.83
"11977",2123,0.77,"Ideal","G","VS1",62.4,54,3121,5.93,5.89,3.69
"11978",5008,0.92,"Good","E","SI2",61.8,59,3744,6.11,6.19,3.8
"11979",48976,0.34,"Ideal","H","VS2",62.5,54,537,4.49,4.54,2.82
"11980",12118,1.07,"Ideal","I","VS2",60.6,59,5167,6.64,6.62,4.02
"11981",30386,0.33,"Ideal","G","VVS2",61.7,55,730,4.46,4.49,2.76
"11982",37983,0.39,"Ideal","G","VS1",62.6,55,1008,4.66,4.69,2.93
"11983",16726,0.33,"Premium","H","SI1",63,58,610,4.42,4.4,2.78
"11984",26542,1.6,"Premium","G","VVS2",60.6,60,16215,7.57,7.51,4.57
"11985",7652,0.9,"Very Good","G","VS2",60.9,59,4269,6.18,6.24,3.78
"11986",25412,1.7,"Very Good","H","VS1",62.8,57,14137,7.47,7.57,4.72
"11987",22214,1.72,"Ideal","G","SI2",62.8,59,10268,7.62,7.55,4.76
"11988",17490,2.05,"Good","G","I1",56.9,58,7026,8.46,8.3,4.77
"11989",30727,0.41,"Good","D","SI1",63.4,55,738,4.68,4.72,2.98
"11990",7050,1,"Fair","G","SI1",63.1,59,4163,6.32,6.27,3.97
"11991",7804,1.02,"Very Good","G","SI2",61.6,61,4291,6.46,6.47,3.98
"11992",23555,1.51,"Very Good","E","SI1",63.1,58,11565,7.28,7.23,4.58
"11993",49614,0.66,"Good","F","VS2",64.1,56,2138,5.5,5.46,3.51
"11994",32737,0.31,"Ideal","F","VS2",62.6,57,802,4.33,4.27,2.69
"11995",32330,0.3,"Ideal","E","VVS2",61.4,57,789,4.32,4.34,2.66
"11996",34798,0.4,"Good","F","VS1",63.1,59,877,4.64,4.68,2.94
"11997",16871,1,"Very Good","E","VS2",61.9,57,6732,6.35,6.38,3.94
"11998",26712,0.32,"Premium","F","VS2",62.1,59,645,4.35,4.41,2.72
"11999",4469,0.72,"Ideal","D","VS1",61.4,56,3622,5.8,5.82,3.57
"12000",12814,1.04,"Premium","H","VS2",59.6,58,5344,6.63,6.55,3.93
"12001",2001,0.94,"Premium","G","SI2",63,59,3099,6.16,6.1,3.86
"12002",42513,0.54,"Good","E","SI1",57.2,59,1323,5.37,5.32,3.06
"12003",49327,0.51,"Ideal","F","VVS2",61.2,56,2093,5.17,5.19,3.17
"12004",7085,0.9,"Good","E","SI1",63.1,61,4165,6.14,6.18,3.89
"12005",13952,1.29,"Ideal","J","VS1",62,57,5676,6.92,6.98,4.31
"12006",50605,0.7,"Premium","G","SI1",61.6,58,2285,5.71,5.65,3.5
"12007",18640,1,"Very Good","E","VS2",61,59,7607,6.41,6.48,3.93
"12008",4428,1,"Good","J","SI1",58.7,62,3614,6.47,6.51,3.81
"12009",33594,0.37,"Premium","G","VS2",60.7,57,833,4.69,4.64,2.83
"12010",23518,1.5,"Good","G","VS1",63.8,59,11524,7.16,7.22,4.59
"12011",27750,2.29,"Premium","I","VS2",60.8,60,18823,8.5,8.47,5.16
"12012",21685,1.56,"Good","I","VS2",57.2,62,9784,7.72,7.66,4.4
"12013",40456,0.5,"Ideal","H","SI1",62.2,57,1140,5.07,5.09,3.16
"12014",957,0.8,"Ideal","F","SI1",62.4,57,2890,5.9,5.87,3.67
"12015",44265,0.52,"Ideal","E","VS2",61.4,54,1576,5.2,5.23,3.2
"12016",47781,0.55,"Ideal","F","VS1",61.5,56,1896,5.26,5.3,3.25
"12017",51347,0.96,"Ideal","I","I1",62,56,2363,6.3,6.34,3.92
"12018",31639,0.3,"Good","J","SI1",63.8,56,450,4.26,4.23,2.71
"12019",36281,0.32,"Good","G","SI1",63.5,56,477,4.35,4.38,2.77
"12020",43151,0.58,"Ideal","H","SI1",61.9,59,1389,5.33,5.36,3.31
"12021",12955,1.21,"Premium","F","SI2",61.5,61,5387,6.82,6.77,4.18
"12022",27498,2.07,"Premium","I","VS2",61.2,58,18193,8.18,8.2,5.01
"12023",52603,0.83,"Premium","G","SI2",61.9,56,2543,6.04,5.97,3.72
"12024",23768,1.53,"Premium","F","SI1",58.5,59,11820,7.62,7.55,4.44
"12025",7575,0.9,"Good","F","VS2",63.3,57,4253,6.04,6.09,3.84
"12026",31885,0.3,"Premium","G","VS1",61.8,59,776,4.37,4.34,2.69
"12027",18312,1.09,"Ideal","E","VS2",61.2,56,7443,6.62,6.67,4.07
"12028",51700,0.7,"Very Good","F","VS2",62.2,56,2400,5.7,5.74,3.56
"12029",535,0.78,"Premium","F","SI1",60.8,60,2826,5.97,5.94,3.62
"12030",5387,0.3,"Premium","G","SI1",58.8,60,574,4.39,4.35,2.57
"12031",37707,0.38,"Very Good","G","VVS1",61.3,57,995,4.62,4.68,2.85
"12032",24212,2.1,"Premium","J","VS2",58.3,54,12401,8.49,8.45,4.94
"12033",8774,1.01,"Premium","F","SI2",58.8,61,4468,6.53,6.46,3.82
"12034",36471,0.43,"Good","F","VS1",63.4,57,943,4.76,4.8,3.03
"12035",48806,0.5,"Ideal","F","VVS2",62,53.6,2025,5.09,5.13,3.18
"12036",7926,1.04,"Premium","H","SI1",62.1,56,4316,6.48,6.41,4.01
"12037",13571,1,"Ideal","E","SI1",61.7,57,5555,6.39,6.42,3.95
"12038",46993,0.57,"Very Good","G","VS1",61,55,1817,5.36,5.43,3.28
"12039",14128,1.13,"Premium","H","VS2",61.7,56,5728,6.73,6.65,4.13
"12040",15867,2.02,"Fair","G","I1",65.6,57,6346,7.87,7.8,5.15
"12041",45764,0.5,"Very Good","H","IF",61.3,60,1706,5.08,5.17,3.14
"12042",36768,0.39,"Premium","F","VS1",61.7,58,956,4.71,4.69,2.9
"12043",16841,1.01,"Very Good","F","VS1",61,58,6719,6.47,6.54,3.97
"12044",9753,0.94,"Very Good","E","SI1",61.8,56,4661,6.29,6.33,3.9
"12045",43256,0.42,"Ideal","E","VVS1",62.3,57,1400,4.78,4.79,2.98
"12046",11245,1.1,"Good","I","VS1",63.7,60,4967,6.61,6.45,4.16
"12047",37270,0.26,"Ideal","H","VS1",62.3,54,482,4.07,4.11,2.55
"12048",36393,0.31,"Ideal","E","VVS1",60.5,57,942,4.38,4.41,2.66
"12049",30109,0.32,"Premium","G","VS2",60.8,59,720,4.44,4.41,2.69
"12050",26380,2.05,"Ideal","H","SI2",60.4,58,15857,8.21,8.27,4.98
"12051",34516,0.33,"Ideal","G","VVS1",61.7,54,868,4.47,4.48,2.76
"12052",49931,0.7,"Premium","F","SI2",59.8,56,2184,5.78,5.73,3.44
"12053",32267,0.3,"Good","G","VVS1",63.3,55,789,4.26,4.3,2.71
"12054",1020,0.71,"Fair","E","VS2",64.6,59,2902,5.62,5.59,3.62
"12055",33128,0.31,"Ideal","E","VVS2",61.7,56,816,4.33,4.36,2.68
"12056",18984,1.09,"Ideal","E","VS2",62.1,57,7813,6.62,6.56,4.09
"12057",21692,0.34,"Good","D","SI1",63.1,57,626,4.44,4.46,2.81
"12058",1283,0.73,"Ideal","F","SI1",61.6,55,2951,5.77,5.81,3.56
"12059",7160,0.9,"Very Good","G","VS2",62.4,60,4182,6.07,6.11,3.8
"12060",1446,0.83,"Ideal","H","VS2",61.3,54,2975,6.1,6.06,3.73
"12061",97,0.7,"Good","F","VS1",59.4,62,2759,5.71,5.76,3.4
"12062",52702,0.76,"Ideal","G","SI2",61.7,55,2553,5.87,5.9,3.63
"12063",14787,1.25,"Premium","H","SI2",62.1,58,5950,6.93,6.86,4.28
"12064",31667,0.32,"Premium","E","VS2",61.6,59,768,4.43,4.4,2.72
"12065",33754,0.31,"Ideal","F","VVS1",62,54,840,4.34,4.37,2.7
"12066",4610,0.9,"Very Good","E","SI2",62.4,57,3662,6.13,6.17,3.84
"12067",44818,0.5,"Premium","G","VS1",59.7,60,1624,5.11,5.14,3.06
"12068",14752,1.23,"Ideal","H","SI1",62.3,57,5938,6.85,6.89,4.28
"12069",16128,1.01,"Good","F","VS2",63.9,58,6446,6.39,6.32,4.06
"12070",10052,0.3,"Ideal","H","VVS2",62.1,55,590,4.33,4.36,2.7
"12071",32350,0.36,"Ideal","E","VS2",61.2,56,789,4.6,4.62,2.82
"12072",14346,1.22,"Ideal","H","SI2",61.7,56,5807,6.91,6.83,4.24
"12073",25050,0.38,"Premium","I","SI2",60,59,641,4.71,4.69,2.82
"12074",49472,0.64,"Very Good","E","VS2",63.4,54,2114,5.52,5.49,3.49
"12075",19872,1.44,"Premium","I","VS1",62.6,59,8426,7.08,7.14,4.45
"12076",8768,1.06,"Ideal","G","SI2",62.2,57,4467,6.51,6.49,4.04
"12077",23964,1.08,"Ideal","E","VVS1",61,56,12098,6.66,6.62,4.05
"12078",8772,1.01,"Good","D","SI2",64.6,59,4468,6.23,6.3,4.05
"12079",27271,1.99,"Fair","H","VS2",60.5,63,17713,8.2,8.11,4.93
"12080",31345,0.27,"Ideal","F","VVS2",62,55,760,4.14,4.16,2.57
"12081",49513,0.7,"Fair","F","SI1",66,56,2121,5.59,5.56,3.68
"12082",32992,0.38,"Premium","I","VS2",61.7,59,812,4.64,4.6,2.85
"12083",43794,0.51,"Very Good","D","SI1",63,58,1442,5.05,5.07,3.19
"12084",47047,0.5,"Ideal","D","VS2",62.9,54,1819,5.09,5.05,3.19
"12085",18920,1.07,"Very Good","E","VS1",62,60,7768,6.49,6.58,4.05
"12086",10704,1.11,"Very Good","G","SI2",63.2,56,4848,6.61,6.56,4.16
"12087",49429,0.7,"Premium","F","SI2",61.7,62,2107,5.69,5.65,3.5
"12088",12190,1.09,"Premium","D","SI2",60.3,60,5186,6.68,6.61,4.01
"12089",2673,0.71,"Ideal","E","VS1",60.4,56,3238,5.8,5.85,3.52
"12090",45290,0.51,"Premium","E","VS2",59.3,58,1662,5.23,5.2,3.09
"12091",37261,0.32,"Premium","J","SI1",61.6,58,480,4.4,4.36,2.7
"12092",50505,0.71,"Good","I","VS2",64.3,63,2270,5.63,5.56,3.6
"12093",12557,1.21,"Premium","I","SI1",61.8,59,5276,6.85,6.81,4.22
"12094",34320,0.35,"Very Good","G","VVS1",61.8,57,859,4.5,4.53,2.79
"12095",13476,1.22,"Premium","G","SI2",60.2,58,5534,6.92,6.9,4.16
"12096",4083,0.78,"Ideal","F","VS2",61.5,56,3531,5.94,5.9,3.64
"12097",8093,1.25,"Premium","G","SI2",61.1,58,4340,6.96,6.91,4.24
"12098",51907,0.73,"Ideal","E","SI2",60.4,56,2434,5.81,5.89,3.54
"12099",44888,0.5,"Ideal","E","VS2",61.4,56,1629,5.12,5.08,3.13
"12100",12780,1,"Good","E","SI1",58.2,61,5330,6.53,6.57,3.81
"12101",22621,2.01,"Fair","I","SI2",66.5,61,10671,7.81,7.75,5.17
"12102",41976,0.55,"Premium","F","SI2",60.6,58,1263,5.31,5.28,3.21
"12103",36158,0.33,"Ideal","E","VS2",62.6,57,928,4.42,4.37,2.75
"12104",3516,0.71,"Ideal","F","VS1",61.5,57,3404,5.7,5.74,3.52
"12105",6925,0.91,"Very Good","E","SI1",63.5,57,4138,6.11,6.07,3.87
"12106",15362,0.3,"Premium","G","VS1",59.6,59,605,4.34,4.38,2.6
"12107",20743,1.51,"Ideal","J","SI1",62,55,8981,7.42,7.31,4.57
"12108",505,0.7,"Good","E","SI1",61.4,64,2822,5.71,5.66,3.49
"12109",4871,1.02,"Premium","H","SI2",61.3,57,3713,6.51,6.45,3.97
"12110",25068,1.06,"Ideal","D","VVS2",61.8,56,13588,6.49,6.53,4.03
"12111",53533,0.74,"Ideal","D","SI2",61.1,57,2690,5.81,5.84,3.56
"12112",1532,0.74,"Premium","E","VS1",62.7,58,2999,5.83,5.74,3.63
"12113",33116,0.34,"Ideal","E","VS2",59.8,56,816,4.55,4.54,2.72
"12114",46505,0.56,"Ideal","F","VS2",60.8,56,1778,5.33,5.3,3.23
"12115",10949,1.07,"Ideal","H","SI2",62.8,56,4899,6.5,6.56,4.1
"12116",37317,0.39,"Ideal","D","VS1",61.8,57,979,4.68,4.7,2.9
"12117",25002,1.52,"Premium","F","VS2",59.4,60,13530,7.61,7.5,4.49
"12118",25157,1.4,"Premium","D","VS1",62.8,58,13730,7.17,7.07,4.47
"12119",41286,0.42,"Premium","D","VVS2",59.6,59,1210,4.96,4.9,2.94
"12120",32929,0.42,"Premium","D","SI1",62.1,59,810,4.77,4.79,2.97
"12121",25325,2.09,"Premium","G","SI2",59.8,59,14024,8.37,8.32,4.99
"12122",42344,0.57,"Ideal","F","SI1",61.6,56,1299,5.33,5.36,3.29
"12123",30230,0.33,"Ideal","E","VS2",61.9,56,723,4.4,4.45,2.74
"12124",40746,0.41,"Ideal","H","VS2",60.7,55,1163,4.83,4.86,2.94
"12125",25055,1.81,"Premium","E","SI2",58.2,61,13561,8.09,8.02,4.69
"12126",33695,0.33,"Ideal","G","VVS1",61.7,54,838,4.46,4.49,2.76
"12127",25227,2.24,"Premium","J","SI2",62.2,59,13827,8.37,8.33,5.19
"12128",7407,0.33,"Premium","I","VVS2",61.5,58,579,4.43,4.45,2.73
"12129",12562,1.24,"Premium","H","SI2",60.4,59,5277,6.99,6.92,4.2
"12130",28893,0.3,"Premium","H","VVS1",61.8,58,684,4.32,4.36,2.68
"12131",28732,0.31,"Premium","E","VS2",61,58,680,4.37,4.39,2.67
"12132",23400,0.36,"Ideal","H","VS1",61.8,57,631,4.56,4.6,2.83
"12133",42111,0.34,"Ideal","F","IF",61.9,55,1276,4.49,4.52,2.79
"12134",29047,0.4,"Good","E","SI1",63.9,58,687,4.63,4.67,2.97
"12135",818,0.72,"Ideal","F","VS2",59.5,57,2863,5.91,5.86,3.5
"12136",52585,0.7,"Very Good","G","VS2",59.3,60,2539,5.77,5.83,3.43
"12137",22916,1.31,"Ideal","F","VS1",61.9,54,10957,7.03,7.06,4.35
"12138",16614,1.2,"Ideal","I","VS1",62.5,55,6639,6.76,6.81,4.24
"12139",37854,0.37,"Very Good","G","IF",61.8,56,1003,4.6,4.64,2.85
"12140",991,0.77,"Premium","E","SI1",60.9,58,2896,5.94,5.88,3.6
"12141",43060,0.53,"Ideal","G","SI1",61.3,56,1377,5.22,5.29,3.22
"12142",19803,1,"Ideal","G","VVS1",61.9,57,8366,6.43,6.39,3.97
"12143",7611,0.9,"Premium","G","VS2",60.8,61,4259,6.22,6.12,3.75
"12144",1825,0.79,"Premium","D","SI1",61.4,59,3058,5.96,5.89,3.64
"12145",43034,0.5,"Good","D","SI1",61.1,64,1374,5.05,5.07,3.09
"12146",46314,0.3,"Ideal","G","VS2",62.3,56,526,4.27,4.3,2.67
"12147",35643,0.31,"Ideal","G","VVS2",62.4,56,907,4.36,4.33,2.71
"12148",24793,1.2,"Ideal","D","VVS2",62.7,56,13165,6.78,6.81,4.26
"12149",566,0.82,"Ideal","H","SI1",62.5,57,2832,5.91,5.97,3.71
"12150",24968,1.57,"Ideal","G","VS1",61.9,55,13462,7.53,7.47,4.64
"12151",28200,0.4,"Premium","E","SI2",61.4,59,666,4.7,4.75,2.9
"12152",22089,1.22,"Premium","G","VVS2",62,58,10111,6.9,6.85,4.26
"12153",33602,0.31,"Very Good","G","SI1",63,56,462,4.3,4.34,2.72
"12154",31932,0.3,"Ideal","F","VS2",60.7,56,776,4.34,4.32,2.63
"12155",28181,0.37,"Premium","I","VS2",61.1,59,666,4.65,4.58,2.82
"12156",49301,0.31,"Good","H","VS1",64,59,539,4.25,4.28,2.73
"12157",3107,0.86,"Premium","E","SI1",61.9,61,3323,6.07,5.99,3.73
"12158",28750,0.31,"Ideal","E","VS2",61.5,56,680,4.34,4.37,2.68
"12159",1224,0.7,"Good","F","VVS2",63.1,57,2940,5.59,5.66,3.55
"12160",36493,0.41,"Very Good","H","VS2",63.4,58,943,4.77,4.66,2.99
"12161",25818,2.01,"Ideal","H","SI1",61.5,55,14837,8.11,8.06,4.97
"12162",24917,1.63,"Ideal","F","SI1",61.5,56,13363,7.55,7.58,4.66
"12163",1246,0.78,"Very Good","D","SI1",62.4,58,2945,5.86,5.9,3.67
"12164",48127,0.54,"Ideal","E","VS1",61,56,1939,5.24,5.35,3.23
"12165",19554,1.11,"Very Good","G","SI1",60.7,59,8184,6.6,6.65,4.02
"12166",45048,0.5,"Ideal","I","VVS2",60.5,57,1640,5.14,5.17,3.12
"12167",14868,1.01,"Good","H","VVS2",63.3,57,5988,6.35,6.39,4.03
"12168",31252,0.34,"Ideal","E","VS2",62.1,54.1,758,4.47,4.5,2.78
"12169",19423,1.4,"Ideal","H","SI1",62.4,56,8075,7.11,7.18,4.46
"12170",11678,1.12,"Premium","I","VS1",62.2,59,5058,6.66,6.59,4.12
"12171",51296,0.54,"Ideal","G","IF",61.6,57,2361,5.22,5.27,3.23
"12172",49744,0.72,"Premium","D","SI2",61.3,59,2155,5.79,5.76,3.54
"12173",22216,1.5,"Good","G","SI1",62.9,58,10271,7.17,7.3,4.55
"12174",1291,0.7,"Ideal","E","VS2",61.9,58,2952,5.7,5.73,3.54
"12175",36071,0.4,"Ideal","D","SI1",63,57,924,4.7,4.66,2.95
"12176",2196,0.9,"Good","E","SI2",64.1,57,3139,6.07,6.09,3.9
"12177",27110,2.16,"Ideal","E","SI2",61.4,57,17263,8.36,8.33,5.12
"12178",32690,0.31,"Good","G","VS1",63.8,57,802,4.33,4.29,2.75
"12179",6469,0.9,"Very Good","E","SI1",62.2,60,4054,6.14,6.17,3.83
"12180",1819,0.92,"Very Good","D","SI2",60.2,61,3057,6.27,6.32,3.79
"12181",34765,0.41,"Premium","E","SI2",62.9,58,876,4.77,4.74,2.99
"12182",127,0.91,"Premium","H","SI1",61.4,56,2763,6.09,5.97,3.7
"12183",31834,0.34,"Ideal","G","VVS2",61.9,57,775,4.44,4.48,2.76
"12184",39339,0.49,"Premium","G","SI1",62.4,58,1072,5.05,4.99,3.13
"12185",21615,1.5,"Very Good","H","VS2",62,55,9706,7.26,7.37,4.57
"12186",25661,2.02,"Premium","H","SI1",62.2,59,14574,8.09,8.05,5.02
"12187",21218,1.23,"Premium","E","VS2",58.9,59,9361,7.05,6.98,4.13
"12188",31538,0.3,"Ideal","E","VVS2",61.9,59,766,4.27,4.3,2.65
"12189",14331,1,"Ideal","D","SI1",61.9,57,5804,6.39,6.41,3.96
"12190",29884,0.3,"Ideal","D","VS2",62.2,54,710,4.28,4.31,2.67
"12191",48724,0.52,"Premium","G","VVS2",61.1,59,2012,5.2,5.15,3.16
"12192",15093,1.01,"Premium","F","VS1",62.6,58,6066,6.37,6.48,4.02
"12193",14795,1.05,"Very Good","D","SI1",59.3,59,5952,6.63,6.69,3.95
"12194",23992,1.12,"Premium","D","VVS2",59.8,58,12152,6.87,6.77,4.08
"12195",19352,0.31,"Ideal","E","VS2",61.8,56,622,4.35,4.37,2.69
"12196",10927,1.04,"Ideal","E","SI2",61.4,56,4892,6.56,6.5,4.01
"12197",22906,1.51,"Very Good","G","SI1",61.5,54,10947,7.35,7.42,4.54
"12198",11545,1.22,"Very Good","J","SI1",62.2,59,5029,6.77,6.8,4.22
"12199",1650,1.02,"Very Good","F","SI2",63.3,56,3018,6.38,6.31,4.02
"12200",22753,1.12,"Ideal","E","VVS2",60.6,57,10769,6.77,6.66,4.07
"12201",1840,0.72,"Ideal","D","SI1",61.5,56.5,3062,5.76,5.79,3.55
"12202",7936,1.08,"Very Good","G","SI2",63.2,57,4318,6.54,6.5,4.12
"12203",3863,0.72,"Ideal","G","VS1",60.4,57,3478,5.81,5.84,3.52
"12204",24325,1.01,"Very Good","D","IF",63.3,55,12581,6.36,6.28,4
"12205",52149,0.7,"Good","F","SI1",62.8,58,2470,5.6,5.65,3.53
"12206",48474,0.56,"Ideal","E","VS1",61,57,1978,5.32,5.34,3.25
"12207",51119,0.7,"Fair","G","VS2",65.3,57,2338,5.58,5.47,3.61
"12208",1480,0.77,"Very Good","G","VS1",62.8,58,2986,5.78,5.84,3.65
"12209",22083,1.64,"Good","I","SI1",57.9,61,10102,7.78,7.74,4.49
"12210",36442,0.31,"Ideal","D","VS2",61.5,56,942,4.37,4.34,2.68
"12211",9459,1.38,"Good","J","SI2",63.7,58,4598,7.06,7.01,4.48
"12212",34389,0.41,"Ideal","F","VS2",60.9,57,863,4.74,4.78,2.9
"12213",5979,0.9,"Premium","F","SI2",60.6,59,3951,6.27,6.21,3.78
"12214",45820,0.53,"Ideal","H","IF",60.2,56,1712,5.29,5.32,3.19
"12215",17632,1.14,"Ideal","G","VS2",60.5,60,7099,6.77,6.75,4.09
"12216",22186,1.22,"Ideal","G","VVS2",62.3,56,10221,6.84,6.81,4.25
"12217",4040,1,"Good","I","SI2",63.9,60,3528,6.3,6.26,4.01
"12218",14205,1.01,"Very Good","G","VS2",63,56,5759,6.35,6.41,4.02
"12219",41721,0.41,"Ideal","E","VVS2",61.6,56,1243,4.8,4.78,2.95
"12220",2217,1.21,"Good","E","I1",57.2,62,3144,7.01,6.95,3.99
"12221",27128,2.04,"Very Good","I","SI1",62.9,54,17323,8.16,8.08,5.1
"12222",49799,0.73,"Ideal","F","SI2",59.6,56,2164,5.89,5.85,3.5
"12223",15539,1.09,"Ideal","I","VS1",61.4,56,6225,6.61,6.66,4.07
"12224",24266,1.83,"Premium","E","SI2",62,57,12492,7.89,7.81,4.87
"12225",24631,1.3,"Good","E","VVS2",62.8,59,12967,6.95,6.99,4.38
"12226",45691,0.51,"Very Good","E","VS1",60.4,59,1697,5.16,5.2,3.13
"12227",3092,0.77,"Very Good","E","VS1",62,56,3318,5.88,5.92,3.66
"12228",36189,0.41,"Very Good","E","VS1",62.9,56,931,4.72,4.78,2.99
"12229",18377,0.29,"Good","E","VVS2",63.2,60,617,4.17,4.19,2.64
"12230",19847,1.12,"Very Good","G","VVS1",60.9,57,8408,6.67,6.72,4.08
"12231",29469,0.32,"Very Good","E","VS2",62.9,56,702,4.36,4.39,2.75
"12232",42001,0.59,"Premium","H","SI1",62.4,58,1265,5.42,5.35,3.36
"12233",25018,1.61,"Ideal","G","VS2",62.2,56,13553,7.52,7.47,4.66
"12234",18251,1.17,"Ideal","G","VS2",62,56,7413,6.71,6.74,4.17
"12235",28663,0.31,"Ideal","G","VVS2",62.5,53,677,4.37,4.4,2.74
"12236",48857,0.5,"Ideal","D","VS1",62.4,53.7,2033,5.08,5.12,3.18
"12237",50736,0.7,"Very Good","H","SI1",60.4,61,2296,5.68,5.77,3.46
"12238",27986,0.3,"Ideal","E","VS2",62,55,658,4.27,4.31,2.66
"12239",25610,1.51,"Very Good","F","VS1",58.9,60,14481,7.46,7.54,4.42
"12240",51753,0.7,"Good","E","SI2",60.7,61,2405,5.69,5.71,3.46
"12241",27203,2.32,"Ideal","I","SI2",62,57,17516,8.45,8.49,5.25
"12242",12141,1.2,"Premium","H","SI2",62.4,61,5174,6.81,6.78,4.24
"12243",23413,1.12,"Ideal","F","VVS1",61,56,11403,6.71,6.74,4.1
"12244",15044,0.3,"Good","G","VS1",63.1,59,605,4.25,4.27,2.69
"12245",15877,1.4,"Ideal","J","SI1",62.1,57,6350,7.17,7.14,4.44
"12246",28725,0.31,"Ideal","E","VS2",61.8,54,680,4.36,4.41,2.71
"12247",50607,0.61,"Ideal","E","VS1",61.7,55,2285,5.45,5.47,3.37
"12248",33333,0.41,"Good","I","VVS2",63.5,57,827,4.72,4.76,3.01
"12249",5403,1.01,"Premium","I","SI2",62.6,55,3818,6.43,6.38,4.01
"12250",49171,0.7,"Very Good","G","SI1",60.7,58,2074,5.7,5.73,3.47
"12251",33928,0.37,"Premium","E","VVS2",60.9,59,844,4.61,4.65,2.82
"12252",49920,0.7,"Very Good","G","SI1",63.3,61,2184,5.6,5.55,3.53
"12253",50992,0.31,"Good","G","VS2",63.4,59,544,4.29,4.32,2.73
"12254",29465,0.4,"Premium","G","SI1",59.3,59,702,4.8,4.82,2.85
"12255",11521,1.17,"Very Good","G","SI1",63.3,61,5025,6.65,6.59,4.19
"12256",9379,0.32,"Ideal","D","SI1",62,57,589,4.38,4.42,2.73
"12257",53441,0.81,"Ideal","E","SI2",61.4,57,2673,6,5.97,3.68
"12258",50735,0.75,"Premium","H","SI2",63,58,2295,5.79,5.76,3.64
"12259",35822,0.31,"Ideal","F","IF",62,55,914,4.36,4.38,2.71
"12260",14393,0.3,"Very Good","G","VS1",62.9,58,605,4.27,4.32,2.7
"12261",21022,1.55,"Ideal","I","VS2",62.6,56,9233,7.41,7.35,4.62
"12262",52875,0.71,"Ideal","I","VS2",61.6,57,2582,5.7,5.62,3.49
"12263",44782,0.52,"Premium","G","VS1",59.1,60,1622,5.24,5.19,3.08
"12264",26533,2.02,"Premium","I","SI1",62.5,59,16191,8.05,8.01,5.02
"12265",11664,0.91,"Premium","E","VS2",61.1,58,5055,6.28,6.2,3.81
"12266",49381,0.66,"Good","G","VS2",58.1,59.9,2101,5.68,5.72,3.31
"12267",40197,0.51,"Ideal","G","SI2",61.9,55,1121,5.12,5.14,3.17
"12268",41003,0.39,"Ideal","E","VVS1",62.1,54,1183,4.67,4.7,2.91
"12269",29952,0.33,"Ideal","I","SI1",62.7,56,445,4.4,4.44,2.77
"12270",1714,0.32,"Premium","G","VS2",62.5,60,561,4.32,4.38,2.72
"12271",29260,0.31,"Ideal","G","VS2",61.4,57,698,4.45,4.35,2.7
"12272",6314,0.91,"Premium","F","SI1",61,59,4026,6.23,6.19,3.79
"12273",37364,0.4,"Premium","F","VS1",60.5,60,982,4.76,4.8,2.89
"12274",34515,0.3,"Premium","F","VVS1",62,59,868,4.24,4.28,2.64
"12275",29089,0.34,"Premium","H","VS2",59,59,689,4.61,4.55,2.7
"12276",42519,0.5,"Fair","D","SI1",65.1,58,1323,5,4.96,3.24
"12277",3690,0.9,"Very Good","H","SI1",61,59,3447,6.11,6.16,3.74
"12278",24684,2,"Very Good","J","VS2",60.8,62,13043,8.09,8.12,4.93
"12279",51336,0.71,"Premium","I","VS2",62.9,60,2362,5.66,5.62,3.55
"12280",45364,0.64,"Very Good","G","SI1",64,53.8,1665,5.49,5.53,3.53
"12281",22804,2.02,"Ideal","H","SI2",62.1,57,10826,8.13,8.09,5.04
"12282",21785,2.02,"Very Good","G","SI2",63.3,57,9853,8.03,7.96,5.06
"12283",14817,1,"Premium","G","VS2",61.5,58,5967,6.39,6.36,3.92
"12284",19995,1.04,"Premium","D","VS1",60.5,59,8532,6.62,6.58,3.99
"12285",31882,0.3,"Good","H","VVS2",63.7,55,776,4.27,4.24,2.71
"12286",23715,0.25,"Very Good","F","VVS2",62.2,57,633,4.01,4.04,2.5
"12287",35470,0.31,"Ideal","F","IF",60.7,56,901,4.42,4.45,2.69
"12288",7802,1.02,"Very Good","G","SI2",62.9,59,4291,6.38,6.4,4.02
"12289",5012,1.13,"Ideal","H","I1",62.2,55,3745,6.69,6.65,4.15
"12290",4542,1,"Good","I","SI1",57.6,61,3640,6.56,6.52,3.77
"12291",37405,0.51,"Ideal","H","SI2",61.8,53,983,5.14,5.18,3.19
"12292",39107,0.41,"Ideal","H","VS1",62.7,56,1061,4.77,4.73,2.98
"12293",49145,0.5,"Very Good","D","VS1",62.1,58,2068,5.07,5.1,3.16
"12294",10488,1.02,"Very Good","H","SI1",62.9,59,4796,6.38,6.41,4.02
"12295",19422,1.51,"Premium","H","SI2",62.8,60,8074,7.26,7.22,4.55
"12296",4261,1,"Good","J","VS2",64.3,59,3580,6.27,6.21,4.01
"12297",18393,1.2,"Ideal","H","VS1",60.8,58,7473,6.85,6.91,4.18
"12298",11843,1.02,"Premium","H","VS2",61.8,58,5100,6.49,6.43,3.99
"12299",21679,1.52,"Very Good","D","SI2",59.1,58,9781,7.45,7.48,4.41
"12300",14175,1.11,"Premium","G","SI1",62.4,58,5750,6.65,6.61,4.14
"12301",25138,2.29,"Fair","J","VS2",57,66,13701,8.8,8.6,4.98
"12302",10045,0.31,"Premium","I","SI1",59.6,58,418,4.39,4.44,2.63
"12303",23650,1.73,"Ideal","H","SI1",62.7,56,11688,7.62,7.67,4.79
"12304",26570,2.4,"Ideal","J","SI1",60.6,57,16274,8.62,8.76,5.26
"12305",20261,1.01,"Ideal","F","VVS2",61,57,8688,6.52,6.46,3.96
"12306",39182,0.35,"Ideal","D","VS2",62.5,55,1063,4.55,4.5,2.83
"12307",41731,0.41,"Ideal","E","VVS2",61,56,1243,4.82,4.79,2.93
"12308",18382,0.32,"Very Good","E","VS1",61.6,56,618,4.4,4.46,2.73
"12309",32321,0.3,"Premium","H","IF",60.4,60,789,4.3,4.34,2.61
"12310",13264,1.11,"Premium","F","SI1",60.1,61,5483,6.74,6.64,4.06
"12311",18404,1.06,"Premium","D","VS2",59.3,55,7479,6.7,6.65,3.96
"12312",27158,2.01,"Ideal","H","SI1",61.9,57,17403,8.14,8.05,5.01
"12313",16724,0.33,"Ideal","H","VS1",62.6,56,610,4.39,4.42,2.75
"12314",1931,0.71,"Very Good","D","VS2",61.8,55,3084,5.72,5.74,3.54
"12315",34749,0.41,"Ideal","H","SI1",62.4,56,876,4.78,4.74,2.97
"12316",5584,0.76,"Ideal","E","VS2",61.6,56,3864,5.85,5.9,3.62
"12317",36084,0.33,"Ideal","G","IF",61.9,56,925,4.43,4.47,2.75
"12318",31407,0.3,"Ideal","G","VVS1",61.7,57,764,4.32,4.34,2.67
"12319",22361,0.31,"Premium","H","VS2",62.2,59,628,4.38,4.34,2.71
"12320",26949,2.26,"Ideal","J","VS2",61.1,57,17010,8.44,8.47,5.17
"12321",24936,2.01,"Ideal","E","SI2",62.1,57,13387,8,7.88,4.93
"12322",14662,1.2,"Very Good","G","SI1",62.9,57,5918,6.73,6.79,4.25
"12323",43312,0.5,"Good","D","VS2",64.1,61,1402,4.98,5.01,3.2
"12324",50658,0.31,"Very Good","E","SI1",62,58,544,4.3,4.35,2.68
"12325",8232,0.84,"Ideal","G","VS1",61.4,56,4372,6.04,6.15,3.74
"12326",3754,0.96,"Good","H","SI2",56.7,62,3454,6.51,6.39,3.66
"12327",25035,0.4,"Ideal","J","VS1",60.4,56,641,4.77,4.8,2.89
"12328",5772,0.91,"Ideal","E","SI2",60.8,56,3898,6.29,6.25,3.81
"12329",16149,1.09,"Ideal","H","VS2",62.9,58,6453,6.56,6.51,4.11
"12330",43524,0.51,"Very Good","D","SI1",60.4,61,1425,5.09,5.14,3.09
"12331",17538,1,"Ideal","F","VS1",61.7,55,7056,6.42,6.39,3.95
"12332",11091,1.01,"Good","E","SI1",56.9,61,4928,6.65,6.6,3.77
"12333",21756,1.51,"Very Good","H","VS2",62.3,61,9821,7.27,7.3,4.54
"12334",46841,0.58,"Ideal","F","VS2",61.9,60,1811,5.32,5.35,3.3
"12335",31983,0.3,"Ideal","F","VS2",62.5,55,776,4.31,4.27,2.68
"12336",47556,0.7,"Ideal","J","VS2",62.6,57,1874,5.64,5.67,3.54
"12337",17380,0.34,"Premium","E","SI2",59.9,59,612,4.57,4.55,2.73
"12338",33886,0.3,"Ideal","E","VS2",61.5,55,844,4.33,4.29,2.65
"12339",466,1,"Premium","H","I1",61.3,60,2818,6.43,6.39,3.93
"12340",45271,0.54,"Very Good","D","SI1",62,55,1662,5.21,5.24,3.24
"12341",12779,1.27,"Very Good","F","SI2",61,61,5330,6.95,7.01,4.26
"12342",7428,0.86,"Ideal","E","SI1",60.6,56,4228,6.16,6.18,3.74
"12343",51812,0.71,"Ideal","F","SI1",61.6,56,2416,5.71,5.75,3.53
"12344",18315,1.01,"Very Good","D","VS2",63.1,58,7448,6.34,6.38,4.01
"12345",19646,1.54,"Premium","I","SI1",60.9,59,8258,7.42,7.46,4.53
"12346",30950,0.32,"Very Good","H","SI1",61.9,59,449,4.38,4.41,2.72
"12347",27154,2.02,"Ideal","H","SI1",62,56,17392,8.06,8.13,5.02
"12348",37332,0.33,"Very Good","E","VVS2",60.1,63,981,4.45,4.5,2.69
"12349",37160,0.32,"Premium","D","VS2",60.3,60,972,4.44,4.42,2.67
"12350",40644,0.42,"Very Good","F","VVS1",63,59,1154,4.75,4.81,3.01
"12351",28717,0.23,"Premium","D","VVS2",60.4,59,680,4,3.95,2.4
"12352",52450,0.71,"Premium","G","VS2",62.8,58,2515,5.74,5.69,3.59
"12353",25598,1.58,"Premium","G","VS1",62.4,60,14451,7.46,7.38,4.63
"12354",40332,0.5,"Very Good","E","SI1",61.4,63,1128,5.06,5.1,3.12
"12355",18008,1.32,"Very Good","H","SI1",62.8,56,7283,6.94,7,4.38
"12356",7229,1.07,"Good","I","VS2",63.8,60,4194,6.41,6.38,4.08
"12357",35413,0.4,"Premium","G","SI1",61.6,59,900,4.72,4.66,2.89
"12358",31594,0.2,"Premium","E","VS2",61.1,59,367,3.81,3.78,2.32
"12359",20808,1.14,"Ideal","G","VVS1",61,56,9037,6.75,6.8,4.13
"12360",42387,0.61,"Ideal","G","SI2",60.5,56,1306,5.49,5.59,3.35
"12361",17096,1.02,"Very Good","E","VS2",62.5,57,6816,6.36,6.41,3.99
"12362",51255,0.7,"Premium","D","SI1",61.8,59,2355,5.64,5.6,3.47
"12363",6029,1,"Good","G","SI1",62.2,65,3965,6.28,6.22,3.89
"12364",17989,1.11,"Ideal","F","VS2",60.4,58,7275,6.73,6.66,4.04
"12365",13384,0.3,"Ideal","D","VS1",61,58,601,4.3,4.36,2.64
"12366",30742,0.43,"Good","F","SI1",63.6,53,739,4.79,4.83,3.06
"12367",37008,0.33,"Ideal","H","VVS1",62.1,55,965,4.44,4.42,2.75
"12368",48287,0.53,"Ideal","E","VS2",62.3,57,1956,5.23,5.19,3.25
"12369",9692,0.32,"Very Good","D","SI1",62.3,55,589,4.38,4.42,2.74
"12370",13005,1.21,"Premium","G","SI2",62.7,59,5405,6.74,6.66,4.2
"12371",12782,1.03,"Premium","F","VS2",60.5,59,5330,6.6,6.52,3.97
"12372",1942,0.9,"Fair","E","SI2",64.5,55,3084,6.12,6.03,3.92
"12373",49842,0.71,"Premium","H","VS2",61.3,58,2169,5.76,5.82,3.55
"12374",46734,0.53,"Ideal","G","VVS2",62.3,54,1797,5.18,5.2,3.24
"12375",1892,0.76,"Ideal","D","SI1",62.8,57,3075,5.81,5.85,3.66
"12376",9454,1.14,"Premium","I","SI1",60.4,60,4596,6.78,6.73,4.08
"12377",38162,0.34,"Ideal","E","VVS1",62.3,56,1014,4.45,4.48,2.78
"12378",322,0.71,"Good","F","VS2",63.8,58,2801,5.64,5.61,3.59
"12379",2199,0.72,"Ideal","G","VVS2",62.4,57,3139,5.71,5.76,3.58
"12380",42497,0.53,"Very Good","F","SI1",61.5,59,1320,5.15,5.19,3.18
"12381",18908,1.51,"Premium","H","SI1",62.8,60,7759,7.22,7.14,4.51
"12382",29771,0.3,"Ideal","I","VVS1",62.4,56,709,4.32,4.3,2.69
"12383",28731,0.31,"Ideal","E","VS2",60.5,56,680,4.38,4.41,2.66
"12384",2212,1,"Premium","G","SI2",61.5,56,3142,6.49,6.44,3.97
"12385",5132,1,"Good","E","SI2",57.7,65,3763,6.59,6.55,3.79
"12386",24507,1.2,"Premium","E","VVS2",62.3,59,12787,6.83,6.79,4.24
"12387",23072,2.25,"Ideal","I","SI2",60.7,56,11104,8.54,8.5,5.17
"12388",13676,1.21,"Good","G","SI1",63.8,58,5597,6.75,6.64,4.27
"12389",46198,0.7,"Fair","I","SI1",65.2,58,1749,5.6,5.56,3.64
"12390",12950,0.9,"Very Good","E","SI1",61.4,56,5387,6.19,6.23,3.81
"12391",19643,1.24,"Ideal","H","VS2",60.8,56,8257,6.92,6.96,4.22
"12392",46904,0.56,"Premium","D","SI1",61.9,58,1814,5.33,5.27,3.28
"12393",36074,0.4,"Very Good","D","SI1",63.1,61,924,4.71,4.67,2.96
"12394",13123,1.01,"Fair","D","SI1",64.7,57,5430,6.33,6.25,4.07
"12395",2595,0.71,"Ideal","E","VS2",60.3,56,3217,5.8,5.84,3.51
"12396",11772,1.2,"Very Good","J","SI1",62.5,58,5082,6.74,6.79,4.23
"12397",48121,0.71,"Very Good","I","SI2",61.1,56,1938,5.75,5.79,3.53
"12398",29624,0.26,"Good","H","VVS2",63.4,55,440,4.05,4.06,2.57
"12399",15245,1.1,"Premium","G","VS2",59.6,60,6121,6.72,6.7,4
"12400",31483,0.34,"Premium","G","VS2",60.3,59,765,4.53,4.49,2.72
"12401",38620,0.31,"Very Good","I","VS1",63,58,489,4.29,4.32,2.71
"12402",35590,0.4,"Ideal","E","SI1",62.5,57,907,4.74,4.7,2.95
"12403",3934,0.62,"Ideal","F","VVS1",61.9,56,3499,5.46,5.48,3.38
"12404",1165,0.81,"Good","D","SI2",63.6,55,2926,5.91,5.86,3.74
"12405",1485,0.74,"Ideal","D","SI1",61.5,56,2987,5.8,5.84,3.58
"12406",42526,0.4,"Premium","F","VVS1",61.1,59,1323,4.78,4.75,2.91
"12407",9032,0.27,"Ideal","I","VVS2",61.2,56,587,4.18,4.2,2.56
"12408",52311,0.23,"Very Good","D","VVS2",58.9,60,549,4.03,3.95,2.35
"12409",8786,1,"Ideal","H","SI1",62.6,57,4469,6.4,6.37,4
"12410",33975,0.31,"Ideal","H","VVS1",61.6,57,846,4.35,4.32,2.67
"12411",43911,0.25,"Good","E","IF",65.6,54,512,3.91,3.95,2.58
"12412",28023,0.3,"Ideal","F","VS1",61.4,56,658,4.33,4.37,2.67
"12413",860,0.73,"Good","E","SI1",63.6,57,2871,5.7,5.72,3.63
"12414",46926,0.52,"Ideal","G","VS1",60.9,55,1815,5.22,5.16,3.16
"12415",37619,0.23,"Very Good","E","VVS1",58.8,61,485,3.98,4.01,2.35
"12416",19612,1.32,"Ideal","G","SI1",62.1,57,8231,7.02,7.05,4.37
"12417",17748,1.12,"Ideal","D","SI1",61.2,58,7145,6.65,6.68,4.08
"12418",52203,0.7,"Very Good","G","VS2",63.1,58,2479,5.65,5.61,3.55
"12419",44555,0.52,"Premium","F","VS2",62.5,58,1605,5.17,5.13,3.22
"12420",2232,0.72,"Ideal","E","VS2",60.6,57,3145,5.85,5.83,3.54
"12421",16488,1.29,"Premium","H","SI1",62.9,59,6588,7,6.84,4.35
"12422",29296,0.31,"Ideal","I","SI1",62,53,436,4.37,4.4,2.72
"12423",13644,1.37,"Very Good","I","SI2",63,57,5584,6.98,7.05,4.42
"12424",48572,0.71,"Very Good","J","VS1",64.1,58,1993,5.61,5.65,3.61
"12425",37328,0.4,"Premium","G","VVS2",61.3,59,980,4.78,4.74,2.92
"12426",53002,0.7,"Premium","F","SI1",62.4,56,2596,5.69,5.63,3.53
"12427",35706,0.3,"Ideal","D","VS2",62,56,911,4.35,4.33,2.69
"12428",6194,0.9,"Very Good","D","SI1",62.4,63,3997,6.18,6.15,3.85
"12429",52989,0.74,"Premium","E","SI2",62.6,58,2594,5.73,5.77,3.6
"12430",9436,1,"Good","H","SI2",57.9,62,4592,6.53,6.49,3.77
"12431",6612,0.72,"Ideal","D","VS2",61.8,56,4082,5.74,5.78,3.56
"12432",3765,0.9,"Very Good","F","SI2",63.1,58,3457,6.13,6.11,3.86
"12433",30195,0.42,"Good","F","SI1",63.4,56,722,4.76,4.8,3.03
"12434",5075,0.9,"Fair","F","VS2",65.7,57,3750,6.03,5.99,3.95
"12435",46750,0.51,"Good","G","VVS2",63.7,54,1800,5.08,5.1,3.24
"12436",38365,0.38,"Premium","D","VS2",60.8,58,1021,4.73,4.68,2.86
"12437",49491,0.56,"Ideal","E","VS1",61.8,55,2117,5.33,5.28,3.28
"12438",49911,0.71,"Premium","H","VS2",62.8,59,2181,5.68,5.63,3.55
"12439",528,0.73,"Premium","E","VS1",62.6,60,2826,5.75,5.68,3.58
"12440",41429,0.53,"Very Good","E","SI2",63.2,54,1227,5.19,5.16,3.27
"12441",42640,0.5,"Ideal","D","SI2",61.6,57,1332,5.13,5.1,3.15
"12442",22426,1.5,"Fair","F","SI1",64.3,58,10450,7.04,7.09,4.54
"12443",11730,0.34,"Premium","H","VS1",60.8,59,596,4.48,4.53,2.74
"12444",7861,1.01,"Very Good","H","SI1",62.3,57,4306,6.36,6.42,3.98
"12445",46775,0.56,"Ideal","D","SI1",61.9,55,1803,5.31,5.29,3.28
"12446",5339,0.9,"Premium","H","VS2",63,61,3810,6.14,6.05,3.84
"12447",11336,1.01,"Good","F","SI1",63.6,58,4989,6.37,6.31,4.03
"12448",36433,0.31,"Ideal","D","VS2",62,55,942,4.38,4.36,2.71
"12449",42696,0.46,"Ideal","H","VVS1",62.4,53.4,1338,4.95,5.01,3.1
"12450",23021,0.3,"Fair","E","VS2",66.7,59,630,4.23,4.05,2.78
"12451",48187,0.65,"Very Good","D","SI1",62.4,58,1945,5.52,5.57,3.46
"12452",51244,0.72,"Ideal","H","SI1",62.3,54,2354,5.78,5.75,3.59
"12453",44639,0.51,"Ideal","E","VS2",62.1,54,1608,5.13,5.15,3.19
"12454",39587,0.37,"Premium","E","VVS2",60.9,59,1082,4.65,4.61,2.82
"12455",3666,1.09,"Fair","J","VS2",64.6,58,3443,6.48,6.41,4.16
"12456",7856,0.9,"Premium","D","SI1",59.4,62,4304,6.24,6.19,3.69
"12457",20213,1.16,"Ideal","G","VVS2",62,56,8646,6.71,6.75,4.17
"12458",43364,0.52,"Very Good","G","VS2",61.9,59,1408,5.12,5.16,3.18
"12459",12941,1,"Very Good","G","VS2",60,55,5385,6.41,6.52,3.88
"12460",33545,0.35,"Ideal","D","VS2",62,55,829,4.47,4.53,2.79
"12461",70,0.24,"Premium","E","VVS1",60.7,58,553,4.01,4.03,2.44
"12462",6239,0.71,"Ideal","H","IF",61.2,56,4007,5.76,5.86,3.54
"12463",18012,0.9,"Ideal","E","VVS2",62.8,54,7286,6.11,6.21,3.87
"12464",43430,0.5,"Very Good","D","SI1",60.3,59,1415,5.11,5.14,3.09
"12465",28573,0.3,"Ideal","H","VS1",62.7,55,675,4.3,4.25,2.68
"12466",22260,1.14,"Ideal","G","IF",61.1,57,10313,6.7,6.76,4.11
"12467",11504,0.71,"Ideal","F","VVS1",61.4,56,5019,5.75,5.78,3.54
"12468",42168,0.41,"Premium","D","VS1",59.3,58,1286,4.87,4.85,2.88
"12469",43444,0.5,"Premium","E","SI1",60.2,58,1415,5.18,5.15,3.11
"12470",12205,1.01,"Very Good","G","SI1",63.7,60,5192,6.31,6.35,4.03
"12471",42101,0.51,"Premium","F","SI1",61.3,57,1274,5.19,5.08,3.15
"12472",17314,1.19,"Good","E","VS2",57.4,60,6937,6.9,7,3.99
"12473",4747,0.7,"Ideal","F","VVS1",62.5,57,3683,5.62,5.67,3.53
"12474",35377,0.41,"Very Good","G","VS1",60.5,57,899,4.81,4.85,2.92
"12475",49346,0.71,"Premium","H","SI1",62.1,58,2096,5.72,5.75,3.56
"12476",18931,1.03,"Premium","E","VS1",62.4,58,7778,6.41,6.5,4.03
"12477",11337,1.01,"Good","F","SI1",63.7,57,4989,6.4,6.35,4.06
"12478",33944,0.31,"Ideal","H","SI1",61.5,55,464,4.39,4.42,2.71
"12479",872,0.7,"Very Good","D","SI1",60.2,60,2872,5.75,5.82,3.48
"12480",27746,2,"Very Good","H","SI1",62.8,57,18803,7.95,8,5.01
"12481",42995,0.54,"Ideal","G","SI1",62,54,1368,5.25,5.27,3.26
"12482",13003,2.14,"Fair","J","I1",69.4,57,5405,7.74,7.7,5.36
"12483",52065,0.73,"Ideal","I","VS2",61.7,55,2453,5.79,5.82,3.58
"12484",38399,0.39,"Premium","D","VS2",60.2,59,1024,4.76,4.74,2.86
"12485",16368,0.33,"Premium","I","VVS1",61.9,60,608,4.41,4.44,2.74
"12486",27204,2.05,"Premium","H","SI1",60.2,58,17521,8.25,8.22,4.96
"12487",41785,0.54,"Very Good","H","SI1",61,57,1248,5.22,5.27,3.2
"12488",16826,1.21,"Premium","H","VS2",61.5,58,6710,6.82,6.78,4.18
"12489",25429,1.55,"Ideal","G","VS1",62,57,14174,7.37,7.42,4.58
"12490",12829,1,"Premium","F","VS2",61.3,59,5347,6.39,6.35,3.9
"12491",22345,1.13,"Ideal","G","VVS2",61.6,57,10396,6.66,6.75,4.13
"12492",48906,0.51,"Very Good","F","VVS2",60.8,56,2041,5.17,5.2,3.15
"12493",28174,0.36,"Premium","H","SI1",59.3,60,665,4.65,4.62,2.75
"12494",35710,0.3,"Ideal","D","VS2",60.8,57,911,4.38,4.33,2.65
"12495",45906,0.78,"Good","G","SI2",57.9,63,1720,6.05,6,3.49
"12496",30985,0.37,"Premium","G","VS1",61.4,58,746,4.58,4.61,2.82
"12497",36446,0.31,"Ideal","D","VS2",61.8,55,942,4.37,4.33,2.69
"12498",29645,0.35,"Ideal","G","VS1",62.1,56,706,4.52,4.56,2.82
"12499",38601,0.37,"Premium","D","VVS2",60.7,59,1038,4.66,4.63,2.82
"12500",24227,2.01,"Good","H","SI2",63.7,59,12423,7.89,7.84,5.01
"12501",37933,0.26,"Very Good","H","VVS2",60.5,56,486,4.13,4.16,2.51
"12502",36438,0.31,"Ideal","D","VS2",61.2,55,942,4.38,4.35,2.67
"12503",52361,0.8,"Very Good","H","SI2",63.4,58,2502,5.87,5.84,3.71
"12504",29071,0.34,"Ideal","D","VS2",61.6,55,687,4.48,4.54,2.78
"12505",27704,0.39,"Good","I","VS2",62.3,61,648,4.6,4.61,2.87
"12506",9937,0.9,"Very Good","D","SI1",59.6,62,4693,6.19,6.22,3.7
"12507",2849,0.9,"Very Good","I","SI1",61.4,55,3271,6.19,6.28,3.83
"12508",18810,1.05,"Ideal","F","VS2",59.1,57,7697,6.67,6.66,3.94
"12509",13589,1.01,"Very Good","H","VS2",62.8,59,5559,6.33,6.38,3.99
"12510",24439,1.5,"Good","F","VS2",60.2,58,12693,7.31,7.35,4.41
"12511",43915,0.31,"Ideal","H","VS2",62.1,55,513,4.34,4.36,2.7
"12512",26938,2.41,"Ideal","I","SI2",62.5,57,16987,8.57,8.51,5.34
"12513",14108,1.2,"Ideal","G","SI2",61.1,57,5722,6.83,6.86,4.18
"12514",26447,2.02,"Very Good","F","SI1",62.8,59,15987,7.9,7.98,4.99
"12515",53736,0.7,"Ideal","G","VS2",62.3,57,2723,5.65,5.68,3.53
"12516",21677,1.52,"Very Good","H","SI1",63.4,55,9780,7.25,7.3,4.61
"12517",35362,0.38,"Premium","H","VS2",61.8,58,898,4.66,4.63,2.87
"12518",171,0.75,"Ideal","D","SI2",61.3,56,2773,5.85,5.89,3.6
"12519",3855,0.72,"Ideal","G","VS1",61.3,56,3478,5.75,5.8,3.54
"12520",36012,0.39,"Ideal","F","SI1",62.5,55,921,4.68,4.63,2.91
"12521",42030,0.38,"Premium","E","VVS1",61.9,58,1267,4.62,4.66,2.87
"12522",42855,0.41,"Premium","D","VVS2",61.2,62,1356,4.82,4.78,2.94
"12523",21848,1.01,"Very Good","F","VVS1",62.1,58,9908,6.37,6.41,3.97
"12524",19698,0.36,"Very Good","I","SI1",63.1,57,624,4.55,4.51,2.86
"12525",49303,0.32,"Ideal","I","VVS2",61.7,56,540,4.4,4.42,2.72
"12526",12859,1.1,"Ideal","G","SI2",62.1,58,5361,6.61,6.63,4.11
"12527",2496,0.51,"Ideal","E","VVS1",61.3,56,3197,5.13,5.21,3.17
"12528",15357,1.28,"Premium","H","SI2",62,57,6164,7,6.94,4.32
"12529",41983,0.51,"Very Good","D","SI2",62.8,57,1264,5.1,5.12,3.21
"12530",48555,0.58,"Premium","G","VVS2",59.7,59,1990,5.4,5.45,3.24
"12531",48997,0.71,"Premium","H","SI1",62.3,61,2049,5.65,5.61,3.51
"12532",50486,0.7,"Premium","G","SI2",58,60,2268,5.91,5.88,3.42
"12533",33176,0.41,"Ideal","E","SI2",63,57,818,4.73,4.7,2.97
"12534",6332,0.83,"Ideal","F","VS1",62,57,4030,6.02,5.97,3.72
"12535",45492,0.56,"Very Good","F","SI1",60,57,1679,5.41,5.38,3.24
"12536",18519,1.36,"Good","G","SI1",64.3,59,7549,6.93,6.85,4.43
"12537",40394,0.4,"Very Good","D","VVS2",60.8,56,1133,4.78,4.82,2.92
"12538",8136,1.01,"Very Good","E","SI2",62.8,57,4355,6.35,6.38,4
"12539",43287,0.31,"Ideal","H","VS2",61,57,507,4.38,4.41,2.68
"12540",5070,0.3,"Premium","G","SI1",59.7,60,574,4.39,4.35,2.61
"12541",9003,1.01,"Ideal","H","SI1",62.6,55,4513,6.42,6.36,4
"12542",46175,0.5,"Premium","E","VS2",62.3,60,1746,5.09,5.05,3.16
"12543",3829,0.73,"Good","E","VS1",60.8,61,3471,5.77,5.8,3.52
"12544",17494,1.05,"Ideal","G","VS2",61.7,57,7028,6.56,6.53,4.04
"12545",42550,0.52,"Ideal","G","SI1",62.4,55,1325,5.15,5.17,3.22
"12546",45673,0.52,"Ideal","E","VS2",60.4,57,1694,5.22,5.17,3.14
"12547",4300,0.74,"Ideal","F","VS1",61.9,54,3590,5.78,5.82,3.59
"12548",7206,1.21,"Very Good","J","VS2",62.4,58,4191,6.79,6.83,4.25
"12549",42352,0.39,"Ideal","E","VVS2",60.5,57,1300,4.72,4.74,2.86
"12550",52853,0.7,"Good","G","VS1",63.5,61,2577,5.6,5.64,3.57
"12551",49922,0.73,"Ideal","J","SI1",62,55,2184,5.75,5.86,3.6
"12552",16438,1.04,"Premium","G","VS2",61,59,6564,6.53,6.42,3.95
"12553",36665,0.36,"Ideal","E","VS2",61.8,56,949,4.57,4.59,2.83
"12554",3900,0.92,"Ideal","J","VS1",62,55,3489,6.24,6.27,3.88
"12555",6181,0.74,"Very Good","E","VVS1",63.5,58,3993,5.78,5.72,3.65
"12556",17430,1.5,"Very Good","J","SI1",62.5,58,6987,7.24,7.29,4.54
"12557",15649,1.07,"Very Good","G","VS2",62.3,57,6274,6.56,6.47,4.06
"12558",53192,0.51,"Very Good","F","VVS2",60.3,55,2633,5.22,5.26,3.16
"12559",49329,0.7,"Fair","D","SI1",66,56,2093,5.45,5.52,3.62
"12560",26195,2.01,"Fair","G","SI2",65.6,56,15562,7.89,7.84,6.16
"12561",48148,0.53,"Premium","D","VS1",62.4,61,1940,5.25,5.14,3.24
"12562",8617,1.09,"Premium","E","SI2",59.4,60,4444,6.81,6.7,4.01
"12563",22036,0.31,"Ideal","H","VS2",62,57,628,4.38,4.33,2.7
"12564",28440,0.39,"Very Good","F","SI1",61.3,62,670,4.68,4.71,2.88
"12565",13270,1,"Good","G","VS2",56.6,61,5484,6.65,6.61,3.75
"12566",15473,1.01,"Very Good","F","VS2",59.1,59,6196,6.58,6.65,3.91
"12567",36312,0.32,"Ideal","H","VVS1",62.9,57,936,4.38,4.33,2.74
"12568",9949,1.04,"Ideal","F","SI2",62,54,4695,6.49,6.51,4.03
"12569",26164,2.11,"Ideal","I","SI1",61,57,15486,8.37,8.29,5.08
"12570",29844,0.3,"Ideal","D","VS2",62.3,56,710,4.29,4.32,2.68
"12571",40104,0.33,"Premium","G","VVS1",62.8,59,1114,4.44,4.38,2.77
"12572",16123,1.3,"Good","D","SI2",57.1,63,6443,7.27,7.22,4.14
"12573",29457,0.33,"Ideal","G","VVS2",62.6,53,702,4.43,4.45,2.78
"12574",2879,0.7,"Good","E","VS1",61.3,62,3277,5.64,5.72,3.48
"12575",2216,0.8,"Very Good","H","VS1",62.7,56,3144,5.88,5.96,3.71
"12576",45352,0.59,"Ideal","E","SI1",62,55,1664,5.37,5.4,3.34
"12577",43004,0.52,"Very Good","E","SI1",61,61,1369,5.17,5.19,3.16
"12578",39338,0.49,"Premium","F","SI1",60.5,60,1072,5.1,5.08,3.08
"12579",16975,1.25,"Ideal","D","SI2",61.9,54.4,6779,6.9,6.93,4.28
"12580",49159,0.5,"Ideal","G","VVS1",62.2,56,2070,5.12,5.1,3.18
"12581",5184,0.9,"Premium","G","SI1",61.3,60,3774,6.17,6.14,3.77
"12582",48841,0.55,"Ideal","D","VS2",61.8,54,2030,5.29,5.26,3.26
"12583",30051,0.41,"Very Good","G","SI1",60.3,60,719,4.76,4.8,2.88
"12584",19794,1.22,"Premium","G","VS2",61.8,58,8362,6.91,6.84,4.25
"12585",5676,0.8,"Ideal","F","VS1",61.6,54,3884,5.99,5.95,3.68
"12586",30219,0.33,"Ideal","E","VS2",61.8,55,723,4.45,4.48,2.76
"12587",6316,1,"Good","E","SI2",64,54,4026,6.31,6.26,4.01
"12588",2326,1.23,"Ideal","H","I1",61.6,55,3168,6.92,6.87,4.25
"12589",37265,0.29,"Very Good","E","VS1",61.4,61,481,4.22,4.25,2.6
"12590",19608,1,"Very Good","F","VVS2",61.1,55,8227,6.49,6.51,3.97
"12591",46625,0.3,"Premium","H","VS1",62.2,60,526,4.23,4.29,2.65
"12592",15852,1.04,"Ideal","G","VS2",62,57,6342,6.49,6.5,4.03
"12593",34015,0.3,"Premium","D","VS1",60.7,58,848,4.36,4.34,2.64
"12594",45672,0.52,"Ideal","E","VS2",62.1,56,1694,5.2,5.17,3.22
"12595",28913,0.3,"Ideal","G","VVS2",61.1,57,684,4.32,4.35,2.65
"12596",28261,0.24,"Very Good","E","VS1",61.5,57,357,3.99,4.07,2.48
"12597",46823,0.96,"Fair","H","I1",60.1,62,1808,6.21,6,3.68
"12598",11088,1.2,"Ideal","J","VS2",62.3,57,4927,6.82,6.75,4.23
"12599",23591,1.02,"Ideal","E","IF",62.6,57,11605,6.47,6.41,4.03
"12600",38985,0.39,"Premium","F","VS2",62.4,58,1053,4.65,4.61,2.89
"12601",12443,0.9,"Ideal","G","VVS2",61.9,56,5242,6.22,6.15,3.83
"12602",8572,1,"Good","E","SI1",63.1,64,4435,6.31,6.25,3.96
"12603",21425,1.07,"Ideal","G","IF",61.5,57,9532,6.59,6.54,4.04
"12604",29421,0.42,"Ideal","H","SI1",62.2,57,700,4.78,4.8,2.98
"12605",16556,1.01,"Good","G","VS1",57.7,63,6613,6.55,6.65,3.81
"12606",6966,1.01,"Good","E","SI2",63.3,58,4149,6.29,6.35,4
"12607",17998,1.01,"Very Good","D","VS2",62.8,57,7278,6.33,6.4,4
"12608",6859,0.8,"Ideal","E","VS2",62.2,55,4126,5.95,5.98,3.71
"12609",24283,2,"Premium","G","SI2",59.1,59,12521,8.2,8.14,4.83
"12610",53667,0.81,"Ideal","J","VS2",62.1,56,2708,5.92,5.97,3.69
"12611",46149,0.5,"Premium","G","VS1",61,59,1746,5.14,5.09,3.12
"12612",21132,1.22,"Premium","E","VS2",62.2,55,9292,6.91,6.85,4.28
"12613",16991,1.01,"Premium","E","VS2",62,59,6787,6.46,6.44,4
"12614",31603,0.25,"Ideal","H","VS2",61,55,367,4.09,4.11,2.5
"12615",48304,0.31,"Good","D","SI1",63.8,57,533,4.29,4.33,2.75
"12616",22682,0.38,"Ideal","J","VVS2",62,55,629,4.67,4.69,2.9
"12617",51964,0.3,"Ideal","H","VS1",62.1,56,545,4.28,4.32,2.67
"12618",26253,2.18,"Ideal","I","SI2",62.5,55,15706,8.31,8.34,5.2
"12619",9389,0.32,"Ideal","D","SI1",62.5,54,589,4.39,4.41,2.75
"12620",14460,1.24,"Very Good","I","VS2",62.7,55,5836,6.82,6.87,4.29
"12621",2901,0.8,"Very Good","F","VS2",63.3,59.8,3283,5.79,5.83,3.68
"12622",17118,1.07,"Good","F","VS2",57.6,60,6828,6.83,6.79,3.92
"12623",43181,0.52,"Ideal","H","VS2",62.2,56.4,1391,5.09,5.16,3.19
"12624",32588,0.33,"Ideal","E","VVS2",61,57,802,4.46,4.49,2.73
"12625",15340,1.01,"Very Good","F","VS2",62,59,6159,6.38,6.42,3.97
"12626",38124,0.3,"Ideal","G","VVS1",62,55,1013,4.34,4.31,2.68
"12627",50820,0.71,"Ideal","E","SI1",61.5,57,2308,5.74,5.78,3.54
"12628",11056,0.31,"Ideal","H","VVS2",61.2,56,596,4.34,4.37,2.66
"12629",25057,2.02,"Very Good","J","VS2",61.5,59,13564,8.06,8.13,4.98
"12630",19730,1.52,"Premium","I","SI1",61.2,60,8299,7.41,7.36,4.52
"12631",37425,0.33,"Ideal","E","VVS1",61.5,56,984,4.46,4.49,2.75
"12632",24242,2.01,"Fair","G","SI2",56.2,63,12450,8.28,8.23,4.64
"12633",16809,1.05,"Good","H","IF",64.3,58,6703,6.5,6.35,4.13
"12634",38528,0.34,"Ideal","D","VS2",62.4,53,1033,4.52,4.49,2.81
"12635",47038,0.55,"Ideal","D","SI1",60.6,56,1819,5.32,5.27,3.21
"12636",18718,0.3,"Very Good","G","VS1",62.9,55,620,4.25,4.27,2.68
"12637",19748,1.5,"Premium","G","SI2",60.7,58,8316,7.39,7.33,4.47
"12638",8204,0.51,"Fair","F","VVS2",60.7,66,4368,5.21,5.11,3.13
"12639",23055,1.51,"Good","D","SI1",64.9,60,11087,7.14,7.2,4.65
"12640",13008,1.05,"Very Good","H","SI1",60.5,58,5406,6.55,6.6,3.98
"12641",25657,2.01,"Premium","I","SI1",60.1,59,14558,8.24,8.19,4.94
"12642",29155,0.38,"Very Good","G","VS1",61.9,54,693,4.65,4.69,2.89
"12643",35757,0.33,"Very Good","F","VVS1",62,56,912,4.43,4.46,2.75
"12644",38459,0.42,"Premium","G","VVS2",61.6,60,1029,4.85,4.8,2.97
"12645",8188,1.2,"Fair","I","SI1",66.2,59,4368,6.55,6.47,4.31
"12646",40813,0.54,"Ideal","I","SI1",62.4,55,1170,5.19,5.23,3.25
"12647",33259,0.3,"Good","D","VVS1",63.3,61,825,4.21,4.23,2.67
"12648",38936,0.4,"Very Good","E","VS1",60.1,58,1053,4.72,4.76,2.85
"12649",21556,1.76,"Premium","I","VS2",62.4,58,9659,7.7,7.65,4.79
"12650",16073,1.02,"Ideal","G","VS2",62.8,57,6418,6.36,6.45,4.02
"12651",15915,1.06,"Ideal","F","SI1",61.7,55,6363,6.58,6.56,4.06
"12652",37415,0.38,"Ideal","G","VS2",62.2,56,983,4.64,4.62,2.88
"12653",36898,0.33,"Ideal","H","IF",60.6,57,959,4.51,4.5,2.73
"12654",30786,0.33,"Very Good","D","VS1",61.6,53,742,4.45,4.48,2.75
"12655",35932,0.43,"Premium","D","SI2",61.1,58,919,4.9,4.86,2.98
"12656",12520,1.22,"Ideal","I","SI1",61.9,56,5261,6.87,6.83,4.24
"12657",35936,0.38,"Ideal","E","VS1",61.4,56,920,4.66,4.69,2.87
"12658",44687,0.73,"Premium","G","SI2",61.2,56,1610,5.76,5.67,3.5
"12659",17914,1.01,"Very Good","G","VVS2",62.8,58,7234,6.38,6.42,4.02
"12660",38972,0.4,"Very Good","E","VS1",62.8,59,1053,4.63,4.67,2.92
"12661",6888,1.22,"Premium","J","SI2",62.2,60,4132,6.89,6.77,4.25
"12662",17774,1.36,"Ideal","F","SI2",62,56,7157,7.08,7.11,4.4
"12663",49884,0.72,"Ideal","G","SI2",61.7,56,2177,5.76,5.71,3.54
"12664",51755,0.65,"Very Good","F","VS1",59.3,56,2406,5.64,5.76,3.37
"12665",21228,1.5,"Premium","F","SI2",61.4,60,9374,7.34,7.28,4.49
"12666",32942,0.34,"Ideal","I","SI1",60.2,57,459,4.5,4.54,2.72
"12667",50642,0.31,"Good","G","VS2",63.6,56,544,4.26,4.29,2.72
"12668",10589,0.91,"Good","F","VS1",63.5,56,4823,6.14,6.18,3.91
"12669",42746,0.51,"Good","E","SI1",63.5,54,1343,5.07,5.1,3.23
"12670",25731,1.51,"Good","F","VVS2",63.7,58,14654,7.18,7.24,4.59
"12671",17506,1.05,"Ideal","G","VS1",62.5,56,7037,6.48,6.54,4.07
"12672",201,0.7,"Very Good","E","SI1",59.9,63,2777,5.76,5.7,3.43
"12673",26448,2.5,"Ideal","J","SI2",60.7,55,15990,8.8,8.66,5.3
"12674",32417,0.41,"Premium","D","SI1",61,59,791,4.76,4.78,2.91
"12675",30679,0.4,"Premium","E","SI1",60.1,59,737,4.76,4.82,2.88
"12676",48325,0.23,"Ideal","G","IF",61.7,55,536,3.94,3.98,2.44
"12677",9207,1.26,"Fair","I","SI2",64.8,57,4551,6.73,6.69,4.35
"12678",4875,1.02,"Ideal","H","SI2",62,56,3713,6.4,6.34,3.95
"12679",43752,0.58,"Very Good","D","SI2",62.9,56,1438,5.31,5.35,3.35
"12680",49788,0.71,"Ideal","J","VVS2",60.5,58,2162,5.77,5.8,3.5
"12681",34220,0.4,"Premium","H","SI1",62.6,58,855,4.72,4.68,2.94
"12682",10493,1.04,"Ideal","F","SI2",62.2,56,4797,6.45,6.48,4.02
"12683",51159,0.72,"Very Good","I","SI1",63.2,57,2345,5.71,5.75,3.62
"12684",11969,1.05,"Premium","H","SI1",60.2,62,5139,6.57,6.52,3.94
"12685",35909,0.34,"Ideal","F","VVS1",61.4,55,919,4.52,4.54,2.78
"12686",1340,0.63,"Ideal","F","VVS2",62.3,56,2961,5.48,5.5,3.42
"12687",20270,1.24,"Ideal","H","VVS1",61.9,55,8693,6.85,6.91,4.27
"12688",21655,1.41,"Ideal","H","VS1",60.7,56,9752,7.31,7.22,1.41
"12689",47737,0.56,"Ideal","G","VS1",61.2,54,1890,5.36,5.32,3.27
"12690",30922,0.34,"Very Good","E","VS2",62.8,58,745,4.43,4.45,2.79
"12691",5595,1.01,"Fair","H","SI1",64.5,59,3869,6.27,6.23,4.03
"12692",40857,0.53,"Very Good","E","SI2",63,57,1174,5.13,5.16,3.24
"12693",5367,0.75,"Very Good","E","VS2",60.4,56,3817,5.9,5.96,3.58
"12694",45448,0.52,"Good","E","VS2",58.3,61,1673,5.26,5.31,3.08
"12695",14196,1.35,"Very Good","J","VS1",62.1,56,5759,7.04,7.1,4.39
"12696",12513,1.01,"Very Good","H","VS2",63.2,58,5260,6.34,6.26,3.98
"12697",29865,0.3,"Very Good","D","VS2",62.4,56,710,4.27,4.32,2.68
"12698",24867,1.54,"Very Good","G","VS1",60.7,60,13284,7.43,7.55,4.55
"12699",49272,0.6,"Ideal","E","SI1",62.3,55,2090,5.45,5.4,3.38
"12700",27451,1.51,"Premium","F","IF",60.5,61,18102,7.5,7.4,4.45
"12701",41237,0.33,"Ideal","E","IF",61.9,57,1207,4.45,4.41,2.74
"12702",32751,0.43,"Ideal","E","SI1",61.2,56.2,803,4.87,4.89,2.99
"12703",23421,1.53,"Premium","H","VS1",60.8,59,11413,7.41,7.36,4.49
"12704",20540,1.01,"Ideal","F","VS1",61.8,57,8860,6.41,6.46,3.98
"12705",7128,0.9,"Ideal","H","VS2",61.6,57,4173,6.17,6.29,3.84
"12706",18062,1.51,"Premium","I","SI2",58.7,59,7292,7.53,7.49,4.41
"12707",17292,1.73,"Ideal","J","SI1",62.6,57,6927,7.69,7.65,4.8
"12708",10068,0.32,"Very Good","H","SI1",63.4,55,591,4.38,4.36,2.77
"12709",30015,0.31,"Ideal","H","VS1",61.3,55,717,4.36,4.41,2.69
"12710",4886,1.01,"Good","I","VS2",57.1,63,3717,6.6,6.56,3.76
"12711",31765,0.35,"Ideal","H","VVS1",61.6,55,773,4.55,4.57,2.81
"12712",7912,1.03,"Very Good","G","SI2",63,57,4315,6.4,6.42,4.04
"12713",22768,1.01,"Ideal","E","VVS1",61.8,54,10789,6.43,6.49,3.99
"12714",17641,1.24,"Very Good","G","SI1",61.8,58,7106,6.9,6.96,4.28
"12715",49440,0.7,"Good","F","SI2",61.6,61,2109,5.66,5.68,3.49
"12716",40208,0.51,"Ideal","I","SI1",62.5,57,1122,5.1,5.07,3.18
"12717",33819,0.4,"Premium","F","VS2",61.6,58,842,4.75,4.8,2.94
"12718",24462,1.11,"Ideal","E","VVS1",61.3,54,12725,6.68,6.72,4.11
"12719",53405,0.76,"Very Good","E","SI1",63,59,2668,5.76,5.8,3.64
"12720",42774,0.44,"Ideal","G","IF",62.2,53,1348,4.9,4.94,3.06
"12721",53802,0.53,"Ideal","D","VVS1",62,57,2732,5.16,5.2,3.21
"12722",33571,0.3,"Very Good","G","IF",61.4,59,831,4.27,4.3,2.63
"12723",51967,0.3,"Ideal","H","VS1",62.4,55,545,4.32,4.34,2.7
"12724",47124,0.86,"Premium","I","I1",62.6,56,1828,6.11,6.03,3.8
"12725",208,0.52,"Ideal","F","VVS1",61.3,55,2778,5.19,5.22,3.19
"12726",1986,0.7,"Very Good","E","VS1",63.4,57,3095,5.63,5.67,3.58
"12727",46441,0.6,"Very Good","F","VS2",62.1,57,1772,5.37,5.39,3.34
"12728",14803,1.19,"Very Good","E","SI1",58,63,5956,6.9,6.97,4.02
"12729",8770,1.04,"Premium","G","SI1",62.8,57,4467,6.5,6.41,4.05
"12730",36651,0.37,"Premium","F","VVS2",62.9,56,948,4.58,4.52,2.86
"12731",25108,2.02,"Premium","I","SI2",61.4,57,13642,8.18,8.08,4.99
"12732",32339,0.36,"Premium","E","VS2",61.8,58,789,4.52,4.57,2.81
"12733",51474,0.73,"Ideal","H","SI1",62.9,58,2377,5.72,5.75,3.61
"12734",42070,0.5,"Premium","D","SI1",62.2,58,1272,5.08,5.12,3.17
"12735",48616,0.75,"Premium","J","VS1",61.6,57,1998,5.88,5.84,3.61
"12736",40667,0.31,"Ideal","F","IF",60.2,57,1155,4.38,4.44,2.65
"12737",40245,0.37,"Ideal","D","VS2",61.3,56,1124,4.64,4.6,2.83
"12738",49120,0.7,"Very Good","H","SI1",60.9,62,2066,5.67,5.72,3.47
"12739",8841,1.01,"Ideal","E","SI2",60.9,57,4479,6.47,6.51,3.95
"12740",18384,0.3,"Ideal","G","VS1",61.7,54.6,618,4.3,4.33,2.67
"12741",6092,1,"Very Good","H","SI2",63.1,58,3975,6.29,6.36,3.99
"12742",2016,0.9,"Fair","G","SI2",55.9,62,3104,6.35,6.42,3.57
"12743",51253,0.73,"Ideal","F","SI2",62.2,60,2355,5.72,5.75,3.57
"12744",2247,1.02,"Ideal","I","VS2",62.8,57,3148,6.45,6.39,4.03
"12745",20019,0.32,"Premium","G","SI2",61,59,421,4.36,4.42,2.68
"12746",40474,0.64,"Good","F","I1",57.3,64,1140,5.75,5.69,3.28
"12747",42392,0.42,"Ideal","E","VVS1",59.7,56,1307,4.88,4.91,2.92
"12748",22665,1.02,"Very Good","E","IF",63.5,58,10710,6.43,6.33,4.05
"12749",30546,0.31,"Ideal","D","VS2",62.7,57,734,4.3,4.34,2.71
"12750",20214,1.01,"Good","F","VVS2",60.3,62,8647,6.47,6.54,3.92
"12751",23814,1.71,"Very Good","D","SI2",63.5,59,11873,7.57,7.59,4.81
"12752",27336,2.16,"Premium","J","VVS1",61.5,58,17891,8.36,8.26,5.11
"12753",29508,0.32,"Ideal","E","VS2",62.7,55,702,4.36,4.38,2.74
"12754",6371,0.32,"Very Good","H","SI1",63.1,55,576,4.37,4.34,2.75
"12755",49168,0.71,"Premium","F","SI2",62.6,59,2072,5.64,5.6,3.52
"12756",33289,0.31,"Ideal","G","SI1",62.2,55,462,4.36,4.38,2.72
"12757",53016,0.52,"Ideal","F","IF",60.6,57,2598,5.22,5.21,3.16
"12758",50833,0.7,"Ideal","D","SI1",61.2,54,2310,5.79,5.75,3.53
"12759",10660,1.2,"Premium","H","VS1",61.7,59,4838,6.78,6.74,4.17
"12760",14481,1.2,"Premium","H","SI2",62.3,59,5846,6.82,6.75,4.23
"12761",15586,1,"Good","D","VS1",64,58,6250,6.27,6.21,3.99
"12762",19779,1.08,"Ideal","G","VVS1",61.6,56,8347,6.6,6.65,4.08
"12763",35586,0.35,"Ideal","D","VS2",60.5,56,907,4.63,4.6,2.79
"12764",12567,1.02,"Premium","E","SI1",61.5,58,5278,6.51,6.46,3.99
"12765",40110,0.32,"Ideal","D","VS1",60.9,57,1114,4.48,4.45,2.72
"12766",46158,0.5,"Ideal","E","VS2",62.1,54,1746,5.13,5.11,3.18
"12767",48938,0.7,"Very Good","J","VS2",63.3,58,2044,5.61,5.63,3.56
"12768",50222,0.7,"Very Good","F","SI1",61.6,55,2230,5.66,5.7,3.5
"12769",10064,0.32,"Premium","H","SI1",61.8,56,591,4.43,4.4,2.73
"12770",49432,0.7,"Ideal","H","SI1",61.9,57,2107,5.66,5.69,3.51
"12771",1915,0.79,"Ideal","F","SI1",62,55,3081,5.93,5.95,3.68
"12772",15959,1.22,"Premium","H","SI1",60.6,60,6387,6.92,6.85,4.17
"12773",30403,0.32,"Ideal","G","VVS2",62.1,55,730,4.35,4.38,2.71
"12774",4896,0.8,"Very Good","F","VS1",62.6,57,3720,5.9,5.98,3.72
"12775",2551,0.77,"Very Good","H","VVS2",61.1,56,3208,5.89,5.92,3.61
"12776",27520,1.7,"Premium","F","VS2",62.8,58,18251,7.61,7.54,4.76
"12777",39911,0.5,"Ideal","E","SI2",61.8,58,1104,5.08,5.11,3.15
"12778",18743,1.1,"Ideal","F","VS2",62.2,57,7658,6.62,6.59,4.11
"12779",52344,0.7,"Good","E","SI1",57.5,62,2498,5.81,5.85,3.35
"12780",31467,0.34,"Premium","I","VVS2",61.5,60,765,4.49,4.45,2.75
"12781",37040,0.38,"Good","H","VVS1",63.3,58,967,4.57,4.62,2.91
"12782",21845,1.2,"Very Good","E","VS1",59.4,56,9904,6.94,7,4.14
"12783",5927,0.92,"Premium","E","SI2",61.7,59,3941,6.27,6.18,3.84
"12784",35925,0.43,"Premium","E","SI2",61.2,59,919,4.89,4.82,2.97
"12785",8898,1.01,"Good","H","VS2",64.3,58,4489,6.27,6.2,4.01
"12786",23022,0.35,"Ideal","I","VS2",61.7,57,630,4.56,4.52,2.8
"12787",34171,0.33,"Ideal","G","VS1",62.4,56,854,4.45,4.43,2.77
"12788",4688,0.81,"Premium","E","VS2",61.5,58,3674,5.99,5.94,3.97
"12789",8250,1.24,"Premium","I","SI2",62.8,58,4375,6.88,6.79,4.28
"12790",37116,0.39,"Ideal","F","VS2",61.2,57,970,4.69,4.73,2.88
"12791",3876,0.9,"Very Good","E","SI2",63.7,56,3482,6.08,6.13,3.89
"12792",49846,0.74,"Very Good","J","VS1",62.7,58,2170,5.75,5.8,3.62
"12793",25551,1.6,"Very Good","G","VS2",61,57,14383,7.55,7.59,4.62
"12794",32428,0.4,"Ideal","G","VS2",62.3,54,792,4.73,4.77,2.96
"12795",11633,1,"Very Good","E","SI1",63.1,57,5051,6.36,6.39,4.02
"12796",19567,1.52,"Very Good","H","SI2",62.7,57,8194,7.32,7.36,4.6
"12797",51090,0.7,"Very Good","E","SI2",59.8,58,2335,5.74,5.76,3.44
"12798",11985,1.2,"Very Good","J","SI1",61.2,55,5142,6.84,6.88,4.2
"12799",17469,1.39,"Premium","H","VS2",62.5,59,7006,7.17,7.1,4.46
"12800",10287,1.01,"Very Good","I","VS1",62.2,60,4756,6.39,6.35,3.96
"12801",49686,0.56,"Ideal","E","VS1",61.9,57,2145,5.31,5.29,3.28
"12802",27104,2.1,"Ideal","I","SI1",60.8,60,17250,8.24,8.35,5.04
"12803",23095,2.01,"Good","I","VS2",59,64,11115,8.25,8.19,4.85
"12804",40845,0.58,"Very Good","F","SI2",63,56,1173,5.34,5.26,3.34
"12805",34186,0.33,"Very Good","G","VS1",63.1,57,854,4.4,4.38,2.77
"12806",48200,0.59,"Very Good","D","VS2",63.2,57,1948,5.28,5.32,3.35
"12807",23446,1.51,"Ideal","H","VS2",62.2,57,11435,7.29,7.33,4.55
"12808",15854,1.02,"Ideal","E","SI1",62.6,57,6342,6.41,6.44,4.02
"12809",36535,0.42,"Premium","F","VS2",61.9,58,945,4.8,4.76,2.96
"12810",6343,1,"Very Good","I","SI1",60.4,63,4032,6.44,6.37,3.87
"12811",4779,1.03,"Ideal","H","SI2",60.5,57,3692,6.58,6.52,3.96
"12812",18866,1.51,"Very Good","E","SI2",63.3,58,7737,7.19,7.16,4.54
"12813",45767,0.61,"Good","H","VS1",60.1,60.3,1706,5.47,5.5,3.29
"12814",27499,2.05,"Ideal","E","SI1",62.4,57,18193,8.17,8.09,5.08
"12815",31656,0.35,"Ideal","E","VS2",62.4,57,767,4.52,4.55,2.83
"12816",699,0.82,"Premium","I","VS1",61.9,58,2853,5.99,5.97,3.7
"12817",42517,0.41,"Ideal","F","VVS2",61.2,56,1323,4.78,4.82,2.94
"12818",36878,0.42,"Ideal","E","VS2",62.1,56,958,4.77,4.8,2.97
"12819",51310,0.31,"Good","E","SI1",63.4,55,544,4.32,4.35,2.75
"12820",27911,0.26,"Very Good","F","VVS1",60.6,56,657,4.12,4.16,2.51
"12821",31493,0.34,"Premium","G","VS2",61.8,58,765,4.5,4.47,2.77
"12822",26632,2.16,"Premium","H","SI2",59.7,60,16400,8.38,8.3,4.98
"12823",44933,0.58,"Very Good","H","VS2",61.2,55.8,1633,5.39,5.41,3.3
"12824",51508,0.75,"Ideal","I","SI1",61.5,58,2383,5.82,5.86,3.59
"12825",44179,0.51,"Premium","E","VS2",61.5,60,1567,5.12,5.09,3.14
"12826",32123,0.47,"Ideal","G","SI2",61.3,56,784,4.98,5.01,3.06
"12827",29809,0.3,"Good","D","SI1",63.8,57,709,4.29,4.27,2.73
"12828",26297,1.55,"Ideal","G","VVS2",62.5,57,15794,7.35,7.33,4.59
"12829",30433,0.32,"Ideal","G","VVS2",62,55,730,4.4,4.44,2.74
"12830",19751,1.56,"Very Good","H","SI2",59.9,59,8317,7.47,7.52,4.49
"12831",39564,0.4,"Premium","G","VS1",62.2,55,1080,4.83,4.69,2.96
"12832",49471,0.7,"Ideal","H","SI1",62.1,56,2113,5.74,5.67,3.54
"12833",7859,1,"Good","H","VS2",63.6,57,4305,6.35,6.26,4.01
"12834",35504,0.41,"Ideal","E","SI1",61.8,56,904,4.78,4.77,2.95
"12835",6097,0.96,"Good","H","SI2",61.6,59,3975,6.24,6.29,3.86
"12836",32749,0.36,"Ideal","F","VS1",61.3,55,803,4.59,4.61,2.82
"12837",41529,0.42,"Ideal","G","VVS1",61.6,55,1235,4.85,4.82,2.98
"12838",8801,0.91,"Fair","F","VS2",58,56,4474,6.34,6.41,3.7
"12839",25791,2.55,"Good","H","SI2",63.7,59,14775,8.66,8.57,5.49
"12840",8196,1.2,"Premium","H","SI2",62.5,58,4368,6.74,6.69,4.2
"12841",25708,0.35,"Ideal","D","SI1",60.7,57,644,4.53,4.57,2.76
"12842",591,0.71,"Good","E","VS2",62.8,60,2836,5.6,5.65,3.53
"12843",23609,1.52,"Premium","F","SI1",62.6,59,11637,7.27,7.36,4.58
"12844",19421,1.12,"Ideal","F","VS2",62.6,56,8074,6.59,6.63,4.14
"12845",24910,1.51,"Very Good","G","VS1",61.8,57,13348,7.31,7.42,4.55
"12846",29734,0.41,"Good","D","SI1",63.4,56,707,4.73,4.76,3.01
"12847",41029,0.41,"Ideal","E","VVS2",61,56,1187,4.79,4.82,2.93
"12848",38344,0.32,"Premium","G","IF",61.8,55,1020,4.45,4.39,2.73
"12849",16426,1.03,"Ideal","H","VVS2",62.4,53,6560,6.45,6.51,4.05
"12850",46776,0.53,"Ideal","F","VS2",61.6,57,1803,5.21,5.15,3.19
"12851",50669,0.31,"Ideal","G","VS2",59.6,57,544,4.4,4.43,2.63
"12852",34456,0.36,"Very Good","H","IF",62.3,56,865,4.55,4.58,2.85
"12853",10028,0.23,"Very Good","G","VVS1",60.2,59,415,4,4.01,2.41
"12854",32891,0.36,"Premium","E","SI1",61.3,56,810,4.62,4.58,2.82
"12855",3291,0.7,"Premium","D","VS1",62.5,59,3365,5.69,5.64,3.54
"12856",50241,0.58,"Ideal","H","IF",60.2,56,2233,5.43,5.46,3.28
"12857",21579,1.51,"Premium","I","VS2",60.5,59,9682,7.44,7.41,4.49
"12858",16980,1.37,"Very Good","G","SI2",63.4,61,6781,6.95,7.03,4.43
"12859",6361,0.32,"Very Good","I","VS2",63.2,56,576,4.38,4.32,2.75
"12860",37099,0.41,"Ideal","E","SI1",62.7,57,969,4.77,4.74,2.98
"12861",50755,0.72,"Ideal","F","SI2",61.7,55,2298,5.79,5.75,3.56
"12862",1210,0.71,"Very Good","H","VVS1",62.7,57,2938,5.66,5.72,3.57
"12863",17328,1.09,"Premium","G","VS1",62.5,59,6951,6.57,6.54,4.1
"12864",3113,0.92,"Very Good","I","SI1",63.3,58,3323,6.18,6.14,3.9
"12865",944,0.7,"Premium","E","VS1",62.6,59,2887,5.66,5.69,3.55
"12866",53170,0.71,"Premium","E","SI1",61.1,57,2629,5.73,5.69,3.49
"12867",7009,0.9,"Very Good","H","VS2",62.2,58,4157,6.11,6.18,3.82
"12868",25323,1.71,"Ideal","H","VS2",62.1,56,14017,7.64,7.7,4.76
"12869",2004,0.81,"Ideal","E","SI2",62.1,55,3101,5.94,5.98,3.7
"12870",15589,1.39,"Ideal","J","VS2",60.3,57,6252,7.24,7.26,4.37
"12871",3070,0.8,"Premium","D","SI1",62.7,59,3312,5.89,5.85,3.68
"12872",47171,0.59,"Ideal","D","SI1",61.6,57,1835,5.44,5.41,3.34
"12873",1514,0.73,"Ideal","D","SI1",61.4,56,2995,5.78,5.82,3.56
"12874",51256,0.54,"Very Good","F","VVS1",59.7,56,2356,5.33,5.35,3.19
"12875",16365,0.33,"Very Good","I","VVS1",61.7,61,608,4.43,4.45,2.74
"12876",9471,1,"Ideal","I","SI1",61.8,55,4602,6.41,6.44,3.97
"12877",27045,0.32,"Ideal","H","VVS2",61.2,56,645,4.4,4.43,2.7
"12878",9794,1.01,"Ideal","E","SI2",61.1,57,4666,6.48,6.52,3.97
"12879",22603,1.51,"Ideal","I","VS1",63.2,57,10655,7.4,7.28,4.62
"12880",40091,0.33,"Ideal","G","VVS1",61.7,54,1114,4.48,4.47,2.76
"12881",6898,1.11,"Premium","F","SI2",62.5,59,4134,6.59,6.53,4.1
"12882",15551,1.31,"Premium","J","VS1",62.3,56,6236,7.06,6.99,4.38
"12883",47963,0.57,"Ideal","E","VS2",60.8,56,1919,5.34,5.37,3.26
"12884",28980,0.25,"Very Good","F","VS1",62.1,58,436,4,4.05,2.5
"12885",31071,0.33,"Premium","G","VVS2",61.7,59,752,4.39,4.42,2.72
"12886",49454,0.52,"Ideal","I","IF",60.9,57,2111,5.17,5.21,3.16
"12887",46947,0.52,"Premium","E","VS2",62.3,57,1815,5.17,5.1,3.2
"12888",42909,0.51,"Very Good","E","SI1",60.8,57,1363,5.12,5.17,3.13
"12889",49289,0.73,"Very Good","I","SI2",63,58,2093,5.71,5.75,3.61
"12890",27035,0.32,"Ideal","F","VS2",62.5,56,645,4.37,4.4,2.74
"12891",20168,1.05,"Ideal","G","VVS1",60.1,57,8623,6.58,6.63,3.97
"12892",44150,0.54,"Ideal","F","VS2",62,55,1563,5.25,5.32,3.28
"12893",1141,0.9,"Fair","I","VS2",64.1,66,2921,6.04,5.98,3.85
"12894",46001,0.55,"Very Good","E","VS2",61.2,57,1725,5.22,5.27,3.21
"12895",26429,1.52,"Ideal","G","VVS1",62.4,55,15959,7.3,7.39,4.58
"12896",15637,1.01,"Premium","F","VS2",62.5,58,6271,6.43,6.4,4.01
"12897",29199,0.44,"Good","J","VS1",63.2,57,694,4.82,4.86,3.06
"12898",23585,1.24,"Ideal","G","VVS2",61.1,56,11601,6.94,6.97,4.25
"12899",43354,0.5,"Good","E","VS2",63.7,59,1407,4.99,5.03,3.19
"12900",9093,1.32,"Premium","G","SI2",58.9,59,4524,7.25,7.18,4.25
"12901",21291,1.13,"Ideal","D","VS1",61.4,55,9448,6.72,6.74,4.13
"12902",11881,1.03,"Ideal","G","SI1",60.1,59,5111,6.6,6.57,3.96
"12903",44861,0.54,"Premium","D","VS2",61.6,56,1627,5.24,5.18,3.21
"12904",15154,1.03,"Premium","E","SI1",59.5,60,6091,6.64,6.56,3.93
"12905",14151,1.25,"Premium","H","SI2",61.6,54,5740,6.95,6.85,4.25
"12906",5776,1.18,"Fair","D","SI2",57,66,3899,6.96,6.91,3.98
"12907",39509,0.4,"Good","F","VVS1",60.6,62,1080,4.71,4.73,2.86
"12908",17206,1.26,"Good","G","SI1",63.2,61,6874,6.81,6.87,4.32
"12909",43434,0.5,"Premium","I","VVS1",58.2,62,1415,5.25,5.19,3.04
"12910",1148,0.72,"Very Good","E","VS2",63.2,58,2923,5.67,5.72,3.6
"12911",6333,0.91,"Very Good","E","SI1",61.9,61,4031,6.11,6.14,3.79
"12912",27022,2.09,"Premium","H","SI2",62.1,58,17156,8.22,8.17,5.09
"12913",28425,0.39,"Ideal","H","VS2",62,54.4,670,4.67,4.72,2.91
"12914",48963,0.34,"Premium","H","VS2",61.3,60,537,4.47,4.53,2.76
"12915",15291,1.31,"Premium","J","VS2",60.7,58,6137,7.1,7.07,4.3
"12916",36717,0.41,"Very Good","E","SI1",63.3,57,953,4.72,4.67,2.98
"12917",6933,1.1,"Very Good","E","SI2",63.3,56,4140,6.58,6.53,4.15
"12918",11782,1.01,"Very Good","E","SI1",63.1,57,5085,6.33,6.44,4.03
"12919",24000,1.52,"Ideal","G","VS2",61.3,59,12161,7.35,7.4,4.52
"12920",15348,1,"Premium","G","VS2",61.9,58,6160,6.45,6.41,3.98
"12921",44859,0.51,"Premium","F","VS1",60.7,59,1627,5.11,5.13,3.11
"12922",41722,0.5,"Very Good","D","SI2",63.4,59,1243,5.03,5,3.18
"12923",37106,0.38,"Ideal","G","SI1",62,55,969,4.67,4.64,2.89
"12924",26802,2.01,"Very Good","H","VS2",63.5,59,16677,7.92,7.86,5.01
"12925",7145,0.9,"Good","D","SI1",63.8,57,4178,6.12,6.07,3.89
"12926",43705,0.58,"Ideal","D","SI2",61.2,57,1436,5.38,5.41,3.3
"12927",26784,1.52,"Premium","E","VS1",60.6,58,16628,7.38,7.44,4.49
"12928",52484,1.01,"Premium","H","I1",60.1,58,2520,6.49,6.44,3.89
"12929",14217,1.05,"Premium","D","SI1",60.5,60,5762,6.62,6.53,3.98
"12930",21206,1.5,"Ideal","F","SI1",62.7,56,9347,7.25,7.35,4.58
"12931",38851,0.4,"Premium","G","VVS2",58.9,58,1050,4.84,4.8,2.84
"12932",18818,1.21,"Very Good","E","SI1",62.2,60,7703,6.78,6.76,4.21
"12933",21227,1.2,"Ideal","G","VVS2",62.2,56,9373,6.76,6.81,4.22
"12934",11189,1.18,"Premium","I","SI1",60.5,59,4956,6.9,6.82,4.15
"12935",16857,1.2,"Premium","H","VS1",62.7,58,6727,6.75,6.65,4.2
"12936",12687,1.66,"Premium","I","SI2",60,59,5310,7.63,7.56,4.56
"12937",52713,0.52,"Premium","D","VVS1",58.8,61,2553,5.31,5.27,3.11
"12938",24973,1.2,"Ideal","E","VVS1",61.6,57,13474,6.78,6.83,4.19
"12939",38076,0.36,"Premium","F","VS1",60.7,58,1013,4.62,4.57,2.79
"12940",53527,0.71,"Very Good","D","SI1",60.9,60,2690,5.71,5.76,3.49
"12941",52668,0.78,"Very Good","F","SI2",62.2,59,2550,5.89,5.94,3.68
"12942",49975,0.29,"Very Good","G","VVS2",60.9,57,541,4.28,4.32,2.61
"12943",17074,0.96,"Ideal","G","VS1",61.1,56,6807,6.34,6.39,3.89
"12944",28537,0.3,"Very Good","G","VS2",63.5,55,675,4.25,4.22,2.69
"12945",21766,1.08,"Ideal","G","IF",62.3,56,9831,6.55,6.59,4.09
"12946",39644,0.3,"Premium","F","IF",61.6,58,1085,4.34,4.3,2.66
"12947",42686,0.5,"Very Good","E","SI1",61.1,55,1337,5.1,5.15,3.13
"12948",23027,0.3,"Very Good","H","VVS1",61,55,631,4.35,4.39,2.66
"12949",21610,1.52,"Premium","H","VS2",60.6,61,9704,7.46,7.42,4.51
"12950",53255,0.78,"Premium","I","VS2",62.7,58,2646,5.89,5.82,3.68
"12951",36181,0.41,"Ideal","I","IF",61.8,55,930,4.77,4.81,2.96
"12952",13642,1.1,"Ideal","H","SI1",62.7,57,5583,6.6,6.63,4.15
"12953",39877,0.56,"Ideal","F","SI2",61.8,57,1103,5.28,5.33,3.28
"12954",23988,1.13,"Ideal","D","VVS2",60.1,57,12150,6.78,6.83,4.09
"12955",46805,0.7,"Premium","D","SI2",59.8,59,1806,5.75,5.72,3.43
"12956",48142,0.71,"Ideal","J","SI1",61.4,56,1940,5.75,5.78,3.54
"12957",34963,0.32,"Ideal","I","VS1",62.3,56,471,4.37,4.4,2.73
"12958",15405,1.02,"Premium","G","VS2",62.1,59,6169,6.47,6.41,4
"12959",48568,0.59,"Premium","G","VS1",62.5,53,1991,5.46,5.35,3.38
"12960",33600,0.37,"Ideal","G","VS2",60.8,57,833,4.66,4.61,2.82
"12961",45232,0.59,"Ideal","E","VS2",61.4,58,1657,5.38,5.4,3.31
"12962",18230,1.5,"Very Good","J","VS2",62.4,60,7402,7.21,7.32,4.53
"12963",52273,0.72,"Premium","D","SI2",60.2,56,2492,5.85,5.82,3.51
"12964",24852,1.51,"Ideal","E","SI1",62.2,56,13254,7.31,7.36,4.56
"12965",12754,1.22,"Ideal","H","SI2",62.3,55.3,5321,6.8,6.87,4.26
"12966",43553,0.5,"Ideal","H","VS1",61.7,59,1429,5.07,5.14,3.15
"12967",46453,0.52,"Premium","D","VS2",61.8,58,1774,5.15,5.2,3.2
"12968",761,0.81,"Very Good","F","SI1",61.7,57,2858,6,6.05,3.72
"12969",1715,0.32,"Ideal","G","VS2",61.4,56,561,4.37,4.39,2.69
"12970",43283,0.3,"Premium","F","SI2",62.2,58,506,4.33,4.22,2.66
"12971",13827,1.2,"Ideal","I","VS2",62.5,56,5634,6.77,6.74,4.22
"12972",40863,0.52,"Very Good","E","SI2",62.4,59,1175,5.13,5.16,3.21
"12973",13591,1.01,"Premium","F","SI1",60.6,58,5559,6.54,6.49,3.95
"12974",1432,0.77,"Ideal","D","SI2",60.6,56,2973,5.9,5.95,3.59
"12975",15214,1.01,"Premium","G","VS2",61.6,60,6108,6.51,6.42,3.98
"12976",48455,0.55,"Very Good","F","VS1",61.2,56.4,1975,5.28,5.33,3.25
"12977",37441,0.33,"Ideal","E","VVS1",60.2,57,984,4.47,4.5,2.7
"12978",27619,2.01,"Very Good","H","VS2",63.2,58,18507,7.93,8.01,5.04
"12979",47189,0.59,"Premium","I","VVS1",62.8,58,1837,5.34,5.3,3.34
"12980",9070,1.13,"Premium","G","SI2",60,61,4518,6.78,6.71,4.05
"12981",10227,1.11,"Premium","I","VS2",63,53,4744,6.64,6.59,4.17
"12982",45888,0.52,"Ideal","I","VS1",62.7,57,1720,5.17,5.14,3.23
"12983",18368,0.39,"Good","J","VS1",63.1,56,616,4.62,4.7,2.94
"12984",13802,1.03,"Premium","H","VS1",62,59,5624,6.48,6.45,4.01
"12985",28774,0.33,"Very Good","G","VS1",60.8,57,681,4.5,4.51,2.74
"12986",47349,0.5,"Premium","D","VS2",62.1,58,1845,5.08,5.03,3.14
"12987",26336,1.73,"Ideal","E","SI1",61.9,57,15842,7.74,7.66,4.77
"12988",6641,0.92,"Good","G","SI1",60.6,60,4089,6.29,6.32,3.82
"12989",39484,0.41,"Ideal","E","VS1",61.7,57,1079,4.76,4.8,2.95
"12990",48083,0.74,"Premium","J","SI1",61.6,59,1931,5.82,5.77,3.57
"12991",22619,1.26,"Premium","F","VS1",62,58,10669,6.95,6.88,4.29
"12992",33727,0.43,"Premium","H","SI2",62.8,58,839,4.85,4.83,3.04
"12993",16486,1.07,"Ideal","D","SI1",60.7,57,6587,6.61,6.64,4.02
"12994",30161,0.4,"Good","D","SI1",63.3,57,720,4.68,4.71,2.97
"12995",12672,1.23,"Premium","J","VS1",60.1,60,5304,6.95,6.9,4.16
"12996",7505,1.08,"Very Good","G","SI2",59.8,57,4241,6.66,6.72,4
"12997",1610,0.78,"Very Good","G","VS2",61.3,60,3012,5.89,5.96,3.63
"12998",17060,0.32,"Ideal","G","SI1",61.3,56,612,4.42,4.39,2.7
"12999",53275,0.81,"Very Good","G","SI2",62.7,56,2649,5.91,5.96,3.72
"13000",13762,1.2,"Ideal","H","SI2",61,57,5610,6.84,6.9,4.19
"13001",29471,0.32,"Ideal","E","VS2",62,55,702,4.38,4.46,2.74
"13002",40471,0.38,"Ideal","G","VVS1",61.6,57,1140,4.73,4.65,2.89
"13003",50460,0.74,"Very Good","H","SI2",63.1,56,2264,5.78,5.75,3.64
"13004",43249,0.38,"Premium","D","VVS1",60.4,59,1400,4.7,4.71,2.84
"13005",12331,1.2,"Very Good","I","SI1",61.2,62,5226,6.75,6.84,4.16
"13006",8067,0.31,"Ideal","G","VS1",61.9,55,583,4.36,4.37,2.7
"13007",51229,0.7,"Good","H","VS2",59.1,65,2352,5.85,5.75,3.43
"13008",35044,0.4,"Good","F","VS1",63,62,883,4.65,4.68,2.94
"13009",24122,2.12,"Ideal","I","SI1",62.2,57,12284,8.21,8.14,5.08
"13010",9769,1.02,"Ideal","F","SI2",61.4,56,4662,6.5,6.47,3.98
"13011",42515,0.48,"Premium","E","VS2",62.5,61,1323,5.01,4.97,3.12
"13012",45221,0.42,"Ideal","F","VVS1",61.4,56,1656,4.83,4.85,2.97
"13013",13555,1.07,"Ideal","G","SI1",62.2,56,5551,6.52,6.56,4.07
"13014",27614,2.02,"Premium","F","SI2",61.7,58,18487,8.15,8.11,5.02
"13015",37461,0.42,"Ideal","H","VVS2",62.4,56,984,4.8,4.78,2.99
"13016",36348,0.31,"Very Good","E","IF",63,55,938,4.33,4.37,2.74
"13017",28651,0.3,"Ideal","E","SI1",61.6,57,675,4.32,4.29,2.65
"13018",21602,1.5,"Good","I","VS1",57.2,62,9702,7.64,7.61,4.36
"13019",689,0.58,"Very Good","E","IF",60.6,59,2852,5.37,5.43,3.27
"13020",12591,1.04,"Good","E","SI1",63.5,56,5285,6.37,6.41,4.06
"13021",47042,0.67,"Premium","D","SI2",62.9,56,1819,5.65,5.6,3.54
"13022",26572,2.51,"Premium","J","SI2",59.3,58,16278,8.83,8.87,5.25
"13023",12612,1.28,"Premium","J","SI1",61.9,56,5290,7.13,7,4.37
"13024",12773,1.06,"Very Good","E","SI1",59.6,57,5328,6.62,6.67,3.96
"13025",39990,0.41,"Premium","F","VS2",61.3,58,1107,4.84,4.79,2.95
"13026",25772,1.51,"Ideal","G","VS1",60.8,54,14733,7.4,7.48,4.52
"13027",84,0.38,"Ideal","I","SI2",61.6,56,554,4.65,4.67,2.87
"13028",42160,0.51,"Very Good","E","SI1",62.9,55,1284,5.06,5.12,3.2
"13029",23426,1.05,"Very Good","F","IF",59.7,55,11417,6.66,6.73,4
"13030",30457,0.3,"Premium","F","VS1",61,58,731,4.36,4.33,2.65
"13031",40741,0.54,"Good","E","SI2",63.8,54,1163,5.17,5.18,3.3
"13032",32641,0.31,"Ideal","H","VVS2",62.2,55,802,4.36,4.35,2.71
"13033",39757,0.36,"Ideal","D","VS1",60.8,57,1094,4.59,4.62,2.8
"13034",48046,0.51,"Ideal","G","VVS2",61.9,55,1926,5.14,5.17,3.19
"13035",30734,0.3,"Good","E","VVS1",61.2,63,739,4.24,4.26,2.6
"13036",30121,0.32,"Premium","G","VS2",60.7,58,720,4.42,4.38,2.67
"13037",43167,0.42,"Ideal","D","VVS2",62.5,57,1389,4.8,4.77,2.99
"13038",1279,0.71,"Premium","D","VS2",62.1,60,2950,5.72,5.68,3.54
"13039",26404,2.01,"Good","H","SI1",63.2,58,15919,7.93,7.98,5.03
"13040",8639,0.9,"Ideal","G","SI1",62.3,58,4452,6.17,6.22,3.86
"13041",1874,0.7,"Very Good","G","VVS1",63.1,56,3073,5.64,5.67,3.57
"13042",3452,1.1,"Premium","H","SI2",59.2,59,3388,6.8,6.74,4.01
"13043",30548,0.31,"Premium","E","VS1",61,58,734,4.37,4.39,2.67
"13044",33837,0.3,"Ideal","E","VVS1",62,57,844,4.29,4.32,2.67
"13045",7306,0.96,"Premium","G","SI2",59.3,58,4204,6.49,6.43,3.83
"13046",17638,1.51,"Ideal","G","SI2",61.8,57,7103,7.37,7.31,4.54
"13047",17366,1.01,"Good","E","VS2",63.9,59,6968,6.34,6.31,4.04
"13048",33506,0.32,"Premium","G","VS1",62.5,60,828,4.35,4.29,2.7
"13049",37792,0.3,"Ideal","D","VVS1",61.1,57,1000,4.34,4.36,2.66
"13050",48879,1.01,"Fair","E","I1",64.5,54,2036,6.31,6.22,4.03
"13051",12263,0.77,"Ideal","D","VVS2",62.3,57,5207,5.83,5.85,3.64
"13052",20459,1.53,"Premium","G","SI2",61.3,59,8799,7.49,7.43,4.57
"13053",31996,0.3,"Fair","F","VS2",65.4,55,776,4.25,4.22,2.77
"13054",51837,0.72,"Ideal","F","SI2",61.2,54,2422,5.81,5.86,3.57
"13055",4599,1.02,"Good","H","SI2",64,57,3656,6.41,6.37,4.09
"13056",9230,1.02,"Premium","H","SI1",61.9,61,4558,6.42,6.34,3.95
"13057",36832,0.3,"Ideal","E","IF",61.1,57,957,4.31,4.33,2.64
"13058",20463,2.74,"Fair","J","I1",64.9,61,8807,8.76,8.66,5.65
"13059",19525,1.02,"Ideal","F","VS1",62.6,54,8157,6.45,6.41,4.02
"13060",26839,2.01,"Very Good","G","SI1",63.2,56,16742,8.04,7.96,5.06
"13061",48637,0.37,"Ideal","I","VS2",61.5,56,537,4.6,4.63,2.84
"13062",35017,0.4,"Premium","E","SI1",61.7,60,882,4.72,4.68,2.9
"13063",23271,1.55,"Very Good","D","SI2",58.9,57,11284,7.59,7.63,4.48
"13064",10069,0.32,"Premium","H","SI1",62.3,60,591,4.4,4.36,2.73
"13065",22298,1.17,"Ideal","G","VVS1",61.7,57,10342,6.84,6.9,4.13
"13066",5956,0.9,"Good","F","SI1",63.1,58,3950,6.12,6.18,3.88
"13067",1950,0.75,"Very Good","D","SI1",63.9,56,3085,5.73,5.75,3.67
"13068",44951,0.5,"Very Good","D","VS2",62.8,58,1635,5,5.03,3.15
"13069",12832,1,"Very Good","E","SI1",61.2,60,5351,6.39,6.42,3.92
"13070",13365,0.24,"Very Good","F","VS1",59.9,58,419,4.02,4.06,2.42
"13071",22911,1.51,"Premium","G","SI1",62.7,58,10951,7.3,7.25,4.56
"13072",397,0.3,"Premium","H","SI1",60.9,59,554,4.31,4.29,2.62
"13073",27432,2.01,"Very Good","I","VS1",62.9,59,18041,7.94,8.03,5.02
"13074",24405,1.58,"Premium","G","VS1",62.1,59,12645,7.46,7.43,4.62
"13075",12936,1.13,"Ideal","H","SI1",62.3,56,5384,6.66,6.69,4.16
"13076",39952,0.33,"Ideal","D","SI2",62.4,57,492,4.39,4.42,2.75
"13077",19468,1.19,"Premium","G","VS1",62.6,58,8109,6.78,6.71,4.22
"13078",39959,0.33,"Good","D","SI2",63.3,53,492,4.39,4.42,2.79
"13079",22054,1.16,"Ideal","G","IF",62,57,10082,6.73,6.7,4.16
"13080",8331,1.09,"Premium","H","SI2",61.2,62,4395,6.63,6.58,4.04
"13081",46234,0.5,"Ideal","D","VS2",62.6,56,1752,5.05,5.08,3.17
"13082",15703,0.31,"Good","F","VS1",63.9,55,607,4.27,4.3,2.74
"13083",48804,0.51,"Ideal","F","VVS2",61.4,56,2025,5.16,5.17,3.17
"13084",22304,1.54,"Premium","I","VS1",61.6,58,10349,7.42,7.39,4.56
"13085",13732,0.27,"Premium","D","VS2",62,57,603,4.15,4.11,2.56
"13086",8645,1.06,"Ideal","H","SI2",62.8,57,4452,6.57,6.49,4.1
"13087",7898,1,"Fair","H","VVS2",65.1,57,4312,6.27,6.23,4.07
"13088",1961,0.79,"Premium","F","VS2",60.7,60,3089,5.95,5.97,3.62
"13089",27246,2.05,"Premium","I","VS1",60.6,60,17640,8.21,8.18,4.97
"13090",6449,1.1,"Ideal","H","VS2",62.6,57,4048,6.61,6.56,4.12
"13091",31763,0.34,"Ideal","F","VVS2",61.5,56,773,4.47,4.5,2.76
"13092",35502,0.41,"Ideal","E","SI1",61.4,57,904,4.8,4.78,2.94
"13093",35414,0.4,"Ideal","G","SI1",60.2,56,900,4.83,4.77,2.89
"13094",22798,1.74,"Very Good","I","SI1",58.7,60,10823,7.84,7.9,4.62
"13095",22023,0.42,"Ideal","J","VS2",62,55,628,4.81,4.87,3
"13096",35063,0.3,"Ideal","D","VS1",61.1,57,885,4.34,4.37,2.66
"13097",2059,0.32,"Premium","H","VS1",60.6,60,561,4.4,4.44,2.68
"13098",48622,0.7,"Good","H","SI2",63.6,54,1999,5.67,5.62,3.59
"13099",23131,1.5,"Premium","F","SI1",62.8,56,11154,7.36,7.3,4.6
"13100",5444,0.9,"Very Good","E","SI1",63.2,57,3830,6.15,6.12,3.88
"13101",38724,0.41,"Very Good","H","VVS1",61.4,60,1043,4.73,4.78,2.92
"13102",42477,0.51,"Very Good","E","SI1",60.8,55,1318,5.17,5.2,3.15
"13103",11814,1.07,"Premium","G","SI1",63,55,5091,6.55,6.47,4.1
"13104",16457,1.31,"Ideal","I","VS1",64.3,59,6573,6.87,6.84,4.41
"13105",34626,0.31,"Ideal","E","VS2",62.9,57,872,4.35,4.3,2.72
"13106",14775,1.01,"Premium","G","VS2",61.8,59,5946,6.45,6.4,3.97
"13107",51659,0.3,"Ideal","G","VS2",61.2,55,545,4.35,4.38,2.67
"13108",17894,1,"Ideal","G","VS1",62.5,54,7223,6.41,6.45,4.02
"13109",41197,0.51,"Very Good","F","SI1",62.5,59,1203,5.08,5.1,3.18
"13110",53780,0.74,"Very Good","E","SI2",59.1,60,2728,5.88,5.93,3.49
"13111",44241,0.51,"Premium","D","SI1",62.7,59,1574,5.08,5.06,3.18
"13112",5514,0.91,"Good","D","SI2",63.8,58,3848,6.04,6.09,3.87
"13113",49963,0.3,"Very Good","E","SI2",63.5,55,540,4.3,4.27,2.72
"13114",4820,0.91,"Very Good","I","SI1",62.8,57,3703,6.09,6.18,3.85
"13115",26071,2.05,"Premium","G","SI1",61.6,59,15291,8.2,8.16,5.04
"13116",4410,0.31,"Ideal","D","SI1",61.5,56,571,4.33,4.35,2.67
"13117",12285,1.01,"Ideal","F","SI1",59.9,60,5215,6.59,6.53,3.93
"13118",33395,0.31,"Ideal","F","VVS1",62.4,55,828,4.33,4.36,2.71
"13119",40962,0.42,"Ideal","G","VVS1",62,56,1179,4.81,4.84,2.99
"13120",21078,1.7,"Very Good","J","SI1",63.2,57,9253,7.63,7.55,4.8
"13121",38042,0.35,"Fair","D","VVS2",53.2,62,1011,4.87,4.8,2.57
"13122",5422,1.05,"Ideal","I","SI1",60.4,57,3822,6.6,6.58,3.98
"13123",47902,0.53,"Premium","G","VVS2",60.8,58,1914,5.25,5.18,3.17
"13124",36548,0.4,"Premium","F","SI1",62.5,59,945,4.71,4.67,2.93
"13125",42341,0.43,"Ideal","H","VVS1",61.5,56,1298,4.86,4.89,3
"13126",48018,0.5,"Ideal","H","VS2",62.3,55,1921,5.09,5.12,3.18
"13127",35780,0.32,"Ideal","F","VVS1",61.8,55,912,4.39,4.41,2.72
"13128",10200,1.08,"Premium","H","SI1",61.7,59,4740,6.56,6.6,4.06
"13129",20249,1.23,"Ideal","F","VS1",61.3,57,8679,6.93,6.86,4.23
"13130",2195,0.9,"Very Good","E","SI2",60.7,61,3139,6.16,6.22,3.76
"13131",38898,0.42,"Ideal","H","VVS1",61.4,55,1052,4.81,4.83,2.96
"13132",30526,0.44,"Good","H","SI1",63.5,57,733,4.82,4.85,3.07
"13133",11343,1.01,"Good","F","SI1",58.8,64,4989,6.58,6.51,3.85
"13134",2299,0.9,"Good","I","VS2",62.4,65,3162,6.09,6.12,3.81
"13135",39822,0.38,"Ideal","E","VVS2",62.4,56,1097,4.69,4.63,2.91
"13136",51417,0.7,"Ideal","G","VS2",62.1,55,2371,5.63,5.61,3.49
"13137",25834,2.06,"Premium","H","SI1",62.4,59,14863,8.11,8.07,5.05
"13138",3848,0.74,"Very Good","D","VS2",59.8,58,3476,5.9,5.94,3.54
"13139",32887,0.4,"Premium","F","SI2",62.6,60,810,4.68,4.65,2.92
"13140",155,0.76,"Very Good","F","SI1",62.9,57,2770,5.79,5.81,3.65
"13141",16478,1.2,"Ideal","H","VS2",62.6,56,6586,6.76,6.73,4.22
"13142",27736,1.6,"Ideal","F","VS1",62,56,18780,7.47,7.52,4.65
"13143",19868,1.4,"Premium","D","SI2",61.8,54,8419,7.21,7.16,4.44
"13144",52093,0.71,"Fair","F","SI1",59.8,70,2458,5.89,5.72,3.48
"13145",25024,0.3,"Ideal","E","SI1",61.7,55,640,4.33,4.36,2.68
"13146",4732,0.3,"Ideal","F","VS2",61.6,56,573,4.3,4.33,2.66
"13147",9363,0.32,"Premium","D","SI1",61.5,59,589,4.39,4.42,2.71
"13148",37107,0.38,"Ideal","F","VS2",62.4,54,969,4.65,4.6,2.89
"13149",16041,0.3,"Very Good","I","VS1",63.5,57,608,4.29,4.24,2.71
"13150",49593,0.7,"Very Good","I","SI1",62.2,58,2136,5.63,5.66,3.51
"13151",38875,0.4,"Premium","F","VS1",62.5,59,1050,4.69,4.66,2.92
"13152",47681,0.51,"Ideal","D","VS2",62.7,55,1882,5.12,5.09,3.2
"13153",43704,0.51,"Good","E","VS2",63.1,59,1436,5.04,5.07,3.19
"13154",43609,0.34,"Very Good","G","SI1",60.8,59,507,4.46,4.56,2.74
"13155",36569,0.4,"Ideal","E","SI1",61.1,56,945,4.79,4.77,2.92
"13156",7240,1.01,"Good","G","SI1",63.6,58,4195,6.29,6.35,4.02
"13157",48249,0.7,"Very Good","J","VS2",61.1,61,1952,5.64,5.69,3.46
"13158",41291,0.52,"Ideal","G","SI2",62.1,56,1210,5.13,5.18,3.2
"13159",5166,0.9,"Ideal","H","SI2",61.5,56,3770,6.24,6.18,3.82
"13160",3964,1.01,"Premium","F","SI2",61.8,54,3507,6.47,6.42,3.98
"13161",35446,0.32,"Ideal","E","VS2",62.2,55,900,4.38,4.37,2.72
"13162",32953,0.35,"Very Good","F","SI2",62.8,55,460,4.48,4.53,2.83
"13163",30975,0.38,"Very Good","F","VS1",61.4,61,746,4.66,4.69,2.87
"13164",6583,1.03,"Premium","H","SI2",60.7,59,4078,6.48,6.54,3.95
"13165",39547,0.32,"Premium","G","VVS1",58.1,59,1080,4.53,4.49,2.62
"13166",44875,0.52,"Ideal","F","VS2",62.5,56,1629,5.12,5.16,3.21
"13167",12105,1.1,"Premium","D","SI1",60.4,59,5166,6.66,6.69,4.03
"13168",52141,0.76,"Premium","F","SI2",61.8,58,2469,5.83,5.88,3.62
"13169",9121,1,"Fair","G","VVS2",66.9,55,4534,6.2,6.17,4.14
"13170",7453,0.9,"Premium","H","VS1",62.7,60,4234,6.12,6.07,3.82
"13171",19192,1.65,"Very Good","J","SI1",61.5,58,7943,7.49,7.62,4.65
"13172",50172,0.71,"Very Good","I","VS2",61.4,56,2219,5.73,5.79,3.53
"13173",4304,1.01,"Very Good","J","SI2",61.9,59,3592,6.34,6.38,3.94
"13174",5013,1.1,"Premium","F","I1",59.8,61,3745,6.7,6.65,3.99
"13175",14983,1.16,"Ideal","H","SI1",62.2,54,6036,6.72,6.75,4.19
"13176",14994,1,"Very Good","D","SI1",61.4,63,6040,6.35,6.41,3.92
"13177",29549,0.29,"Very Good","D","SI2",59.7,56,705,4.37,4.4,2.62
"13178",26605,2.35,"Premium","H","SI2",62.3,58,16340,8.51,8.44,5.28
"13179",46296,0.3,"Very Good","E","SI1",61.7,56,526,4.27,4.29,2.64
"13180",20069,0.31,"Ideal","F","VS2",62.3,57,625,4.3,4.34,2.69
"13181",33223,0.39,"Premium","I","VVS1",61.5,59,821,4.67,4.7,2.88
"13182",6588,1.01,"Ideal","H","SI2",61.3,59,4078,6.5,6.46,3.97
"13183",48611,0.7,"Fair","E","SI2",65.3,56,1998,5.57,5.54,3.63
"13184",33974,0.31,"Good","F","VVS2",63.6,55,846,4.33,4.29,2.74
"13185",19897,1.02,"Premium","F","VVS2",61.5,60,8445,6.5,6.45,3.98
"13186",18753,1.01,"Premium","G","VVS2",63,61,7665,6.36,6.34,4
"13187",47343,0.5,"Premium","D","VS2",61.2,60,1845,5.12,5.08,3.12
"13188",27366,0.28,"Very Good","E","VVS1",61.1,60,646,4.17,4.21,2.56
"13189",52011,0.78,"Good","F","SI2",62.7,61,2444,5.8,5.84,3.65
"13190",19798,1.09,"Ideal","G","VVS2",60.6,57,8364,6.62,6.7,4.05
"13191",44589,0.59,"Ideal","E","SI1",62,57,1607,5.36,5.39,3.33
"13192",10680,1,"Very Good","H","VS2",63,59,4842,6.43,6.34,4.02
"13193",46058,0.46,"Ideal","G","IF",62.1,56,1733,4.96,4.93,3.07
"13194",23126,1.77,"Ideal","J","VS1",62.2,56,11150,7.77,7.73,4.82
"13195",6553,1.01,"Premium","I","SI2",60.5,60,4072,6.52,6.5,3.94
"13196",37391,0.5,"Ideal","I","SI1",62,55,982,5.08,5.11,3.16
"13197",19701,0.37,"Ideal","J","VS1",62.4,55,624,4.64,4.59,2.88
"13198",35405,0.32,"Ideal","F","VS1",61.9,56,900,4.4,4.36,2.71
"13199",42307,0.41,"Premium","D","VVS2",62.5,58,1295,4.72,4.75,2.96
"13200",13401,0.32,"Ideal","F","VS2",62.4,57,602,4.37,4.44,2.75
"13201",36879,0.42,"Ideal","E","VS2",61.7,56,958,4.8,4.82,2.97
"13202",19736,1.55,"Ideal","J","SI1",62.4,57,8301,7.5,7.45,4.67
"13203",11105,1.02,"Very Good","H","SI1",62.2,58,4932,6.42,6.48,4.01
"13204",31258,0.32,"Ideal","D","VS2",62.4,57,758,4.34,4.38,2.72
"13205",31792,0.42,"Good","E","SI1",63.4,56,773,4.74,4.82,3.03
"13206",48929,0.74,"Premium","F","SI1",58.8,61,2042,5.88,5.82,3.44
"13207",12883,1.02,"Ideal","G","SI1",60.6,57,5367,6.49,6.52,3.94
"13208",53288,0.3,"Ideal","D","SI1",62.1,54,552,4.31,4.35,2.69
"13209",22077,1.33,"Good","G","VS1",62.8,60,10096,6.87,6.92,4.33
"13210",25672,1.34,"Ideal","E","VVS2",62.6,54,14593,7.05,7.07,4.42
"13211",40967,0.57,"Very Good","I","SI1",62.5,58,1180,5.22,5.27,3.28
"13212",34866,0.3,"Premium","G","VVS2",62.8,60,878,4.28,4.25,2.68
"13213",45086,0.5,"Very Good","D","VS2",61.1,58,1646,5.07,5.11,3.11
"13214",1992,0.77,"Good","H","VVS1",63.1,57,3096,5.83,5.86,3.69
"13215",38022,0.39,"Very Good","G","VS2",63.4,57,1009,4.67,4.63,2.95
"13216",40770,0.53,"Ideal","G","SI1",62.1,53,1166,5.22,5.27,3.26
"13217",38618,0.3,"Ideal","J","IF",61.5,57,489,4.29,4.36,2.66
"13218",24099,1.72,"Good","D","SI2",63.4,62,12248,7.53,7.59,4.79
"13219",13994,1.05,"Ideal","I","VS2",60.3,57,5697,6.57,6.63,3.98
"13220",38592,0.43,"Ideal","G","VVS1",61.4,57,1037,4.85,4.89,2.99
"13221",13611,1.02,"Ideal","H","VS1",62.2,56,5569,6.48,6.42,4.01
"13222",28403,0.35,"Very Good","G","SI1",63.4,56,669,4.5,4.46,2.84
"13223",45978,0.3,"Premium","H","VS1",61,58,526,4.28,4.31,2.62
"13224",8476,1.01,"Premium","F","SI2",62.2,59,4416,6.38,6.42,3.98
"13225",44099,0.54,"Premium","F","SI1",60.4,58,1555,5.29,5.2,3.17
"13226",18630,1.02,"Premium","G","VVS2",62.2,60,7602,6.39,6.43,3.99
"13227",21998,1.2,"Premium","F","VVS2",60.5,60,10064,6.98,6.87,4.19
"13228",36272,0.3,"Ideal","G","SI1",62.3,56,477,4.29,4.31,2.68
"13229",50944,0.73,"Ideal","G","SI1",62.3,54,2321,5.81,5.78,3.61
"13230",9576,1,"Premium","D","SI2",61.6,58,4626,6.45,6.37,3.95
"13231",10131,1.12,"Premium","H","SI1",61.6,58,4719,6.72,6.62,4.11
"13232",9650,1.12,"Premium","H","SI1",61.2,59,4641,6.69,6.65,4.08
"13233",18840,1.4,"Premium","I","VS1",61.6,59,7722,7.22,7.17,4.43
"13234",20385,0.31,"Premium","F","VS2",62.3,60,625,4.32,4.35,2.7
"13235",28590,0.3,"Ideal","G","VS2",61.3,56,675,4.3,4.28,2.63
"13236",1110,0.8,"Very Good","F","SI1",63.5,55,2914,5.86,5.89,3.73
"13237",14397,0.3,"Ideal","H","VVS2",61.5,57,605,4.31,4.34,2.66
"13238",21388,0.34,"Ideal","D","SI1",62.3,57,626,4.44,4.48,2.78
"13239",9615,1.08,"Ideal","J","SI1",62.1,55,4633,6.54,6.57,4.07
"13240",3907,0.72,"Very Good","D","VS2",62.9,58,3493,5.67,5.71,3.58
"13241",8290,1.01,"Very Good","F","SI2",62.3,59,4384,6.31,6.37,3.95
"13242",48716,0.77,"Premium","J","SI1",61.8,59,2010,5.86,5.82,3.61
"13243",34189,0.33,"Ideal","G","VS1",62.9,57,854,4.43,4.38,2.77
"13244",15398,1.02,"Very Good","G","VS2",63.4,59,6169,6.32,6.3,4
"13245",13076,1.26,"Premium","D","SI2",61.9,58,5412,6.88,6.81,4.24
"13246",4267,1.04,"Good","F","SI2",64,60,3581,6.38,6.33,4.07
"13247",27167,2.14,"Premium","I","VS2",62.3,58,17416,8.22,8.16,5.1
"13248",52846,0.7,"Ideal","E","SI1",62.3,56,2575,5.68,5.72,3.55
"13249",34887,0.32,"Ideal","E","VVS1",61.7,55,879,4.38,4.41,2.71
"13250",24230,1.62,"Good","H","VS2",61.5,60.8,12429,7.48,7.53,4.62
"13251",18522,1.6,"Premium","J","SI1",62.2,58,7550,7.48,7.54,4.67
"13252",44506,0.52,"Ideal","D","SI1",61.8,57,1600,5.14,5.19,3.19
"13253",42615,0.32,"Good","H","VS2",63.1,55,505,4.33,4.36,2.74
"13254",8077,1.01,"Good","D","SI2",63.6,57,4338,6.34,6.3,4.02
"13255",27858,0.32,"Ideal","F","VS1",61.1,57,652,4.42,4.45,2.71
"13256",14341,1,"Premium","G","VS2",62.1,57,5806,6.43,6.39,3.98
"13257",39186,0.5,"Very Good","G","SI2",63.3,57,1063,5.03,4.99,3.17
"13258",51268,0.7,"Fair","D","SI2",58.1,60,2358,5.79,5.82,3.37
"13259",20955,1.61,"Good","H","SI2",63.8,62,9169,7.38,7.35,4.7
"13260",8695,0.91,"Premium","G","VS1",62.2,58,4459,6.22,6.12,3.85
"13261",47601,0.52,"Ideal","G","VVS2",60.8,57,1878,5.2,5.17,3.15
"13262",1810,1.01,"Premium","I","SI2",61.9,58,3054,6.45,6.41,3.98
"13263",19199,1.51,"Good","H","VS2",63.8,56,7949,7.24,7.17,4.6
"13264",15588,1.5,"Fair","H","SI2",64.6,59,6250,7.2,7.11,4.62
"13265",18784,1.06,"Premium","F","VS1",58.8,60,7679,6.76,6.68,3.95
"13266",37223,0.43,"Ideal","F","SI1",62.5,56,975,4.84,4.82,3.02
"13267",38740,0.53,"Very Good","J","SI1",61.5,56,1044,5.18,5.21,3.19
"13268",23049,1.5,"Ideal","G","SI1",62,56,11079,7.29,7.33,4.53
"13269",53843,0.71,"Ideal","H","VVS1",62,57,2739,5.71,5.75,3.55
"13270",51962,0.3,"Ideal","G","VS2",61.6,57,545,4.3,4.33,2.66
"13271",5262,1.12,"Very Good","E","SI2",60.9,63,3794,6.59,6.65,4.03
"13272",1158,0.7,"Ideal","I","VS1",61.5,56,2924,5.71,5.75,3.52
"13273",49032,0.51,"Ideal","F","VVS2",60.4,56,2054,5.18,5.22,3.14
"13274",7467,0.9,"Premium","H","VS1",60.2,58,4234,6.32,6.28,3.79
"13275",46430,0.54,"Premium","D","SI1",58.3,61,1770,5.38,5.32,3.12
"13276",50443,0.8,"Very Good","H","SI2",59.7,58,2263,6.03,6.09,3.62
"13277",28661,0.39,"Ideal","E","SI1",62,56,676,4.72,4.65,2.91
"13278",7062,0.33,"Premium","I","VVS2",61,59,579,4.41,4.44,2.7
"13279",24664,2.1,"Fair","G","SI2",65.2,56,13007,7.97,7.93,5.19
"13280",35666,0.31,"Ideal","H","VVS1",61.8,57,907,4.35,4.32,2.68
"13281",4118,0.79,"Very Good","E","VS2",62.7,56,3539,5.85,5.88,3.68
"13282",10676,1.12,"Ideal","J","SI1",62.4,57,4840,6.65,6.6,4.14
"13283",50538,0.7,"Very Good","E","SI1",61.3,61,2275,5.66,5.7,3.48
"13284",30592,0.31,"Ideal","D","VS2",62.1,56,734,4.34,4.35,2.7
"13285",46381,0.7,"Good","I","SI1",61.6,63,1763,5.59,5.68,3.47
"13286",9623,0.9,"Very Good","F","VS2",63.4,57,4637,6.19,6.08,3.89
"13287",20371,0.31,"Very Good","G","VS1",59.6,61,625,4.35,4.38,2.6
"13288",27088,2.15,"Ideal","H","SI2",61.8,57,17219,8.3,8.24,5.11
"13289",46728,0.7,"Very Good","I","SI2",62.4,58,1795,5.64,5.68,3.53
"13290",33980,0.38,"Very Good","D","VS2",61,58,847,4.7,4.75,2.88
"13291",12075,1.62,"Premium","J","SI2",61.8,59,5157,7.48,7.44,4.61
"13292",24108,1.51,"Premium","D","SI1",61.1,60,12261,7.37,7.32,4.49
"13293",13700,1.2,"Good","I","VS1",64.8,58,5600,6.6,6.65,4.29
"13294",8072,0.74,"Good","F","VVS1",58.4,60,4336,6.03,6.06,3.53
"13295",9014,1.01,"Very Good","H","SI1",63.5,62,4513,6.36,6.24,4
"13296",46988,0.46,"Ideal","E","VVS1",62.6,53,1816,4.93,4.97,3.1
"13297",50155,0.75,"Premium","G","SI2",61,58,2216,5.9,5.94,3.61
"13298",31110,0.41,"Very Good","J","VVS2",63.1,60,754,4.67,4.71,2.96
"13299",2576,0.71,"Ideal","E","VS1",61.9,54,3212,5.74,5.76,3.56
"13300",26926,2.01,"Very Good","E","SI1",60.8,59,16956,8.14,8.2,4.97
"13301",31274,0.32,"Ideal","I","VS2",61.6,56,449,4.37,4.39,2.7
"13302",17766,1.64,"Good","G","SI2",63.8,58,7154,7.45,7.41,4.74
"13303",45967,0.24,"Good","E","VVS1",58,60,526,4.08,4.12,2.38
"13304",17650,1.28,"Ideal","H","SI1",61.8,57,7109,7.02,6.97,4.32
"13305",3119,0.79,"Ideal","H","VVS2",62,55.9,3324,5.88,5.95,3.67
"13306",21975,1.76,"Premium","I","SI2",62,58,10043,7.76,7.72,4.8
"13307",49368,0.7,"Ideal","E","SI2",62.9,56,2100,5.66,5.6,3.54
"13308",10549,1.12,"Ideal","I","SI1",61.7,58,4811,6.66,6.6,4.09
"13309",37101,0.41,"Good","E","SI1",63.9,58,969,4.72,4.7,3.01
"13310",44381,0.5,"Premium","E","VS2",60.5,60,1581,5.09,5.13,3.09
"13311",42455,0.5,"Good","E","SI1",63.7,56,1316,5.02,5.06,3.21
"13312",17320,1.25,"Ideal","H","VS2",60,56,6944,7.04,6.99,4.21
"13313",9970,1.14,"Good","I","SI1",63.5,56,4702,6.58,6.62,4.19
"13314",1821,0.76,"Good","F","VS1",59.9,61,3057,5.89,5.98,3.56
"13315",22391,1.35,"Premium","G","VS1",61,59,10415,7.15,7.09,4.34
"13316",38147,0.3,"Very Good","G","VVS1",63.5,57,1013,4.27,4.23,2.7
"13317",36788,0.34,"Ideal","E","VS2",62.1,55,956,4.49,4.47,2.78
"13318",25093,2.15,"Very Good","J","SI1",62.4,60,13622,8.18,8.24,5.12
"13319",21137,1.52,"Premium","I","SI1",62.8,62,9295,7.29,7.23,4.56
"13320",17288,1.12,"Very Good","F","VS2",62,58,6925,6.63,6.69,4.13
"13321",26010,1.52,"Ideal","E","VS2",62.2,57,15239,7.34,7.38,4.58
"13322",22103,1.52,"Ideal","F","SI2",61.9,57,10129,7.37,7.33,4.55
"13323",38118,0.3,"Ideal","H","IF",61.8,55,1013,4.31,4.3,2.66
"13324",30255,0.3,"Very Good","G","VVS1",60.7,56,725,4.32,4.35,2.63
"13325",27216,1.59,"Premium","E","VS1",61.2,58,17552,7.58,7.49,4.61
"13326",12758,1.2,"Very Good","I","VS1",63.1,58,5322,6.7,6.62,4.2
"13327",41632,0.32,"Very Good","H","SI2",63.2,55,504,4.36,4.34,2.75
"13328",49760,0.59,"Ideal","G","VS2",61.7,55,2159,5.38,5.41,3.33
"13329",43182,0.59,"Very Good","I","VS2",63.4,56,1391,5.37,5.33,3.39
"13330",18524,1.31,"Premium","H","VS2",61.4,59,7550,7.01,6.96,4.29
"13331",6660,0.72,"Ideal","E","VVS2",62,54.9,4094,5.75,5.78,3.57
"13332",5790,0.82,"Ideal","E","VS2",61.9,57,3903,6.01,5.98,3.71
"13333",11325,1.12,"Premium","I","VS1",59.6,58,4987,6.82,6.77,4.05
"13334",7975,1.17,"Premium","F","SI2",59.6,60,4324,6.88,6.85,4.09
"13335",45356,0.52,"Ideal","D","VS2",61.4,56,1664,5.16,5.19,3.18
"13336",30417,0.32,"Premium","G","VVS2",62.3,58,730,4.35,4.38,2.72
"13337",35116,0.3,"Ideal","F","IF",61.8,56,886,4.31,4.33,2.67
"13338",47980,0.32,"Ideal","E","SI1",62.1,54,532,4.4,4.42,2.74
"13339",3431,0.78,"Very Good","E","SI1",59.8,57,3385,5.98,6.02,3.59
"13340",48111,0.5,"Premium","G","VVS2",60.9,59,1935,5.12,5.09,3.11
"13341",11237,1.09,"Ideal","H","SI1",61.8,57,4965,6.57,6.6,4.07
"13342",20552,1.51,"Fair","E","SI1",65.3,62,8869,7.16,7.09,4.65
"13343",20336,1.5,"Ideal","G","SI2",61.4,56,8736,7.38,7.34,4.52
"13344",43814,0.51,"Ideal","E","SI1",61.1,56,1443,5.2,5.17,3.17
"13345",42599,0.5,"Ideal","E","SI1",59.1,61,1331,5.16,5.19,3.06
"13346",53765,0.7,"Very Good","D","SI1",62.6,57,2726,5.67,5.7,3.56
"13347",26283,2.14,"Very Good","I","SI1",61.3,61,15769,8.28,8.32,5.09
"13348",17640,1.22,"Premium","H","VS1",62.7,56,7105,6.82,6.74,4.25
"13349",44057,0.5,"Very Good","F","VS1",59.9,61,1550,5.13,5.16,3.08
"13350",372,0.58,"Ideal","E","VVS2",60.9,56,2808,5.41,5.43,3.3
"13351",13343,1.26,"Premium","I","SI1",60.9,58,5504,6.99,6.94,4.24
"13352",15790,1,"Very Good","F","VS2",62.7,58,6319,6.38,6.41,4.01
"13353",47659,0.23,"Very Good","E","VVS2",60.9,60,530,3.96,3.99,2.42
"13354",48252,0.53,"Ideal","D","VS1",61.3,56,1952,5.21,5.23,3.2
"13355",47175,0.54,"Premium","I","IF",58.8,61,1836,5.35,5.29,3.13
"13356",5673,0.9,"Good","E","SI1",58.1,64,3884,6.26,6.28,3.64
"13357",37229,0.4,"Ideal","E","VS2",62.3,56,975,4.75,4.72,2.95
"13358",30589,0.31,"Ideal","D","VS2",61.5,56,734,4.35,4.37,2.68
"13359",33505,0.32,"Ideal","G","VS1",61.2,56,828,4.43,4.39,2.7
"13360",16966,1.22,"Premium","H","SI1",61.8,57,6776,6.86,6.82,4.23
"13361",7305,1,"Good","F","SI2",62,59,4204,6.32,6.36,3.93
"13362",35010,0.4,"Good","F","SI1",63.6,56,882,4.68,4.63,2.96
"13363",18290,1.22,"Ideal","I","VS2",60.4,57,7430,6.91,6.99,4.2
"13364",45131,0.52,"Very Good","E","VS2",62.5,58,1653,5.13,5.18,3.22
"13365",35877,0.48,"Ideal","F","SI2",61,57,918,5.05,5.08,3.09
"13366",40157,0.35,"Premium","G","IF",60.6,60,1116,4.57,4.54,2.76
"13367",34172,0.33,"Ideal","G","VS1",61.8,56,854,4.45,4.42,2.74
"13368",18279,1.56,"Very Good","J","SI1",59.6,58,7424,7.55,7.59,4.51
"13369",43786,0.46,"Ideal","G","IF",62.5,57,1441,4.89,4.94,3.07
"13370",20183,1.52,"Premium","D","SI2",62.8,58,8631,7.37,7.28,4.6
"13371",51194,0.7,"Premium","E","SI1",60.1,58,2349,5.81,5.83,3.5
"13372",16285,1.33,"Very Good","I","SI1",62.6,56,6513,6.97,7.03,4.38
"13373",51865,0.52,"Ideal","D","VVS2",62,56,2426,5.14,5.18,3.2
"13374",14502,1.33,"Ideal","J","SI1",62.4,54,5857,7.04,7.07,4.4
"13375",8805,1.01,"Very Good","H","SI2",63.5,58,4475,6.29,6.37,4.02
"13376",44870,0.63,"Ideal","G","SI1",61.7,54,1628,5.52,5.56,3.42
"13377",5123,0.92,"Very Good","F","SI2",62.9,58,3763,6.18,6.22,3.9
"13378",44458,0.57,"Very Good","J","IF",59.8,59,1592,5.39,5.41,3.23
"13379",7459,0.9,"Premium","H","VS1",62.4,58,4234,6.19,6.15,3.85
"13380",16602,1.1,"Ideal","H","VS1",61.7,56,6630,6.61,6.65,4.09
"13381",38783,0.31,"Ideal","H","IF",61.8,56,1046,4.38,4.36,2.7
"13382",33044,0.32,"Ideal","G","VVS1",61.8,54,814,4.41,4.43,2.73
"13383",45052,0.52,"Very Good","E","VS2",63,58,1641,5.07,5.12,3.21
"13384",23627,1.45,"Premium","F","VS2",61.1,58,11650,7.31,7.23,4.44
"13385",6995,1.06,"Premium","F","SI1",61.9,59,4155,6.57,6.52,4.05
"13386",574,0.85,"Ideal","H","SI2",62.5,57,2833,6.02,6.07,3.78
"13387",38461,0.38,"Very Good","D","VVS2",63.8,57,1030,4.57,4.61,2.93
"13388",45839,0.7,"Ideal","H","SI2",60.6,54,1715,5.73,5.65,3.45
"13389",38818,0.39,"Ideal","I","VS1",62.5,54,1047,4.7,4.67,2.92
"13390",25211,1.51,"Ideal","G","VS1",62.8,56,13811,7.29,7.24,4.56
"13391",4427,0.72,"Very Good","G","IF",60.7,56,3614,5.78,5.81,3.52
"13392",36320,0.32,"Ideal","G","VVS2",61.8,55,936,4.43,4.41,2.73
"13393",37673,0.42,"Premium","E","SI1",62.8,59,992,4.78,4.74,2.99
"13394",27264,2.01,"Premium","H","SI1",62.7,59,17688,8.03,8.08,5.05
"13395",36278,0.3,"Ideal","G","SI1",62.3,57,477,4.29,4.31,2.68
"13396",47228,0.6,"Ideal","D","SI1",62.3,57,1840,5.42,5.37,3.36
"13397",44013,0.51,"Premium","G","VS2",62.4,57,1546,5.11,5.09,3.18
"13398",17301,1.01,"Premium","G","VS1",60.7,58,6932,6.49,6.52,3.95
"13399",8036,0.9,"Premium","E","VS2",62.9,58,4334,6.15,6.12,3.86
"13400",30952,0.32,"Ideal","I","VS2",62.2,57,449,4.39,4.42,2.74
"13401",2267,0.95,"Very Good","J","SI1",63.4,55,3154,6.25,6.21,3.95
"13402",46345,0.7,"Ideal","E","SI1",62.3,56,1758,5.68,5.62,3.52
"13403",16003,1.47,"Premium","I","SI2",61.6,59,6403,7.29,7.32,4.5
"13404",8719,0.32,"Ideal","F","SI1",60.9,55,586,4.46,4.53,2.72
"13405",27731,2.08,"Ideal","H","SI1",58.7,60,18760,8.36,8.4,4.92
"13406",13206,1.11,"Ideal","H","SI1",62.3,55,5456,6.7,6.65,4.16
"13407",11380,0.34,"Very Good","E","SI1",62.9,56,596,4.45,4.48,2.81
"13408",34992,0.4,"Very Good","D","VS2",61.6,59,881,4.7,4.75,2.91
"13409",33254,0.32,"Ideal","E","VS1",61.8,56,825,4.4,4.43,2.73
"13410",10770,1.24,"Premium","H","SI2",62.1,58,4854,6.92,6.88,4.28
"13411",53273,0.75,"Fair","F","VS2",65.4,58,2648,5.63,5.68,3.7
"13412",48059,0.55,"Premium","D","VS2",61.3,60,1928,5.28,5.29,3.24
"13413",5246,1,"Very Good","F","SI2",62.7,58,3789,6.3,6.36,3.97
"13414",3802,1,"Very Good","J","SI1",61.9,62,3465,6.33,6.36,3.93
"13415",1239,1.01,"Fair","G","SI2",67.1,59,2942,6.27,6.19,4.18
"13416",43862,0.5,"Ideal","G","VS2",62,56,1449,5.08,5.11,3.16
"13417",28884,0.44,"Good","E","SI2",63.2,59,684,4.8,4.85,3.05
"13418",30093,0.32,"Premium","H","VS1",61.7,58,720,4.41,4.37,2.71
"13419",3157,0.9,"Very Good","I","VS2",58.4,62,3334,6.29,6.35,3.69
"13420",44345,0.56,"Very Good","H","VS1",62.8,56,1580,5.23,5.28,3.3
"13421",21456,1.05,"Ideal","G","VVS2",61.4,56,9555,6.54,6.59,4.03
"13422",42285,0.36,"Ideal","I","SI1",61.3,55,505,4.6,4.64,2.83
"13423",12838,1.08,"Ideal","G","SI1",61.8,56,5352,6.58,6.55,4.06
"13424",1257,0.73,"Premium","D","VS2",60.9,59,2947,5.82,5.77,3.53
"13425",43526,0.59,"Ideal","D","SI2",59.1,57,1425,5.52,5.48,3.25
"13426",19788,1.13,"Very Good","E","VS2",61.9,61,8358,6.61,6.64,4.1
"13427",40322,0.5,"Premium","J","SI1",60.7,58,1125,5.13,5.11,3.11
"13428",20386,0.31,"Premium","G","VS1",59.5,59,625,4.4,4.47,2.64
"13429",52497,0.77,"Premium","I","VS1",62.6,55,2524,5.9,5.85,3.68
"13430",15228,1.01,"Good","D","VS2",67,57,6113,6.11,6.22,4.13
"13431",51114,0.52,"Ideal","G","VVS2",61.7,55,2338,5.21,5.23,3.22
"13432",47795,0.71,"Ideal","J","VS2",62.4,54,1899,5.72,5.76,3.58
"13433",23488,1.5,"Premium","D","SI1",60.5,59,11489,7.44,7.39,4.49
"13434",34484,0.43,"Very Good","G","VS2",62.9,59,867,4.78,4.83,3.02
"13435",22889,1.64,"Ideal","F","SI2",61.4,57,10929,7.59,7.55,4.65
"13436",3401,0.3,"Premium","I","VS1",61.6,61,567,4.28,4.23,2.62
"13437",27903,0.32,"Very Good","E","VS2",61.3,57,656,4.38,4.41,2.69
"13438",2386,0.4,"Good","H","SI2",63.8,57,561,4.67,4.7,2.99
"13439",21301,1.51,"Fair","H","VS2",65,64,9452,7.1,7.03,4.59
"13440",29796,0.3,"Premium","D","SI1",61.6,58,709,4.32,4.29,2.65
"13441",3613,0.82,"Ideal","F","SI1",61.1,56,3428,6.06,6.08,3.71
"13442",2980,1.05,"Ideal","G","SI2",59.6,57,3299,6.58,6.53,3.91
"13443",11838,1,"Ideal","G","SI1",63,55,5096,6.42,6.41,4.04
"13444",23734,1.52,"Very Good","F","SI1",61.4,59,11776,7.39,7.46,4.56
"13445",5628,0.71,"Premium","D","VVS2",60.4,59,3877,5.73,5.69,3.45
"13446",26170,1.53,"Premium","G","VVS2",62.5,60,15505,7.34,7.31,4.58
"13447",26350,0.32,"Premium","F","VS2",60.6,59,645,4.4,4.44,2.68
"13448",9412,1.01,"Very Good","D","SI2",62.2,60,4588,6.4,6.43,3.99
"13449",50015,0.7,"Premium","F","SI1",60.4,58,2196,5.76,5.82,3.5
"13450",26775,2.04,"Very Good","I","VS2",61,61,16616,8.08,8.14,4.95
"13451",1851,0.7,"Ideal","F","VS2",61.6,55,3064,5.72,5.75,3.53
"13452",12511,0.92,"Good","D","SI1",60.2,56,5259,6.28,6.32,3.79
"13453",11604,1.24,"Very Good","J","SI1",61.6,60,5045,6.89,6.95,4.26
"13454",47638,0.51,"Ideal","D","VS2",61.2,55,1882,5.17,5.13,3.15
"13455",11918,1.21,"Ideal","I","SI1",62.4,55,5124,6.78,6.81,4.24
"13456",8287,1.09,"Ideal","H","SI2",60,59,4383,6.72,6.77,4.05
"13457",35943,0.33,"Ideal","G","SI1",61.3,56,475,4.45,4.49,2.74
"13458",14645,1.1,"Very Good","H","VS2",61.3,58,5914,6.63,6.74,4.1
"13459",30587,0.31,"Premium","E","VS1",60.5,59,734,4.36,4.37,2.64
"13460",21047,0.31,"Premium","F","VS2",61.4,58,625,4.36,4.4,2.69
"13461",34437,0.5,"Premium","G","SI2",62.4,61,863,5.02,4.98,3.12
"13462",26237,1.71,"Premium","G","VS2",59.3,60,15671,7.86,7.81,4.65
"13463",20158,1.5,"Ideal","H","SI2",62.8,55,8614,7.27,7.31,4.58
"13464",49059,0.7,"Very Good","H","SI2",60.7,57,2058,5.72,5.75,3.48
"13465",42121,0.5,"Good","F","VS2",57.8,63,1279,5.2,5.15,2.99
"13466",18742,1.02,"Very Good","G","VVS1",63,58,7657,6.4,6.43,4.04
"13467",14929,1.34,"Ideal","J","VS1",62,57,6010,7.12,7.04,4.39
"13468",21749,1.1,"Ideal","F","VVS2",61.2,56,9817,6.68,6.65,4.08
"13469",48893,0.57,"Ideal","F","VS1",61.3,56,2039,5.35,5.36,3.28
"13470",18103,1.51,"Premium","H","SI2",63,59,7321,7.26,7.16,4.54
"13471",24476,2.05,"Ideal","F","SI2",62.2,57,12743,8.19,8.12,5.07
"13472",47490,0.72,"Ideal","J","SI1",62.3,56,1864,5.75,5.78,3.59
"13473",5515,0.9,"Very Good","F","SI1",63.6,58,3848,6.08,6.12,3.88
"13474",12237,1.01,"Good","G","VS2",63.1,55,5199,6.36,6.38,4.02
"13475",3785,0.74,"Premium","E","VS1",61.1,58,3462,5.81,5.84,3.56
"13476",41069,0.54,"Ideal","G","SI2",61.4,56,1192,5.27,5.29,3.24
"13477",8102,1.01,"Very Good","J","SI1",61.9,58,4346,6.36,6.4,3.95
"13478",8330,1,"Good","E","SI2",61,61,4394,6.37,6.44,3.91
"13479",22080,1.61,"Ideal","I","VS2",62.5,57,10098,7.49,7.43,4.66
"13480",35050,0.36,"Ideal","G","VVS1",62.1,56,884,4.58,4.6,2.85
"13481",28281,0.31,"Good","J","SI1",63.5,55,363,4.3,4.33,2.74
"13482",2213,1,"Fair","G","SI2",68.3,54,3142,6.21,6.12,4.2
"13483",21971,1.59,"Premium","I","VS2",60.2,60,10039,7.58,7.61,4.57
"13484",42407,0.57,"Premium","H","SI1",59.3,58,1309,5.46,5.4,3.22
"13485",40626,0.41,"Ideal","E","VS1",60.9,57,1153,4.79,4.76,2.91
